{"efVersion":"0.11.6","efModuleName":["DOM","Websocket","Event","CloseEvent"],"efExports":[{"ValueRef":[{"start":[1,1],"name":"/home/dhruv/Final/bower_components/purescript-dom/src/DOM/Websocket/Event/CloseEvent.purs","end":[7,42]},{"Ident":"code"}]},{"ValueRef":[{"start":[1,1],"name":"/home/dhruv/Final/bower_components/purescript-dom/src/DOM/Websocket/Event/CloseEvent.purs","end":[7,42]},{"Ident":"reason"}]},{"ValueRef":[{"start":[1,1],"name":"/home/dhruv/Final/bower_components/purescript-dom/src/DOM/Websocket/Event/CloseEvent.purs","end":[7,42]},{"Ident":"wasClean"}]}],"efImports":[{"eiModule":["Prim"],"eiImportType":{"Implicit":[]},"eiImportedAs":null},{"eiModule":["Prim"],"eiImportType":{"Implicit":[]},"eiImportedAs":["Prim"]},{"eiModule":["DOM","Websocket","Event","Types"],"eiImportType":{"Explicit":[{"TypeRef":[{"start":[3,35],"name":"/home/dhruv/Final/bower_components/purescript-dom/src/DOM/Websocket/Event/CloseEvent.purs","end":[3,45]},"CloseEvent",[]]}]},"eiImportedAs":null}],"efFixities":[],"efTypeFixities":[],"efDeclarations":[{"EDValue":{"edValueName":{"Ident":"code"},"edValueType":{"tag":"TypeApp","contents":[{"tag":"TypeApp","contents":[{"tag":"TypeConstructor","contents":[["Prim"],"Function"]},{"tag":"TypeConstructor","contents":[["DOM","Websocket","Event","Types"],"CloseEvent"]}]},{"tag":"TypeConstructor","contents":[["Prim"],"Int"]}]}}},{"EDValue":{"edValueName":{"Ident":"reason"},"edValueType":{"tag":"TypeApp","contents":[{"tag":"TypeApp","contents":[{"tag":"TypeConstructor","contents":[["Prim"],"Function"]},{"tag":"TypeConstructor","contents":[["DOM","Websocket","Event","Types"],"CloseEvent"]}]},{"tag":"TypeConstructor","contents":[["Prim"],"String"]}]}}},{"EDValue":{"edValueName":{"Ident":"wasClean"},"edValueType":{"tag":"TypeApp","contents":[{"tag":"TypeApp","contents":[{"tag":"TypeConstructor","contents":[["Prim"],"Function"]},{"tag":"TypeConstructor","contents":[["DOM","Websocket","Event","Types"],"CloseEvent"]}]},{"tag":"TypeConstructor","contents":[["Prim"],"Boolean"]}]}}}],"efSourceSpan":{"start":[1,1],"name":"/home/dhruv/Final/bower_components/purescript-dom/src/DOM/Websocket/Event/CloseEvent.purs","end":[7,42]}}