{"efVersion":"0.11.6","efModuleName":["DOM","Websocket","Event","Types"],"efExports":[{"TypeRef":[{"start":[1,1],"name":"/home/dhruv/Final/bower_components/purescript-dom/src/DOM/Websocket/Event/Types.purs","end":[21,37]},"CloseEvent",[]]},{"TypeRef":[{"start":[1,1],"name":"/home/dhruv/Final/bower_components/purescript-dom/src/DOM/Websocket/Event/Types.purs","end":[21,37]},"MessageEvent",[]]},{"ValueRef":[{"start":[1,1],"name":"/home/dhruv/Final/bower_components/purescript-dom/src/DOM/Websocket/Event/Types.purs","end":[21,37]},{"Ident":"closeEventToEvent"}]},{"ValueRef":[{"start":[1,1],"name":"/home/dhruv/Final/bower_components/purescript-dom/src/DOM/Websocket/Event/Types.purs","end":[21,37]},{"Ident":"messageEventToEvent"}]},{"ValueRef":[{"start":[1,1],"name":"/home/dhruv/Final/bower_components/purescript-dom/src/DOM/Websocket/Event/Types.purs","end":[21,37]},{"Ident":"readCloseEvent"}]},{"ValueRef":[{"start":[1,1],"name":"/home/dhruv/Final/bower_components/purescript-dom/src/DOM/Websocket/Event/Types.purs","end":[21,37]},{"Ident":"readMessageEvent"}]}],"efImports":[{"eiModule":["Prim"],"eiImportType":{"Implicit":[]},"eiImportedAs":null},{"eiModule":["Prim"],"eiImportType":{"Implicit":[]},"eiImportedAs":["Prim"]},{"eiModule":["Data","Foreign"],"eiImportType":{"Explicit":[{"TypeRef":[{"start":[3,22],"name":"/home/dhruv/Final/bower_components/purescript-dom/src/DOM/Websocket/Event/Types.purs","end":[3,29]},"Foreign",[]]},{"TypeRef":[{"start":[3,31],"name":"/home/dhruv/Final/bower_components/purescript-dom/src/DOM/Websocket/Event/Types.purs","end":[3,32]},"F",[]]},{"ValueRef":[{"start":[3,34],"name":"/home/dhruv/Final/bower_components/purescript-dom/src/DOM/Websocket/Event/Types.purs","end":[3,50]},{"Ident":"unsafeReadTagged"}]}]},"eiImportedAs":null},{"eiModule":["DOM","Event","Types"],"eiImportType":{"Explicit":[{"TypeRef":[{"start":[4,25],"name":"/home/dhruv/Final/bower_components/purescript-dom/src/DOM/Websocket/Event/Types.purs","end":[4,30]},"Event",[]]}]},"eiImportedAs":null},{"eiModule":["Unsafe","Coerce"],"eiImportType":{"Implicit":[]},"eiImportedAs":["U"]}],"efFixities":[],"efTypeFixities":[],"efDeclarations":[{"EDType":{"edTypeName":"CloseEvent","edTypeKind":{"tag":"NamedKind","contents":[["Prim"],"Type"]},"edTypeDeclarationKind":"ExternData"}},{"EDType":{"edTypeName":"MessageEvent","edTypeKind":{"tag":"NamedKind","contents":[["Prim"],"Type"]},"edTypeDeclarationKind":"ExternData"}},{"EDValue":{"edValueName":{"Ident":"closeEventToEvent"},"edValueType":{"tag":"TypeApp","contents":[{"tag":"TypeApp","contents":[{"tag":"TypeConstructor","contents":[["Prim"],"Function"]},{"tag":"TypeConstructor","contents":[["DOM","Websocket","Event","Types"],"CloseEvent"]}]},{"tag":"TypeConstructor","contents":[["DOM","Event","Types"],"Event"]}]}}},{"EDValue":{"edValueName":{"Ident":"messageEventToEvent"},"edValueType":{"tag":"TypeApp","contents":[{"tag":"TypeApp","contents":[{"tag":"TypeConstructor","contents":[["Prim"],"Function"]},{"tag":"TypeConstructor","contents":[["DOM","Websocket","Event","Types"],"MessageEvent"]}]},{"tag":"TypeConstructor","contents":[["DOM","Event","Types"],"Event"]}]}}},{"EDValue":{"edValueName":{"Ident":"readCloseEvent"},"edValueType":{"tag":"TypeApp","contents":[{"tag":"TypeApp","contents":[{"tag":"TypeConstructor","contents":[["Prim"],"Function"]},{"tag":"TypeConstructor","contents":[["Data","Foreign"],"Foreign"]}]},{"tag":"TypeApp","contents":[{"tag":"TypeApp","contents":[{"tag":"TypeApp","contents":[{"tag":"TypeConstructor","contents":[["Control","Monad","Except","Trans"],"ExceptT"]},{"tag":"TypeApp","contents":[{"tag":"TypeConstructor","contents":[["Data","List","Types"],"NonEmptyList"]},{"tag":"TypeConstructor","contents":[["Data","Foreign"],"ForeignError"]}]}]},{"tag":"TypeConstructor","contents":[["Data","Identity"],"Identity"]}]},{"tag":"TypeConstructor","contents":[["DOM","Websocket","Event","Types"],"CloseEvent"]}]}]}}},{"EDValue":{"edValueName":{"Ident":"readMessageEvent"},"edValueType":{"tag":"TypeApp","contents":[{"tag":"TypeApp","contents":[{"tag":"TypeConstructor","contents":[["Prim"],"Function"]},{"tag":"TypeConstructor","contents":[["Data","Foreign"],"Foreign"]}]},{"tag":"TypeApp","contents":[{"tag":"TypeApp","contents":[{"tag":"TypeApp","contents":[{"tag":"TypeConstructor","contents":[["Control","Monad","Except","Trans"],"ExceptT"]},{"tag":"TypeApp","contents":[{"tag":"TypeConstructor","contents":[["Data","List","Types"],"NonEmptyList"]},{"tag":"TypeConstructor","contents":[["Data","Foreign"],"ForeignError"]}]}]},{"tag":"TypeConstructor","contents":[["Data","Identity"],"Identity"]}]},{"tag":"TypeConstructor","contents":[["DOM","Websocket","Event","Types"],"MessageEvent"]}]}]}}}],"efSourceSpan":{"start":[1,1],"name":"/home/dhruv/Final/bower_components/purescript-dom/src/DOM/Websocket/Event/Types.purs","end":[21,37]}}