{"efVersion":"0.11.6","efModuleName":["DOM","File","Types"],"efExports":[{"TypeRef":[{"start":[1,1],"name":"/home/dhruv/Final/bower_components/purescript-dom/src/DOM/File/Types.purs","end":[21,33]},"Blob",[]]},{"TypeRef":[{"start":[1,1],"name":"/home/dhruv/Final/bower_components/purescript-dom/src/DOM/File/Types.purs","end":[21,33]},"BlobURL",[]]},{"TypeRef":[{"start":[1,1],"name":"/home/dhruv/Final/bower_components/purescript-dom/src/DOM/File/Types.purs","end":[21,33]},"File",[]]},{"TypeRef":[{"start":[1,1],"name":"/home/dhruv/Final/bower_components/purescript-dom/src/DOM/File/Types.purs","end":[21,33]},"FileList",[]]},{"TypeRef":[{"start":[1,1],"name":"/home/dhruv/Final/bower_components/purescript-dom/src/DOM/File/Types.purs","end":[21,33]},"FileReader",[]]},{"TypeRef":[{"start":[1,1],"name":"/home/dhruv/Final/bower_components/purescript-dom/src/DOM/File/Types.purs","end":[21,33]},"FileReaderSync",[]]},{"ValueRef":[{"start":[1,1],"name":"/home/dhruv/Final/bower_components/purescript-dom/src/DOM/File/Types.purs","end":[21,33]},{"Ident":"fileReaderToEventTarget"}]},{"ValueRef":[{"start":[1,1],"name":"/home/dhruv/Final/bower_components/purescript-dom/src/DOM/File/Types.purs","end":[21,33]},{"Ident":"fileToBlob"}]},{"ValueRef":[{"start":[1,1],"name":"/home/dhruv/Final/bower_components/purescript-dom/src/DOM/File/Types.purs","end":[21,33]},{"Ident":"readFileList"}]}],"efImports":[{"eiModule":["Prim"],"eiImportType":{"Implicit":[]},"eiImportedAs":null},{"eiModule":["Prim"],"eiImportType":{"Implicit":[]},"eiImportedAs":["Prim"]},{"eiModule":["DOM","Event","Types"],"eiImportType":{"Explicit":[{"TypeRef":[{"start":[3,25],"name":"/home/dhruv/Final/bower_components/purescript-dom/src/DOM/File/Types.purs","end":[3,36]},"EventTarget",[]]}]},"eiImportedAs":null},{"eiModule":["Data","Foreign"],"eiImportType":{"Explicit":[{"TypeRef":[{"start":[4,22],"name":"/home/dhruv/Final/bower_components/purescript-dom/src/DOM/File/Types.purs","end":[4,29]},"Foreign",[]]},{"TypeRef":[{"start":[4,31],"name":"/home/dhruv/Final/bower_components/purescript-dom/src/DOM/File/Types.purs","end":[4,32]},"F",[]]},{"ValueRef":[{"start":[4,34],"name":"/home/dhruv/Final/bower_components/purescript-dom/src/DOM/File/Types.purs","end":[4,50]},{"Ident":"unsafeReadTagged"}]}]},"eiImportedAs":null},{"eiModule":["Unsafe","Coerce"],"eiImportType":{"Explicit":[{"ValueRef":[{"start":[5,23],"name":"/home/dhruv/Final/bower_components/purescript-dom/src/DOM/File/Types.purs","end":[5,35]},{"Ident":"unsafeCoerce"}]}]},"eiImportedAs":null}],"efFixities":[],"efTypeFixities":[],"efDeclarations":[{"EDType":{"edTypeName":"Blob","edTypeKind":{"tag":"NamedKind","contents":[["Prim"],"Type"]},"edTypeDeclarationKind":"ExternData"}},{"EDType":{"edTypeName":"BlobURL","edTypeKind":{"tag":"NamedKind","contents":[["Prim"],"Type"]},"edTypeDeclarationKind":"ExternData"}},{"EDType":{"edTypeName":"File","edTypeKind":{"tag":"NamedKind","contents":[["Prim"],"Type"]},"edTypeDeclarationKind":"ExternData"}},{"EDType":{"edTypeName":"FileList","edTypeKind":{"tag":"NamedKind","contents":[["Prim"],"Type"]},"edTypeDeclarationKind":"ExternData"}},{"EDType":{"edTypeName":"FileReader","edTypeKind":{"tag":"NamedKind","contents":[["Prim"],"Type"]},"edTypeDeclarationKind":"ExternData"}},{"EDType":{"edTypeName":"FileReaderSync","edTypeKind":{"tag":"NamedKind","contents":[["Prim"],"Type"]},"edTypeDeclarationKind":"ExternData"}},{"EDValue":{"edValueName":{"Ident":"fileReaderToEventTarget"},"edValueType":{"tag":"TypeApp","contents":[{"tag":"TypeApp","contents":[{"tag":"TypeConstructor","contents":[["Prim"],"Function"]},{"tag":"TypeConstructor","contents":[["DOM","File","Types"],"FileReader"]}]},{"tag":"TypeConstructor","contents":[["DOM","Event","Types"],"EventTarget"]}]}}},{"EDValue":{"edValueName":{"Ident":"fileToBlob"},"edValueType":{"tag":"TypeApp","contents":[{"tag":"TypeApp","contents":[{"tag":"TypeConstructor","contents":[["Prim"],"Function"]},{"tag":"TypeConstructor","contents":[["DOM","File","Types"],"File"]}]},{"tag":"TypeConstructor","contents":[["DOM","File","Types"],"Blob"]}]}}},{"EDValue":{"edValueName":{"Ident":"readFileList"},"edValueType":{"tag":"TypeApp","contents":[{"tag":"TypeApp","contents":[{"tag":"TypeConstructor","contents":[["Prim"],"Function"]},{"tag":"TypeConstructor","contents":[["Data","Foreign"],"Foreign"]}]},{"tag":"TypeApp","contents":[{"tag":"TypeApp","contents":[{"tag":"TypeApp","contents":[{"tag":"TypeConstructor","contents":[["Control","Monad","Except","Trans"],"ExceptT"]},{"tag":"TypeApp","contents":[{"tag":"TypeConstructor","contents":[["Data","List","Types"],"NonEmptyList"]},{"tag":"TypeConstructor","contents":[["Data","Foreign"],"ForeignError"]}]}]},{"tag":"TypeConstructor","contents":[["Data","Identity"],"Identity"]}]},{"tag":"TypeConstructor","contents":[["DOM","File","Types"],"FileList"]}]}]}}}],"efSourceSpan":{"start":[1,1],"name":"/home/dhruv/Final/bower_components/purescript-dom/src/DOM/File/Types.purs","end":[21,33]}}