{"efVersion":"0.11.6","efModuleName":["DOM","Event","TouchEvent"],"efExports":[{"TypeRef":[{"start":[1,1],"name":"/home/dhruv/Final/bower_components/purescript-dom/src/DOM/Event/TouchEvent.purs","end":[74,42]},"Touch",[]]},{"ReExportRef":[{"start":[1,1],"name":"/home/dhruv/Final/bower_components/purescript-dom/src/DOM/Event/TouchEvent.purs","end":[74,42]},["DOM","Event","Types"],{"TypeRef":[{"start":[1,1],"name":"/home/dhruv/Final/bower_components/purescript-dom/src/DOM/Event/TouchEvent.purs","end":[74,42]},"TouchEvent",[]]}]},{"TypeRef":[{"start":[1,1],"name":"/home/dhruv/Final/bower_components/purescript-dom/src/DOM/Event/TouchEvent.purs","end":[74,42]},"TouchList",[]]},{"ValueRef":[{"start":[1,1],"name":"/home/dhruv/Final/bower_components/purescript-dom/src/DOM/Event/TouchEvent.purs","end":[74,42]},{"Ident":"altKey"}]},{"ValueRef":[{"start":[1,1],"name":"/home/dhruv/Final/bower_components/purescript-dom/src/DOM/Event/TouchEvent.purs","end":[74,42]},{"Ident":"changedTouches"}]},{"ValueRef":[{"start":[1,1],"name":"/home/dhruv/Final/bower_components/purescript-dom/src/DOM/Event/TouchEvent.purs","end":[74,42]},{"Ident":"clientX"}]},{"ValueRef":[{"start":[1,1],"name":"/home/dhruv/Final/bower_components/purescript-dom/src/DOM/Event/TouchEvent.purs","end":[74,42]},{"Ident":"clientY"}]},{"ValueRef":[{"start":[1,1],"name":"/home/dhruv/Final/bower_components/purescript-dom/src/DOM/Event/TouchEvent.purs","end":[74,42]},{"Ident":"ctrlKey"}]},{"ValueRef":[{"start":[1,1],"name":"/home/dhruv/Final/bower_components/purescript-dom/src/DOM/Event/TouchEvent.purs","end":[74,42]},{"Ident":"eventToTouchEvent"}]},{"ValueRef":[{"start":[1,1],"name":"/home/dhruv/Final/bower_components/purescript-dom/src/DOM/Event/TouchEvent.purs","end":[74,42]},{"Ident":"item"}]},{"ValueRef":[{"start":[1,1],"name":"/home/dhruv/Final/bower_components/purescript-dom/src/DOM/Event/TouchEvent.purs","end":[74,42]},{"Ident":"length"}]},{"ValueRef":[{"start":[1,1],"name":"/home/dhruv/Final/bower_components/purescript-dom/src/DOM/Event/TouchEvent.purs","end":[74,42]},{"Ident":"metaKey"}]},{"ValueRef":[{"start":[1,1],"name":"/home/dhruv/Final/bower_components/purescript-dom/src/DOM/Event/TouchEvent.purs","end":[74,42]},{"Ident":"pageX"}]},{"ValueRef":[{"start":[1,1],"name":"/home/dhruv/Final/bower_components/purescript-dom/src/DOM/Event/TouchEvent.purs","end":[74,42]},{"Ident":"pageY"}]},{"ReExportRef":[{"start":[1,1],"name":"/home/dhruv/Final/bower_components/purescript-dom/src/DOM/Event/TouchEvent.purs","end":[74,42]},["DOM","Event","Types"],{"ValueRef":[{"start":[1,1],"name":"/home/dhruv/Final/bower_components/purescript-dom/src/DOM/Event/TouchEvent.purs","end":[74,42]},{"Ident":"readTouchEvent"}]}]},{"ValueRef":[{"start":[1,1],"name":"/home/dhruv/Final/bower_components/purescript-dom/src/DOM/Event/TouchEvent.purs","end":[74,42]},{"Ident":"screenX"}]},{"ValueRef":[{"start":[1,1],"name":"/home/dhruv/Final/bower_components/purescript-dom/src/DOM/Event/TouchEvent.purs","end":[74,42]},{"Ident":"screenY"}]},{"ValueRef":[{"start":[1,1],"name":"/home/dhruv/Final/bower_components/purescript-dom/src/DOM/Event/TouchEvent.purs","end":[74,42]},{"Ident":"shiftKey"}]},{"ValueRef":[{"start":[1,1],"name":"/home/dhruv/Final/bower_components/purescript-dom/src/DOM/Event/TouchEvent.purs","end":[74,42]},{"Ident":"target"}]},{"ValueRef":[{"start":[1,1],"name":"/home/dhruv/Final/bower_components/purescript-dom/src/DOM/Event/TouchEvent.purs","end":[74,42]},{"Ident":"targetTouches"}]},{"ReExportRef":[{"start":[1,1],"name":"/home/dhruv/Final/bower_components/purescript-dom/src/DOM/Event/TouchEvent.purs","end":[74,42]},["DOM","Event","Types"],{"ValueRef":[{"start":[1,1],"name":"/home/dhruv/Final/bower_components/purescript-dom/src/DOM/Event/TouchEvent.purs","end":[74,42]},{"Ident":"touchEventToEvent"}]}]},{"ValueRef":[{"start":[1,1],"name":"/home/dhruv/Final/bower_components/purescript-dom/src/DOM/Event/TouchEvent.purs","end":[74,42]},{"Ident":"touches"}]},{"ModuleRef":[{"start":[2,5],"name":"/home/dhruv/Final/bower_components/purescript-dom/src/DOM/Event/TouchEvent.purs","end":[2,13]},["T"]]}],"efImports":[{"eiModule":["Prim"],"eiImportType":{"Implicit":[]},"eiImportedAs":null},{"eiModule":["Prim"],"eiImportType":{"Implicit":[]},"eiImportedAs":["Prim"]},{"eiModule":["Prelude"],"eiImportType":{"Implicit":[]},"eiImportedAs":null},{"eiModule":["DOM","Event","Types"],"eiImportType":{"Explicit":[{"TypeRef":[{"start":[25,25],"name":"/home/dhruv/Final/bower_components/purescript-dom/src/DOM/Event/TouchEvent.purs","end":[25,30]},"Event",[]]},{"TypeRef":[{"start":[25,32],"name":"/home/dhruv/Final/bower_components/purescript-dom/src/DOM/Event/TouchEvent.purs","end":[25,43]},"EventTarget",[]]},{"TypeRef":[{"start":[25,45],"name":"/home/dhruv/Final/bower_components/purescript-dom/src/DOM/Event/TouchEvent.purs","end":[25,55]},"TouchEvent",[]]},{"ValueRef":[{"start":[25,57],"name":"/home/dhruv/Final/bower_components/purescript-dom/src/DOM/Event/TouchEvent.purs","end":[25,71]},{"Ident":"readTouchEvent"}]}]},"eiImportedAs":null},{"eiModule":["DOM","Event","Types"],"eiImportType":{"Explicit":[{"TypeRef":[{"start":[26,25],"name":"/home/dhruv/Final/bower_components/purescript-dom/src/DOM/Event/TouchEvent.purs","end":[26,35]},"TouchEvent",[]]},{"ValueRef":[{"start":[26,37],"name":"/home/dhruv/Final/bower_components/purescript-dom/src/DOM/Event/TouchEvent.purs","end":[26,54]},{"Ident":"touchEventToEvent"}]},{"ValueRef":[{"start":[26,56],"name":"/home/dhruv/Final/bower_components/purescript-dom/src/DOM/Event/TouchEvent.purs","end":[26,70]},{"Ident":"readTouchEvent"}]}]},"eiImportedAs":["T"]},{"eiModule":["Data","Foreign"],"eiImportType":{"Explicit":[{"TypeRef":[{"start":[27,22],"name":"/home/dhruv/Final/bower_components/purescript-dom/src/DOM/Event/TouchEvent.purs","end":[27,23]},"F",[]]},{"ValueRef":[{"start":[27,25],"name":"/home/dhruv/Final/bower_components/purescript-dom/src/DOM/Event/TouchEvent.purs","end":[27,34]},{"Ident":"toForeign"}]}]},"eiImportedAs":null},{"eiModule":["Data","Maybe"],"eiImportType":{"Explicit":[{"TypeRef":[{"start":[28,20],"name":"/home/dhruv/Final/bower_components/purescript-dom/src/DOM/Event/TouchEvent.purs","end":[28,25]},"Maybe",[]]}]},"eiImportedAs":null},{"eiModule":["Data","Nullable"],"eiImportType":{"Explicit":[{"TypeRef":[{"start":[29,23],"name":"/home/dhruv/Final/bower_components/purescript-dom/src/DOM/Event/TouchEvent.purs","end":[29,31]},"Nullable",[]]},{"ValueRef":[{"start":[29,33],"name":"/home/dhruv/Final/bower_components/purescript-dom/src/DOM/Event/TouchEvent.purs","end":[29,40]},{"Ident":"toMaybe"}]}]},"eiImportedAs":null}],"efFixities":[],"efTypeFixities":[],"efDeclarations":[{"EDType":{"edTypeName":"Touch","edTypeKind":{"tag":"NamedKind","contents":[["Prim"],"Type"]},"edTypeDeclarationKind":"ExternData"}},{"EDType":{"edTypeName":"TouchList","edTypeKind":{"tag":"NamedKind","contents":[["Prim"],"Type"]},"edTypeDeclarationKind":"ExternData"}},{"EDValue":{"edValueName":{"Ident":"altKey"},"edValueType":{"tag":"TypeApp","contents":[{"tag":"TypeApp","contents":[{"tag":"TypeConstructor","contents":[["Prim"],"Function"]},{"tag":"TypeConstructor","contents":[["DOM","Event","Types"],"TouchEvent"]}]},{"tag":"TypeConstructor","contents":[["Prim"],"Boolean"]}]}}},{"EDValue":{"edValueName":{"Ident":"changedTouches"},"edValueType":{"tag":"TypeApp","contents":[{"tag":"TypeApp","contents":[{"tag":"TypeConstructor","contents":[["Prim"],"Function"]},{"tag":"TypeConstructor","contents":[["DOM","Event","Types"],"TouchEvent"]}]},{"tag":"TypeConstructor","contents":[["DOM","Event","TouchEvent"],"TouchList"]}]}}},{"EDValue":{"edValueName":{"Ident":"clientX"},"edValueType":{"tag":"TypeApp","contents":[{"tag":"TypeApp","contents":[{"tag":"TypeConstructor","contents":[["Prim"],"Function"]},{"tag":"TypeConstructor","contents":[["DOM","Event","TouchEvent"],"Touch"]}]},{"tag":"TypeConstructor","contents":[["Prim"],"Int"]}]}}},{"EDValue":{"edValueName":{"Ident":"clientY"},"edValueType":{"tag":"TypeApp","contents":[{"tag":"TypeApp","contents":[{"tag":"TypeConstructor","contents":[["Prim"],"Function"]},{"tag":"TypeConstructor","contents":[["DOM","Event","TouchEvent"],"Touch"]}]},{"tag":"TypeConstructor","contents":[["Prim"],"Int"]}]}}},{"EDValue":{"edValueName":{"Ident":"ctrlKey"},"edValueType":{"tag":"TypeApp","contents":[{"tag":"TypeApp","contents":[{"tag":"TypeConstructor","contents":[["Prim"],"Function"]},{"tag":"TypeConstructor","contents":[["DOM","Event","Types"],"TouchEvent"]}]},{"tag":"TypeConstructor","contents":[["Prim"],"Boolean"]}]}}},{"EDValue":{"edValueName":{"Ident":"eventToTouchEvent"},"edValueType":{"tag":"TypeApp","contents":[{"tag":"TypeApp","contents":[{"tag":"TypeConstructor","contents":[["Prim"],"Function"]},{"tag":"TypeConstructor","contents":[["DOM","Event","Types"],"Event"]}]},{"tag":"TypeApp","contents":[{"tag":"TypeApp","contents":[{"tag":"TypeApp","contents":[{"tag":"TypeConstructor","contents":[["Control","Monad","Except","Trans"],"ExceptT"]},{"tag":"TypeApp","contents":[{"tag":"TypeConstructor","contents":[["Data","List","Types"],"NonEmptyList"]},{"tag":"TypeConstructor","contents":[["Data","Foreign"],"ForeignError"]}]}]},{"tag":"TypeConstructor","contents":[["Data","Identity"],"Identity"]}]},{"tag":"TypeConstructor","contents":[["DOM","Event","Types"],"TouchEvent"]}]}]}}},{"EDValue":{"edValueName":{"Ident":"item"},"edValueType":{"tag":"TypeApp","contents":[{"tag":"TypeApp","contents":[{"tag":"TypeConstructor","contents":[["Prim"],"Function"]},{"tag":"TypeConstructor","contents":[["Prim"],"Int"]}]},{"tag":"TypeApp","contents":[{"tag":"TypeApp","contents":[{"tag":"TypeConstructor","contents":[["Prim"],"Function"]},{"tag":"TypeConstructor","contents":[["DOM","Event","TouchEvent"],"TouchList"]}]},{"tag":"TypeApp","contents":[{"tag":"TypeConstructor","contents":[["Data","Maybe"],"Maybe"]},{"tag":"TypeConstructor","contents":[["DOM","Event","TouchEvent"],"Touch"]}]}]}]}}},{"EDValue":{"edValueName":{"Ident":"length"},"edValueType":{"tag":"TypeApp","contents":[{"tag":"TypeApp","contents":[{"tag":"TypeConstructor","contents":[["Prim"],"Function"]},{"tag":"TypeConstructor","contents":[["DOM","Event","TouchEvent"],"TouchList"]}]},{"tag":"TypeConstructor","contents":[["Prim"],"Int"]}]}}},{"EDValue":{"edValueName":{"Ident":"metaKey"},"edValueType":{"tag":"TypeApp","contents":[{"tag":"TypeApp","contents":[{"tag":"TypeConstructor","contents":[["Prim"],"Function"]},{"tag":"TypeConstructor","contents":[["DOM","Event","Types"],"TouchEvent"]}]},{"tag":"TypeConstructor","contents":[["Prim"],"Boolean"]}]}}},{"EDValue":{"edValueName":{"Ident":"pageX"},"edValueType":{"tag":"TypeApp","contents":[{"tag":"TypeApp","contents":[{"tag":"TypeConstructor","contents":[["Prim"],"Function"]},{"tag":"TypeConstructor","contents":[["DOM","Event","TouchEvent"],"Touch"]}]},{"tag":"TypeConstructor","contents":[["Prim"],"Int"]}]}}},{"EDValue":{"edValueName":{"Ident":"pageY"},"edValueType":{"tag":"TypeApp","contents":[{"tag":"TypeApp","contents":[{"tag":"TypeConstructor","contents":[["Prim"],"Function"]},{"tag":"TypeConstructor","contents":[["DOM","Event","TouchEvent"],"Touch"]}]},{"tag":"TypeConstructor","contents":[["Prim"],"Int"]}]}}},{"EDValue":{"edValueName":{"Ident":"screenX"},"edValueType":{"tag":"TypeApp","contents":[{"tag":"TypeApp","contents":[{"tag":"TypeConstructor","contents":[["Prim"],"Function"]},{"tag":"TypeConstructor","contents":[["DOM","Event","TouchEvent"],"Touch"]}]},{"tag":"TypeConstructor","contents":[["Prim"],"Int"]}]}}},{"EDValue":{"edValueName":{"Ident":"screenY"},"edValueType":{"tag":"TypeApp","contents":[{"tag":"TypeApp","contents":[{"tag":"TypeConstructor","contents":[["Prim"],"Function"]},{"tag":"TypeConstructor","contents":[["DOM","Event","TouchEvent"],"Touch"]}]},{"tag":"TypeConstructor","contents":[["Prim"],"Int"]}]}}},{"EDValue":{"edValueName":{"Ident":"shiftKey"},"edValueType":{"tag":"TypeApp","contents":[{"tag":"TypeApp","contents":[{"tag":"TypeConstructor","contents":[["Prim"],"Function"]},{"tag":"TypeConstructor","contents":[["DOM","Event","Types"],"TouchEvent"]}]},{"tag":"TypeConstructor","contents":[["Prim"],"Boolean"]}]}}},{"EDValue":{"edValueName":{"Ident":"target"},"edValueType":{"tag":"TypeApp","contents":[{"tag":"TypeApp","contents":[{"tag":"TypeConstructor","contents":[["Prim"],"Function"]},{"tag":"TypeConstructor","contents":[["DOM","Event","TouchEvent"],"Touch"]}]},{"tag":"TypeConstructor","contents":[["DOM","Event","Types"],"EventTarget"]}]}}},{"EDValue":{"edValueName":{"Ident":"targetTouches"},"edValueType":{"tag":"TypeApp","contents":[{"tag":"TypeApp","contents":[{"tag":"TypeConstructor","contents":[["Prim"],"Function"]},{"tag":"TypeConstructor","contents":[["DOM","Event","Types"],"TouchEvent"]}]},{"tag":"TypeConstructor","contents":[["DOM","Event","TouchEvent"],"TouchList"]}]}}},{"EDValue":{"edValueName":{"Ident":"touches"},"edValueType":{"tag":"TypeApp","contents":[{"tag":"TypeApp","contents":[{"tag":"TypeConstructor","contents":[["Prim"],"Function"]},{"tag":"TypeConstructor","contents":[["DOM","Event","Types"],"TouchEvent"]}]},{"tag":"TypeConstructor","contents":[["DOM","Event","TouchEvent"],"TouchList"]}]}}}],"efSourceSpan":{"start":[1,1],"name":"/home/dhruv/Final/bower_components/purescript-dom/src/DOM/Event/TouchEvent.purs","end":[74,42]}}