{"efVersion":"0.11.6","efModuleName":["Signal"],"efExports":[{"TypeRef":[{"start":[1,1],"name":"/home/dhruv/Final/bower_components/purescript-signal/src/Signal.purs","end":[142,41]},"Signal",[]]},{"ValueRef":[{"start":[1,1],"name":"/home/dhruv/Final/bower_components/purescript-signal/src/Signal.purs","end":[142,41]},{"Ident":"constant"}]},{"ValueRef":[{"start":[1,1],"name":"/home/dhruv/Final/bower_components/purescript-signal/src/Signal.purs","end":[142,41]},{"Ident":"dropRepeats"}]},{"ValueRef":[{"start":[1,1],"name":"/home/dhruv/Final/bower_components/purescript-signal/src/Signal.purs","end":[142,41]},{"Ident":"dropRepeats'"}]},{"ValueRef":[{"start":[1,1],"name":"/home/dhruv/Final/bower_components/purescript-signal/src/Signal.purs","end":[142,41]},{"Ident":"filter"}]},{"ValueRef":[{"start":[1,1],"name":"/home/dhruv/Final/bower_components/purescript-signal/src/Signal.purs","end":[142,41]},{"Ident":"filterMap"}]},{"ValueRef":[{"start":[1,1],"name":"/home/dhruv/Final/bower_components/purescript-signal/src/Signal.purs","end":[142,41]},{"Ident":"flatten"}]},{"ValueRef":[{"start":[1,1],"name":"/home/dhruv/Final/bower_components/purescript-signal/src/Signal.purs","end":[142,41]},{"Ident":"flattenArray"}]},{"ValueRef":[{"start":[1,1],"name":"/home/dhruv/Final/bower_components/purescript-signal/src/Signal.purs","end":[142,41]},{"Ident":"flippedMap"}]},{"ValueRef":[{"start":[1,1],"name":"/home/dhruv/Final/bower_components/purescript-signal/src/Signal.purs","end":[142,41]},{"Ident":"foldp"}]},{"ValueRef":[{"start":[1,1],"name":"/home/dhruv/Final/bower_components/purescript-signal/src/Signal.purs","end":[142,41]},{"Ident":"map2"}]},{"ValueRef":[{"start":[1,1],"name":"/home/dhruv/Final/bower_components/purescript-signal/src/Signal.purs","end":[142,41]},{"Ident":"map3"}]},{"ValueRef":[{"start":[1,1],"name":"/home/dhruv/Final/bower_components/purescript-signal/src/Signal.purs","end":[142,41]},{"Ident":"map4"}]},{"ValueRef":[{"start":[1,1],"name":"/home/dhruv/Final/bower_components/purescript-signal/src/Signal.purs","end":[142,41]},{"Ident":"map5"}]},{"ValueRef":[{"start":[1,1],"name":"/home/dhruv/Final/bower_components/purescript-signal/src/Signal.purs","end":[142,41]},{"Ident":"merge"}]},{"ValueRef":[{"start":[1,1],"name":"/home/dhruv/Final/bower_components/purescript-signal/src/Signal.purs","end":[142,41]},{"Ident":"mergeMany"}]},{"ValueRef":[{"start":[1,1],"name":"/home/dhruv/Final/bower_components/purescript-signal/src/Signal.purs","end":[142,41]},{"Ident":"runSignal"}]},{"ValueRef":[{"start":[1,1],"name":"/home/dhruv/Final/bower_components/purescript-signal/src/Signal.purs","end":[142,41]},{"Ident":"sampleOn"}]},{"ValueRef":[{"start":[1,1],"name":"/home/dhruv/Final/bower_components/purescript-signal/src/Signal.purs","end":[142,41]},{"Ident":"squigglyApply"}]},{"ValueRef":[{"start":[1,1],"name":"/home/dhruv/Final/bower_components/purescript-signal/src/Signal.purs","end":[142,41]},{"Ident":"squigglyMap"}]},{"ValueRef":[{"start":[1,1],"name":"/home/dhruv/Final/bower_components/purescript-signal/src/Signal.purs","end":[142,41]},{"Ident":"unwrap"}]},{"ValueOpRef":[{"start":[1,1],"name":"/home/dhruv/Final/bower_components/purescript-signal/src/Signal.purs","end":[142,41]},"<~"]},{"ValueOpRef":[{"start":[1,1],"name":"/home/dhruv/Final/bower_components/purescript-signal/src/Signal.purs","end":[142,41]},"~"]},{"ValueOpRef":[{"start":[1,1],"name":"/home/dhruv/Final/bower_components/purescript-signal/src/Signal.purs","end":[142,41]},"~>"]},{"TypeInstanceRef":[{"start":[0,0],"name":"<generated>","end":[0,0]},{"Ident":"functorSignal"}]},{"TypeInstanceRef":[{"start":[0,0],"name":"<generated>","end":[0,0]},{"Ident":"applySignal"}]},{"TypeInstanceRef":[{"start":[0,0],"name":"<generated>","end":[0,0]},{"Ident":"applicativeSignal"}]},{"TypeInstanceRef":[{"start":[0,0],"name":"<generated>","end":[0,0]},{"Ident":"semigroupSignal"}]},{"TypeInstanceRef":[{"start":[0,0],"name":"<generated>","end":[0,0]},{"Ident":"monoidSignal"}]}],"efImports":[{"eiModule":["Prim"],"eiImportType":{"Implicit":[]},"eiImportedAs":null},{"eiModule":["Prim"],"eiImportType":{"Implicit":[]},"eiImportedAs":["Prim"]},{"eiModule":["Prelude"],"eiImportType":{"Implicit":[]},"eiImportedAs":null},{"eiModule":["Control","Monad","Eff"],"eiImportType":{"Explicit":[{"TypeRef":[{"start":[30,27],"name":"/home/dhruv/Final/bower_components/purescript-signal/src/Signal.purs","end":[30,32]},"Eff",[]]}]},"eiImportedAs":null},{"eiModule":["Data","Foldable"],"eiImportType":{"Explicit":[{"ValueRef":[{"start":[31,23],"name":"/home/dhruv/Final/bower_components/purescript-signal/src/Signal.purs","end":[31,27]},{"Ident":"fold"}]},{"ValueRef":[{"start":[31,29],"name":"/home/dhruv/Final/bower_components/purescript-signal/src/Signal.purs","end":[31,34]},{"Ident":"foldl"}]},{"TypeClassRef":[{"start":[31,36],"name":"/home/dhruv/Final/bower_components/purescript-signal/src/Signal.purs","end":[31,50]},"Foldable"]}]},"eiImportedAs":null},{"eiModule":["Data","Maybe"],"eiImportType":{"Explicit":[{"TypeRef":[{"start":[32,20],"name":"/home/dhruv/Final/bower_components/purescript-signal/src/Signal.purs","end":[32,29]},"Maybe",null]},{"ValueRef":[{"start":[32,31],"name":"/home/dhruv/Final/bower_components/purescript-signal/src/Signal.purs","end":[32,40]},{"Ident":"fromMaybe"}]},{"ValueRef":[{"start":[32,42],"name":"/home/dhruv/Final/bower_components/purescript-signal/src/Signal.purs","end":[32,48]},{"Ident":"isJust"}]}]},"eiImportedAs":null},{"eiModule":["Data","Monoid"],"eiImportType":{"Explicit":[{"TypeClassRef":[{"start":[33,21],"name":"/home/dhruv/Final/bower_components/purescript-signal/src/Signal.purs","end":[33,33]},"Monoid"]},{"ValueRef":[{"start":[33,35],"name":"/home/dhruv/Final/bower_components/purescript-signal/src/Signal.purs","end":[33,41]},{"Ident":"mempty"}]}]},"eiImportedAs":null}],"efFixities":[{"efAssociativity":"infixl","efPrecedence":4,"efOperator":"<~","efAlias":[["Signal"],{"Left":{"Ident":"squigglyMap"}}]},{"efAssociativity":"infixl","efPrecedence":4,"efOperator":"~","efAlias":[["Signal"],{"Left":{"Ident":"squigglyApply"}}]},{"efAssociativity":"infixl","efPrecedence":4,"efOperator":"~>","efAlias":[["Signal"],{"Left":{"Ident":"flippedMap"}}]}],"efTypeFixities":[],"efDeclarations":[{"EDType":{"edTypeName":"Signal","edTypeKind":{"tag":"FunKind","contents":[{"tag":"NamedKind","contents":[["Prim"],"Type"]},{"tag":"NamedKind","contents":[["Prim"],"Type"]}]},"edTypeDeclarationKind":"ExternData"}},{"EDValue":{"edValueName":{"Ident":"constant"},"edValueType":{"tag":"ForAll","contents":["a",{"tag":"TypeApp","contents":[{"tag":"TypeApp","contents":[{"tag":"TypeConstructor","contents":[["Prim"],"Function"]},{"tag":"TypeVar","contents":"a"}]},{"tag":"TypeApp","contents":[{"tag":"TypeConstructor","contents":[["Signal"],"Signal"]},{"tag":"TypeVar","contents":"a"}]}]},null]}}},{"EDValue":{"edValueName":{"Ident":"dropRepeats"},"edValueType":{"tag":"ForAll","contents":["a",{"tag":"ConstrainedType","contents":[{"constraintClass":[["Data","Eq"],"Eq"],"constraintArgs":[{"tag":"TypeVar","contents":"a"}],"constraintData":null},{"tag":"TypeApp","contents":[{"tag":"TypeApp","contents":[{"tag":"TypeConstructor","contents":[["Prim"],"Function"]},{"tag":"TypeApp","contents":[{"tag":"TypeConstructor","contents":[["Signal"],"Signal"]},{"tag":"TypeVar","contents":"a"}]}]},{"tag":"TypeApp","contents":[{"tag":"TypeConstructor","contents":[["Signal"],"Signal"]},{"tag":"TypeVar","contents":"a"}]}]}]},null]}}},{"EDValue":{"edValueName":{"Ident":"dropRepeats'"},"edValueType":{"tag":"ForAll","contents":["a",{"tag":"TypeApp","contents":[{"tag":"TypeApp","contents":[{"tag":"TypeConstructor","contents":[["Prim"],"Function"]},{"tag":"TypeApp","contents":[{"tag":"TypeConstructor","contents":[["Signal"],"Signal"]},{"tag":"TypeVar","contents":"a"}]}]},{"tag":"TypeApp","contents":[{"tag":"TypeConstructor","contents":[["Signal"],"Signal"]},{"tag":"TypeVar","contents":"a"}]}]},null]}}},{"EDValue":{"edValueName":{"Ident":"filter"},"edValueType":{"tag":"ForAll","contents":["a",{"tag":"TypeApp","contents":[{"tag":"TypeApp","contents":[{"tag":"TypeConstructor","contents":[["Prim"],"Function"]},{"tag":"TypeApp","contents":[{"tag":"TypeApp","contents":[{"tag":"TypeConstructor","contents":[["Prim"],"Function"]},{"tag":"TypeVar","contents":"a"}]},{"tag":"TypeConstructor","contents":[["Prim"],"Boolean"]}]}]},{"tag":"TypeApp","contents":[{"tag":"TypeApp","contents":[{"tag":"TypeConstructor","contents":[["Prim"],"Function"]},{"tag":"TypeVar","contents":"a"}]},{"tag":"TypeApp","contents":[{"tag":"TypeApp","contents":[{"tag":"TypeConstructor","contents":[["Prim"],"Function"]},{"tag":"TypeApp","contents":[{"tag":"TypeConstructor","contents":[["Signal"],"Signal"]},{"tag":"TypeVar","contents":"a"}]}]},{"tag":"TypeApp","contents":[{"tag":"TypeConstructor","contents":[["Signal"],"Signal"]},{"tag":"TypeVar","contents":"a"}]}]}]}]},null]}}},{"EDValue":{"edValueName":{"Ident":"filterMap"},"edValueType":{"tag":"ForAll","contents":["b",{"tag":"ForAll","contents":["a",{"tag":"TypeApp","contents":[{"tag":"TypeApp","contents":[{"tag":"TypeConstructor","contents":[["Prim"],"Function"]},{"tag":"TypeApp","contents":[{"tag":"TypeApp","contents":[{"tag":"TypeConstructor","contents":[["Prim"],"Function"]},{"tag":"TypeVar","contents":"a"}]},{"tag":"TypeApp","contents":[{"tag":"TypeConstructor","contents":[["Data","Maybe"],"Maybe"]},{"tag":"TypeVar","contents":"b"}]}]}]},{"tag":"TypeApp","contents":[{"tag":"TypeApp","contents":[{"tag":"TypeConstructor","contents":[["Prim"],"Function"]},{"tag":"TypeVar","contents":"b"}]},{"tag":"TypeApp","contents":[{"tag":"TypeApp","contents":[{"tag":"TypeConstructor","contents":[["Prim"],"Function"]},{"tag":"TypeApp","contents":[{"tag":"TypeConstructor","contents":[["Signal"],"Signal"]},{"tag":"TypeVar","contents":"a"}]}]},{"tag":"TypeApp","contents":[{"tag":"TypeConstructor","contents":[["Signal"],"Signal"]},{"tag":"TypeVar","contents":"b"}]}]}]}]},78]},79]}}},{"EDValue":{"edValueName":{"Ident":"flatten"},"edValueType":{"tag":"ForAll","contents":["f",{"tag":"ForAll","contents":["a",{"tag":"ConstrainedType","contents":[{"constraintClass":[["Data","Functor"],"Functor"],"constraintArgs":[{"tag":"TypeVar","contents":"f"}],"constraintData":null},{"tag":"ConstrainedType","contents":[{"constraintClass":[["Data","Foldable"],"Foldable"],"constraintArgs":[{"tag":"TypeVar","contents":"f"}],"constraintData":null},{"tag":"TypeApp","contents":[{"tag":"TypeApp","contents":[{"tag":"TypeConstructor","contents":[["Prim"],"Function"]},{"tag":"TypeApp","contents":[{"tag":"TypeConstructor","contents":[["Signal"],"Signal"]},{"tag":"TypeApp","contents":[{"tag":"TypeVar","contents":"f"},{"tag":"TypeVar","contents":"a"}]}]}]},{"tag":"TypeApp","contents":[{"tag":"TypeApp","contents":[{"tag":"TypeConstructor","contents":[["Prim"],"Function"]},{"tag":"TypeVar","contents":"a"}]},{"tag":"TypeApp","contents":[{"tag":"TypeConstructor","contents":[["Signal"],"Signal"]},{"tag":"TypeVar","contents":"a"}]}]}]}]}]},73]},74]}}},{"EDValue":{"edValueName":{"Ident":"flattenArray"},"edValueType":{"tag":"ForAll","contents":["a",{"tag":"TypeApp","contents":[{"tag":"TypeApp","contents":[{"tag":"TypeConstructor","contents":[["Prim"],"Function"]},{"tag":"TypeApp","contents":[{"tag":"TypeConstructor","contents":[["Signal"],"Signal"]},{"tag":"TypeApp","contents":[{"tag":"TypeConstructor","contents":[["Prim"],"Array"]},{"tag":"TypeVar","contents":"a"}]}]}]},{"tag":"TypeApp","contents":[{"tag":"TypeApp","contents":[{"tag":"TypeConstructor","contents":[["Prim"],"Function"]},{"tag":"TypeVar","contents":"a"}]},{"tag":"TypeApp","contents":[{"tag":"TypeConstructor","contents":[["Signal"],"Signal"]},{"tag":"TypeVar","contents":"a"}]}]}]},null]}}},{"EDValue":{"edValueName":{"Ident":"flippedMap"},"edValueType":{"tag":"ForAll","contents":["b",{"tag":"ForAll","contents":["a",{"tag":"ForAll","contents":["f",{"tag":"ConstrainedType","contents":[{"constraintClass":[["Data","Functor"],"Functor"],"constraintArgs":[{"tag":"TypeVar","contents":"f"}],"constraintData":null},{"tag":"TypeApp","contents":[{"tag":"TypeApp","contents":[{"tag":"TypeConstructor","contents":[["Prim"],"Function"]},{"tag":"TypeApp","contents":[{"tag":"TypeVar","contents":"f"},{"tag":"TypeVar","contents":"a"}]}]},{"tag":"TypeApp","contents":[{"tag":"TypeApp","contents":[{"tag":"TypeConstructor","contents":[["Prim"],"Function"]},{"tag":"TypeApp","contents":[{"tag":"TypeApp","contents":[{"tag":"TypeConstructor","contents":[["Prim"],"Function"]},{"tag":"TypeVar","contents":"a"}]},{"tag":"TypeVar","contents":"b"}]}]},{"tag":"TypeApp","contents":[{"tag":"TypeVar","contents":"f"},{"tag":"TypeVar","contents":"b"}]}]}]}]},67]},68]},69]}}},{"EDValue":{"edValueName":{"Ident":"foldp"},"edValueType":{"tag":"ForAll","contents":["b",{"tag":"ForAll","contents":["a",{"tag":"TypeApp","contents":[{"tag":"TypeApp","contents":[{"tag":"TypeConstructor","contents":[["Prim"],"Function"]},{"tag":"TypeApp","contents":[{"tag":"TypeApp","contents":[{"tag":"TypeConstructor","contents":[["Prim"],"Function"]},{"tag":"TypeVar","contents":"a"}]},{"tag":"TypeApp","contents":[{"tag":"TypeApp","contents":[{"tag":"TypeConstructor","contents":[["Prim"],"Function"]},{"tag":"TypeVar","contents":"b"}]},{"tag":"TypeVar","contents":"b"}]}]}]},{"tag":"TypeApp","contents":[{"tag":"TypeApp","contents":[{"tag":"TypeConstructor","contents":[["Prim"],"Function"]},{"tag":"TypeVar","contents":"b"}]},{"tag":"TypeApp","contents":[{"tag":"TypeApp","contents":[{"tag":"TypeConstructor","contents":[["Prim"],"Function"]},{"tag":"TypeApp","contents":[{"tag":"TypeConstructor","contents":[["Signal"],"Signal"]},{"tag":"TypeVar","contents":"a"}]}]},{"tag":"TypeApp","contents":[{"tag":"TypeConstructor","contents":[["Signal"],"Signal"]},{"tag":"TypeVar","contents":"b"}]}]}]}]},null]},null]}}},{"EDValue":{"edValueName":{"Ident":"map2"},"edValueType":{"tag":"ForAll","contents":["c",{"tag":"ForAll","contents":["b",{"tag":"ForAll","contents":["a",{"tag":"TypeApp","contents":[{"tag":"TypeApp","contents":[{"tag":"TypeConstructor","contents":[["Prim"],"Function"]},{"tag":"TypeApp","contents":[{"tag":"TypeApp","contents":[{"tag":"TypeConstructor","contents":[["Prim"],"Function"]},{"tag":"TypeVar","contents":"a"}]},{"tag":"TypeApp","contents":[{"tag":"TypeApp","contents":[{"tag":"TypeConstructor","contents":[["Prim"],"Function"]},{"tag":"TypeVar","contents":"b"}]},{"tag":"TypeVar","contents":"c"}]}]}]},{"tag":"TypeApp","contents":[{"tag":"TypeApp","contents":[{"tag":"TypeConstructor","contents":[["Prim"],"Function"]},{"tag":"TypeApp","contents":[{"tag":"TypeConstructor","contents":[["Signal"],"Signal"]},{"tag":"TypeVar","contents":"a"}]}]},{"tag":"TypeApp","contents":[{"tag":"TypeApp","contents":[{"tag":"TypeConstructor","contents":[["Prim"],"Function"]},{"tag":"TypeApp","contents":[{"tag":"TypeConstructor","contents":[["Signal"],"Signal"]},{"tag":"TypeVar","contents":"b"}]}]},{"tag":"TypeApp","contents":[{"tag":"TypeConstructor","contents":[["Signal"],"Signal"]},{"tag":"TypeVar","contents":"c"}]}]}]}]},55]},56]},57]}}},{"EDValue":{"edValueName":{"Ident":"map3"},"edValueType":{"tag":"ForAll","contents":["d",{"tag":"ForAll","contents":["c",{"tag":"ForAll","contents":["b",{"tag":"ForAll","contents":["a",{"tag":"TypeApp","contents":[{"tag":"TypeApp","contents":[{"tag":"TypeConstructor","contents":[["Prim"],"Function"]},{"tag":"TypeApp","contents":[{"tag":"TypeApp","contents":[{"tag":"TypeConstructor","contents":[["Prim"],"Function"]},{"tag":"TypeVar","contents":"a"}]},{"tag":"TypeApp","contents":[{"tag":"TypeApp","contents":[{"tag":"TypeConstructor","contents":[["Prim"],"Function"]},{"tag":"TypeVar","contents":"b"}]},{"tag":"TypeApp","contents":[{"tag":"TypeApp","contents":[{"tag":"TypeConstructor","contents":[["Prim"],"Function"]},{"tag":"TypeVar","contents":"c"}]},{"tag":"TypeVar","contents":"d"}]}]}]}]},{"tag":"TypeApp","contents":[{"tag":"TypeApp","contents":[{"tag":"TypeConstructor","contents":[["Prim"],"Function"]},{"tag":"TypeApp","contents":[{"tag":"TypeConstructor","contents":[["Signal"],"Signal"]},{"tag":"TypeVar","contents":"a"}]}]},{"tag":"TypeApp","contents":[{"tag":"TypeApp","contents":[{"tag":"TypeConstructor","contents":[["Prim"],"Function"]},{"tag":"TypeApp","contents":[{"tag":"TypeConstructor","contents":[["Signal"],"Signal"]},{"tag":"TypeVar","contents":"b"}]}]},{"tag":"TypeApp","contents":[{"tag":"TypeApp","contents":[{"tag":"TypeConstructor","contents":[["Prim"],"Function"]},{"tag":"TypeApp","contents":[{"tag":"TypeConstructor","contents":[["Signal"],"Signal"]},{"tag":"TypeVar","contents":"c"}]}]},{"tag":"TypeApp","contents":[{"tag":"TypeConstructor","contents":[["Signal"],"Signal"]},{"tag":"TypeVar","contents":"d"}]}]}]}]}]},47]},48]},49]},50]}}},{"EDValue":{"edValueName":{"Ident":"map4"},"edValueType":{"tag":"ForAll","contents":["e",{"tag":"ForAll","contents":["d",{"tag":"ForAll","contents":["c",{"tag":"ForAll","contents":["b",{"tag":"ForAll","contents":["a",{"tag":"TypeApp","contents":[{"tag":"TypeApp","contents":[{"tag":"TypeConstructor","contents":[["Prim"],"Function"]},{"tag":"TypeApp","contents":[{"tag":"TypeApp","contents":[{"tag":"TypeConstructor","contents":[["Prim"],"Function"]},{"tag":"TypeVar","contents":"a"}]},{"tag":"TypeApp","contents":[{"tag":"TypeApp","contents":[{"tag":"TypeConstructor","contents":[["Prim"],"Function"]},{"tag":"TypeVar","contents":"b"}]},{"tag":"TypeApp","contents":[{"tag":"TypeApp","contents":[{"tag":"TypeConstructor","contents":[["Prim"],"Function"]},{"tag":"TypeVar","contents":"c"}]},{"tag":"TypeApp","contents":[{"tag":"TypeApp","contents":[{"tag":"TypeConstructor","contents":[["Prim"],"Function"]},{"tag":"TypeVar","contents":"d"}]},{"tag":"TypeVar","contents":"e"}]}]}]}]}]},{"tag":"TypeApp","contents":[{"tag":"TypeApp","contents":[{"tag":"TypeConstructor","contents":[["Prim"],"Function"]},{"tag":"TypeApp","contents":[{"tag":"TypeConstructor","contents":[["Signal"],"Signal"]},{"tag":"TypeVar","contents":"a"}]}]},{"tag":"TypeApp","contents":[{"tag":"TypeApp","contents":[{"tag":"TypeConstructor","contents":[["Prim"],"Function"]},{"tag":"TypeApp","contents":[{"tag":"TypeConstructor","contents":[["Signal"],"Signal"]},{"tag":"TypeVar","contents":"b"}]}]},{"tag":"TypeApp","contents":[{"tag":"TypeApp","contents":[{"tag":"TypeConstructor","contents":[["Prim"],"Function"]},{"tag":"TypeApp","contents":[{"tag":"TypeConstructor","contents":[["Signal"],"Signal"]},{"tag":"TypeVar","contents":"c"}]}]},{"tag":"TypeApp","contents":[{"tag":"TypeApp","contents":[{"tag":"TypeConstructor","contents":[["Prim"],"Function"]},{"tag":"TypeApp","contents":[{"tag":"TypeConstructor","contents":[["Signal"],"Signal"]},{"tag":"TypeVar","contents":"d"}]}]},{"tag":"TypeApp","contents":[{"tag":"TypeConstructor","contents":[["Signal"],"Signal"]},{"tag":"TypeVar","contents":"e"}]}]}]}]}]}]},37]},38]},39]},40]},41]}}},{"EDValue":{"edValueName":{"Ident":"map5"},"edValueType":{"tag":"ForAll","contents":["f",{"tag":"ForAll","contents":["e",{"tag":"ForAll","contents":["d",{"tag":"ForAll","contents":["c",{"tag":"ForAll","contents":["b",{"tag":"ForAll","contents":["a",{"tag":"TypeApp","contents":[{"tag":"TypeApp","contents":[{"tag":"TypeConstructor","contents":[["Prim"],"Function"]},{"tag":"TypeApp","contents":[{"tag":"TypeApp","contents":[{"tag":"TypeConstructor","contents":[["Prim"],"Function"]},{"tag":"TypeVar","contents":"a"}]},{"tag":"TypeApp","contents":[{"tag":"TypeApp","contents":[{"tag":"TypeConstructor","contents":[["Prim"],"Function"]},{"tag":"TypeVar","contents":"b"}]},{"tag":"TypeApp","contents":[{"tag":"TypeApp","contents":[{"tag":"TypeConstructor","contents":[["Prim"],"Function"]},{"tag":"TypeVar","contents":"c"}]},{"tag":"TypeApp","contents":[{"tag":"TypeApp","contents":[{"tag":"TypeConstructor","contents":[["Prim"],"Function"]},{"tag":"TypeVar","contents":"d"}]},{"tag":"TypeApp","contents":[{"tag":"TypeApp","contents":[{"tag":"TypeConstructor","contents":[["Prim"],"Function"]},{"tag":"TypeVar","contents":"e"}]},{"tag":"TypeVar","contents":"f"}]}]}]}]}]}]},{"tag":"TypeApp","contents":[{"tag":"TypeApp","contents":[{"tag":"TypeConstructor","contents":[["Prim"],"Function"]},{"tag":"TypeApp","contents":[{"tag":"TypeConstructor","contents":[["Signal"],"Signal"]},{"tag":"TypeVar","contents":"a"}]}]},{"tag":"TypeApp","contents":[{"tag":"TypeApp","contents":[{"tag":"TypeConstructor","contents":[["Prim"],"Function"]},{"tag":"TypeApp","contents":[{"tag":"TypeConstructor","contents":[["Signal"],"Signal"]},{"tag":"TypeVar","contents":"b"}]}]},{"tag":"TypeApp","contents":[{"tag":"TypeApp","contents":[{"tag":"TypeConstructor","contents":[["Prim"],"Function"]},{"tag":"TypeApp","contents":[{"tag":"TypeConstructor","contents":[["Signal"],"Signal"]},{"tag":"TypeVar","contents":"c"}]}]},{"tag":"TypeApp","contents":[{"tag":"TypeApp","contents":[{"tag":"TypeConstructor","contents":[["Prim"],"Function"]},{"tag":"TypeApp","contents":[{"tag":"TypeConstructor","contents":[["Signal"],"Signal"]},{"tag":"TypeVar","contents":"d"}]}]},{"tag":"TypeApp","contents":[{"tag":"TypeApp","contents":[{"tag":"TypeConstructor","contents":[["Prim"],"Function"]},{"tag":"TypeApp","contents":[{"tag":"TypeConstructor","contents":[["Signal"],"Signal"]},{"tag":"TypeVar","contents":"e"}]}]},{"tag":"TypeApp","contents":[{"tag":"TypeConstructor","contents":[["Signal"],"Signal"]},{"tag":"TypeVar","contents":"f"}]}]}]}]}]}]}]},25]},26]},27]},28]},29]},30]}}},{"EDValue":{"edValueName":{"Ident":"merge"},"edValueType":{"tag":"ForAll","contents":["a",{"tag":"TypeApp","contents":[{"tag":"TypeApp","contents":[{"tag":"TypeConstructor","contents":[["Prim"],"Function"]},{"tag":"TypeApp","contents":[{"tag":"TypeConstructor","contents":[["Signal"],"Signal"]},{"tag":"TypeVar","contents":"a"}]}]},{"tag":"TypeApp","contents":[{"tag":"TypeApp","contents":[{"tag":"TypeConstructor","contents":[["Prim"],"Function"]},{"tag":"TypeApp","contents":[{"tag":"TypeConstructor","contents":[["Signal"],"Signal"]},{"tag":"TypeVar","contents":"a"}]}]},{"tag":"TypeApp","contents":[{"tag":"TypeConstructor","contents":[["Signal"],"Signal"]},{"tag":"TypeVar","contents":"a"}]}]}]},null]}}},{"EDValue":{"edValueName":{"Ident":"mergeMany"},"edValueType":{"tag":"ForAll","contents":["a",{"tag":"ForAll","contents":["f",{"tag":"ConstrainedType","contents":[{"constraintClass":[["Data","Functor"],"Functor"],"constraintArgs":[{"tag":"TypeVar","contents":"f"}],"constraintData":null},{"tag":"ConstrainedType","contents":[{"constraintClass":[["Data","Foldable"],"Foldable"],"constraintArgs":[{"tag":"TypeVar","contents":"f"}],"constraintData":null},{"tag":"TypeApp","contents":[{"tag":"TypeApp","contents":[{"tag":"TypeConstructor","contents":[["Prim"],"Function"]},{"tag":"TypeApp","contents":[{"tag":"TypeVar","contents":"f"},{"tag":"TypeApp","contents":[{"tag":"TypeConstructor","contents":[["Signal"],"Signal"]},{"tag":"TypeVar","contents":"a"}]}]}]},{"tag":"TypeApp","contents":[{"tag":"TypeConstructor","contents":[["Data","Maybe"],"Maybe"]},{"tag":"TypeApp","contents":[{"tag":"TypeConstructor","contents":[["Signal"],"Signal"]},{"tag":"TypeVar","contents":"a"}]}]}]}]}]},18]},19]}}},{"EDValue":{"edValueName":{"Ident":"runSignal"},"edValueType":{"tag":"ForAll","contents":["e",{"tag":"TypeApp","contents":[{"tag":"TypeApp","contents":[{"tag":"TypeConstructor","contents":[["Prim"],"Function"]},{"tag":"TypeApp","contents":[{"tag":"TypeConstructor","contents":[["Signal"],"Signal"]},{"tag":"TypeApp","contents":[{"tag":"TypeApp","contents":[{"tag":"TypeConstructor","contents":[["Control","Monad","Eff"],"Eff"]},{"tag":"TypeVar","contents":"e"}]},{"tag":"TypeConstructor","contents":[["Data","Unit"],"Unit"]}]}]}]},{"tag":"TypeApp","contents":[{"tag":"TypeApp","contents":[{"tag":"TypeConstructor","contents":[["Control","Monad","Eff"],"Eff"]},{"tag":"TypeVar","contents":"e"}]},{"tag":"TypeConstructor","contents":[["Data","Unit"],"Unit"]}]}]},null]}}},{"EDValue":{"edValueName":{"Ident":"sampleOn"},"edValueType":{"tag":"ForAll","contents":["b",{"tag":"ForAll","contents":["a",{"tag":"TypeApp","contents":[{"tag":"TypeApp","contents":[{"tag":"TypeConstructor","contents":[["Prim"],"Function"]},{"tag":"TypeApp","contents":[{"tag":"TypeConstructor","contents":[["Signal"],"Signal"]},{"tag":"TypeVar","contents":"a"}]}]},{"tag":"TypeApp","contents":[{"tag":"TypeApp","contents":[{"tag":"TypeConstructor","contents":[["Prim"],"Function"]},{"tag":"TypeApp","contents":[{"tag":"TypeConstructor","contents":[["Signal"],"Signal"]},{"tag":"TypeVar","contents":"b"}]}]},{"tag":"TypeApp","contents":[{"tag":"TypeConstructor","contents":[["Signal"],"Signal"]},{"tag":"TypeVar","contents":"b"}]}]}]},null]},null]}}},{"EDValue":{"edValueName":{"Ident":"squigglyApply"},"edValueType":{"tag":"ForAll","contents":["b",{"tag":"ForAll","contents":["a",{"tag":"ForAll","contents":["f",{"tag":"ConstrainedType","contents":[{"constraintClass":[["Control","Apply"],"Apply"],"constraintArgs":[{"tag":"TypeVar","contents":"f"}],"constraintData":null},{"tag":"TypeApp","contents":[{"tag":"TypeApp","contents":[{"tag":"TypeConstructor","contents":[["Prim"],"Function"]},{"tag":"TypeApp","contents":[{"tag":"TypeVar","contents":"f"},{"tag":"TypeApp","contents":[{"tag":"TypeApp","contents":[{"tag":"TypeConstructor","contents":[["Prim"],"Function"]},{"tag":"TypeVar","contents":"a"}]},{"tag":"TypeVar","contents":"b"}]}]}]},{"tag":"TypeApp","contents":[{"tag":"TypeApp","contents":[{"tag":"TypeConstructor","contents":[["Prim"],"Function"]},{"tag":"TypeApp","contents":[{"tag":"TypeVar","contents":"f"},{"tag":"TypeVar","contents":"a"}]}]},{"tag":"TypeApp","contents":[{"tag":"TypeVar","contents":"f"},{"tag":"TypeVar","contents":"b"}]}]}]}]},6]},7]},8]}}},{"EDValue":{"edValueName":{"Ident":"squigglyMap"},"edValueType":{"tag":"ForAll","contents":["b",{"tag":"ForAll","contents":["a",{"tag":"ForAll","contents":["f",{"tag":"ConstrainedType","contents":[{"constraintClass":[["Data","Functor"],"Functor"],"constraintArgs":[{"tag":"TypeVar","contents":"f"}],"constraintData":null},{"tag":"TypeApp","contents":[{"tag":"TypeApp","contents":[{"tag":"TypeConstructor","contents":[["Prim"],"Function"]},{"tag":"TypeApp","contents":[{"tag":"TypeApp","contents":[{"tag":"TypeConstructor","contents":[["Prim"],"Function"]},{"tag":"TypeVar","contents":"a"}]},{"tag":"TypeVar","contents":"b"}]}]},{"tag":"TypeApp","contents":[{"tag":"TypeApp","contents":[{"tag":"TypeConstructor","contents":[["Prim"],"Function"]},{"tag":"TypeApp","contents":[{"tag":"TypeVar","contents":"f"},{"tag":"TypeVar","contents":"a"}]}]},{"tag":"TypeApp","contents":[{"tag":"TypeVar","contents":"f"},{"tag":"TypeVar","contents":"b"}]}]}]}]},0]},1]},2]}}},{"EDValue":{"edValueName":{"Ident":"unwrap"},"edValueType":{"tag":"ForAll","contents":["a",{"tag":"ForAll","contents":["e",{"tag":"TypeApp","contents":[{"tag":"TypeApp","contents":[{"tag":"TypeConstructor","contents":[["Prim"],"Function"]},{"tag":"TypeApp","contents":[{"tag":"TypeConstructor","contents":[["Signal"],"Signal"]},{"tag":"TypeApp","contents":[{"tag":"TypeApp","contents":[{"tag":"TypeConstructor","contents":[["Control","Monad","Eff"],"Eff"]},{"tag":"TypeVar","contents":"e"}]},{"tag":"TypeVar","contents":"a"}]}]}]},{"tag":"TypeApp","contents":[{"tag":"TypeApp","contents":[{"tag":"TypeConstructor","contents":[["Control","Monad","Eff"],"Eff"]},{"tag":"TypeVar","contents":"e"}]},{"tag":"TypeApp","contents":[{"tag":"TypeConstructor","contents":[["Signal"],"Signal"]},{"tag":"TypeVar","contents":"a"}]}]}]},null]},null]}}},{"EDInstance":{"edInstanceClassName":[["Data","Functor"],"Functor"],"edInstanceName":{"Ident":"functorSignal"},"edInstanceTypes":[{"tag":"TypeConstructor","contents":[["Signal"],"Signal"]}],"edInstanceConstraints":[]}},{"EDInstance":{"edInstanceClassName":[["Control","Apply"],"Apply"],"edInstanceName":{"Ident":"applySignal"},"edInstanceTypes":[{"tag":"TypeConstructor","contents":[["Signal"],"Signal"]}],"edInstanceConstraints":[]}},{"EDInstance":{"edInstanceClassName":[["Control","Applicative"],"Applicative"],"edInstanceName":{"Ident":"applicativeSignal"},"edInstanceTypes":[{"tag":"TypeConstructor","contents":[["Signal"],"Signal"]}],"edInstanceConstraints":[]}},{"EDInstance":{"edInstanceClassName":[["Data","Semigroup"],"Semigroup"],"edInstanceName":{"Ident":"semigroupSignal"},"edInstanceTypes":[{"tag":"TypeApp","contents":[{"tag":"TypeConstructor","contents":[["Signal"],"Signal"]},{"tag":"TypeVar","contents":"a"}]}],"edInstanceConstraints":[]}},{"EDInstance":{"edInstanceClassName":[["Data","Monoid"],"Monoid"],"edInstanceName":{"Ident":"monoidSignal"},"edInstanceTypes":[{"tag":"TypeApp","contents":[{"tag":"TypeConstructor","contents":[["Signal"],"Signal"]},{"tag":"TypeVar","contents":"a"}]}],"edInstanceConstraints":[{"constraintClass":[["Data","Monoid"],"Monoid"],"constraintArgs":[{"tag":"TypeVar","contents":"a"}],"constraintData":null}]}}],"efSourceSpan":{"start":[1,1],"name":"/home/dhruv/Final/bower_components/purescript-signal/src/Signal.purs","end":[142,41]}}