{"efVersion":"0.11.6","efModuleName":["DOM","Event","MouseEvent"],"efExports":[{"ReExportRef":[{"start":[1,1],"name":"/home/dhruv/Final/bower_components/purescript-dom/src/DOM/Event/MouseEvent.purs","end":[65,29]},["DOM","Event","Types"],{"TypeRef":[{"start":[1,1],"name":"/home/dhruv/Final/bower_components/purescript-dom/src/DOM/Event/MouseEvent.purs","end":[65,29]},"MouseEvent",[]]}]},{"ValueRef":[{"start":[1,1],"name":"/home/dhruv/Final/bower_components/purescript-dom/src/DOM/Event/MouseEvent.purs","end":[65,29]},{"Ident":"altKey"}]},{"ValueRef":[{"start":[1,1],"name":"/home/dhruv/Final/bower_components/purescript-dom/src/DOM/Event/MouseEvent.purs","end":[65,29]},{"Ident":"button"}]},{"ValueRef":[{"start":[1,1],"name":"/home/dhruv/Final/bower_components/purescript-dom/src/DOM/Event/MouseEvent.purs","end":[65,29]},{"Ident":"buttons"}]},{"ValueRef":[{"start":[1,1],"name":"/home/dhruv/Final/bower_components/purescript-dom/src/DOM/Event/MouseEvent.purs","end":[65,29]},{"Ident":"clientX"}]},{"ValueRef":[{"start":[1,1],"name":"/home/dhruv/Final/bower_components/purescript-dom/src/DOM/Event/MouseEvent.purs","end":[65,29]},{"Ident":"clientY"}]},{"ValueRef":[{"start":[1,1],"name":"/home/dhruv/Final/bower_components/purescript-dom/src/DOM/Event/MouseEvent.purs","end":[65,29]},{"Ident":"ctrlKey"}]},{"ValueRef":[{"start":[1,1],"name":"/home/dhruv/Final/bower_components/purescript-dom/src/DOM/Event/MouseEvent.purs","end":[65,29]},{"Ident":"eventToMouseEvent"}]},{"ValueRef":[{"start":[1,1],"name":"/home/dhruv/Final/bower_components/purescript-dom/src/DOM/Event/MouseEvent.purs","end":[65,29]},{"Ident":"getModifierState"}]},{"ValueRef":[{"start":[1,1],"name":"/home/dhruv/Final/bower_components/purescript-dom/src/DOM/Event/MouseEvent.purs","end":[65,29]},{"Ident":"metaKey"}]},{"ReExportRef":[{"start":[1,1],"name":"/home/dhruv/Final/bower_components/purescript-dom/src/DOM/Event/MouseEvent.purs","end":[65,29]},["DOM","Event","Types"],{"ValueRef":[{"start":[1,1],"name":"/home/dhruv/Final/bower_components/purescript-dom/src/DOM/Event/MouseEvent.purs","end":[65,29]},{"Ident":"mouseEventToEvent"}]}]},{"ValueRef":[{"start":[1,1],"name":"/home/dhruv/Final/bower_components/purescript-dom/src/DOM/Event/MouseEvent.purs","end":[65,29]},{"Ident":"pageX"}]},{"ValueRef":[{"start":[1,1],"name":"/home/dhruv/Final/bower_components/purescript-dom/src/DOM/Event/MouseEvent.purs","end":[65,29]},{"Ident":"pageY"}]},{"ReExportRef":[{"start":[1,1],"name":"/home/dhruv/Final/bower_components/purescript-dom/src/DOM/Event/MouseEvent.purs","end":[65,29]},["DOM","Event","Types"],{"ValueRef":[{"start":[1,1],"name":"/home/dhruv/Final/bower_components/purescript-dom/src/DOM/Event/MouseEvent.purs","end":[65,29]},{"Ident":"readMouseEvent"}]}]},{"ValueRef":[{"start":[1,1],"name":"/home/dhruv/Final/bower_components/purescript-dom/src/DOM/Event/MouseEvent.purs","end":[65,29]},{"Ident":"relatedTarget"}]},{"ValueRef":[{"start":[1,1],"name":"/home/dhruv/Final/bower_components/purescript-dom/src/DOM/Event/MouseEvent.purs","end":[65,29]},{"Ident":"screenX"}]},{"ValueRef":[{"start":[1,1],"name":"/home/dhruv/Final/bower_components/purescript-dom/src/DOM/Event/MouseEvent.purs","end":[65,29]},{"Ident":"screenY"}]},{"ValueRef":[{"start":[1,1],"name":"/home/dhruv/Final/bower_components/purescript-dom/src/DOM/Event/MouseEvent.purs","end":[65,29]},{"Ident":"shiftKey"}]},{"ModuleRef":[{"start":[2,5],"name":"/home/dhruv/Final/bower_components/purescript-dom/src/DOM/Event/MouseEvent.purs","end":[2,13]},["T"]]}],"efImports":[{"eiModule":["Prim"],"eiImportType":{"Implicit":[]},"eiImportedAs":null},{"eiModule":["Prim"],"eiImportType":{"Implicit":[]},"eiImportedAs":["Prim"]},{"eiModule":["Prelude"],"eiImportType":{"Implicit":[]},"eiImportedAs":null},{"eiModule":["Control","Monad","Eff"],"eiImportType":{"Explicit":[{"TypeRef":[{"start":[21,27],"name":"/home/dhruv/Final/bower_components/purescript-dom/src/DOM/Event/MouseEvent.purs","end":[21,30]},"Eff",[]]}]},"eiImportedAs":null},{"eiModule":["Data","Foreign"],"eiImportType":{"Explicit":[{"TypeRef":[{"start":[22,22],"name":"/home/dhruv/Final/bower_components/purescript-dom/src/DOM/Event/MouseEvent.purs","end":[22,23]},"F",[]]},{"ValueRef":[{"start":[22,25],"name":"/home/dhruv/Final/bower_components/purescript-dom/src/DOM/Event/MouseEvent.purs","end":[22,34]},{"Ident":"toForeign"}]}]},"eiImportedAs":null},{"eiModule":["Data","Maybe"],"eiImportType":{"Explicit":[{"TypeRef":[{"start":[23,20],"name":"/home/dhruv/Final/bower_components/purescript-dom/src/DOM/Event/MouseEvent.purs","end":[23,25]},"Maybe",[]]}]},"eiImportedAs":null},{"eiModule":["Data","Nullable"],"eiImportType":{"Explicit":[{"TypeRef":[{"start":[24,23],"name":"/home/dhruv/Final/bower_components/purescript-dom/src/DOM/Event/MouseEvent.purs","end":[24,31]},"Nullable",[]]},{"ValueRef":[{"start":[24,33],"name":"/home/dhruv/Final/bower_components/purescript-dom/src/DOM/Event/MouseEvent.purs","end":[24,40]},{"Ident":"toMaybe"}]}]},"eiImportedAs":null},{"eiModule":["DOM"],"eiImportType":{"Explicit":[{"TypeRef":[{"start":[25,13],"name":"/home/dhruv/Final/bower_components/purescript-dom/src/DOM/Event/MouseEvent.purs","end":[25,16]},"DOM",[]]}]},"eiImportedAs":null},{"eiModule":["DOM","Event","Types"],"eiImportType":{"Explicit":[{"TypeRef":[{"start":[26,25],"name":"/home/dhruv/Final/bower_components/purescript-dom/src/DOM/Event/MouseEvent.purs","end":[26,30]},"Event",[]]},{"TypeRef":[{"start":[26,32],"name":"/home/dhruv/Final/bower_components/purescript-dom/src/DOM/Event/MouseEvent.purs","end":[26,43]},"EventTarget",[]]},{"TypeRef":[{"start":[26,45],"name":"/home/dhruv/Final/bower_components/purescript-dom/src/DOM/Event/MouseEvent.purs","end":[26,55]},"MouseEvent",[]]},{"ValueRef":[{"start":[26,57],"name":"/home/dhruv/Final/bower_components/purescript-dom/src/DOM/Event/MouseEvent.purs","end":[26,71]},{"Ident":"readMouseEvent"}]}]},"eiImportedAs":null},{"eiModule":["DOM","Event","Types"],"eiImportType":{"Explicit":[{"TypeRef":[{"start":[27,25],"name":"/home/dhruv/Final/bower_components/purescript-dom/src/DOM/Event/MouseEvent.purs","end":[27,35]},"MouseEvent",[]]},{"ValueRef":[{"start":[27,37],"name":"/home/dhruv/Final/bower_components/purescript-dom/src/DOM/Event/MouseEvent.purs","end":[27,54]},{"Ident":"mouseEventToEvent"}]},{"ValueRef":[{"start":[27,56],"name":"/home/dhruv/Final/bower_components/purescript-dom/src/DOM/Event/MouseEvent.purs","end":[27,70]},{"Ident":"readMouseEvent"}]}]},"eiImportedAs":["T"]}],"efFixities":[],"efTypeFixities":[],"efDeclarations":[{"EDValue":{"edValueName":{"Ident":"altKey"},"edValueType":{"tag":"TypeApp","contents":[{"tag":"TypeApp","contents":[{"tag":"TypeConstructor","contents":[["Prim"],"Function"]},{"tag":"TypeConstructor","contents":[["DOM","Event","Types"],"MouseEvent"]}]},{"tag":"TypeConstructor","contents":[["Prim"],"Boolean"]}]}}},{"EDValue":{"edValueName":{"Ident":"button"},"edValueType":{"tag":"TypeApp","contents":[{"tag":"TypeApp","contents":[{"tag":"TypeConstructor","contents":[["Prim"],"Function"]},{"tag":"TypeConstructor","contents":[["DOM","Event","Types"],"MouseEvent"]}]},{"tag":"TypeConstructor","contents":[["Prim"],"Int"]}]}}},{"EDValue":{"edValueName":{"Ident":"buttons"},"edValueType":{"tag":"TypeApp","contents":[{"tag":"TypeApp","contents":[{"tag":"TypeConstructor","contents":[["Prim"],"Function"]},{"tag":"TypeConstructor","contents":[["DOM","Event","Types"],"MouseEvent"]}]},{"tag":"TypeConstructor","contents":[["Prim"],"Int"]}]}}},{"EDValue":{"edValueName":{"Ident":"clientX"},"edValueType":{"tag":"TypeApp","contents":[{"tag":"TypeApp","contents":[{"tag":"TypeConstructor","contents":[["Prim"],"Function"]},{"tag":"TypeConstructor","contents":[["DOM","Event","Types"],"MouseEvent"]}]},{"tag":"TypeConstructor","contents":[["Prim"],"Int"]}]}}},{"EDValue":{"edValueName":{"Ident":"clientY"},"edValueType":{"tag":"TypeApp","contents":[{"tag":"TypeApp","contents":[{"tag":"TypeConstructor","contents":[["Prim"],"Function"]},{"tag":"TypeConstructor","contents":[["DOM","Event","Types"],"MouseEvent"]}]},{"tag":"TypeConstructor","contents":[["Prim"],"Int"]}]}}},{"EDValue":{"edValueName":{"Ident":"ctrlKey"},"edValueType":{"tag":"TypeApp","contents":[{"tag":"TypeApp","contents":[{"tag":"TypeConstructor","contents":[["Prim"],"Function"]},{"tag":"TypeConstructor","contents":[["DOM","Event","Types"],"MouseEvent"]}]},{"tag":"TypeConstructor","contents":[["Prim"],"Boolean"]}]}}},{"EDValue":{"edValueName":{"Ident":"eventToMouseEvent"},"edValueType":{"tag":"TypeApp","contents":[{"tag":"TypeApp","contents":[{"tag":"TypeConstructor","contents":[["Prim"],"Function"]},{"tag":"TypeConstructor","contents":[["DOM","Event","Types"],"Event"]}]},{"tag":"TypeApp","contents":[{"tag":"TypeApp","contents":[{"tag":"TypeApp","contents":[{"tag":"TypeConstructor","contents":[["Control","Monad","Except","Trans"],"ExceptT"]},{"tag":"TypeApp","contents":[{"tag":"TypeConstructor","contents":[["Data","List","Types"],"NonEmptyList"]},{"tag":"TypeConstructor","contents":[["Data","Foreign"],"ForeignError"]}]}]},{"tag":"TypeConstructor","contents":[["Data","Identity"],"Identity"]}]},{"tag":"TypeConstructor","contents":[["DOM","Event","Types"],"MouseEvent"]}]}]}}},{"EDValue":{"edValueName":{"Ident":"getModifierState"},"edValueType":{"tag":"ForAll","contents":["eff",{"tag":"TypeApp","contents":[{"tag":"TypeApp","contents":[{"tag":"TypeConstructor","contents":[["Prim"],"Function"]},{"tag":"TypeConstructor","contents":[["Prim"],"String"]}]},{"tag":"TypeApp","contents":[{"tag":"TypeApp","contents":[{"tag":"TypeConstructor","contents":[["Prim"],"Function"]},{"tag":"TypeConstructor","contents":[["DOM","Event","Types"],"MouseEvent"]}]},{"tag":"TypeApp","contents":[{"tag":"TypeApp","contents":[{"tag":"TypeConstructor","contents":[["Control","Monad","Eff"],"Eff"]},{"tag":"RCons","contents":["dom",{"tag":"TypeConstructor","contents":[["DOM"],"DOM"]},{"tag":"TypeVar","contents":"eff"}]}]},{"tag":"TypeConstructor","contents":[["Prim"],"Boolean"]}]}]}]},null]}}},{"EDValue":{"edValueName":{"Ident":"metaKey"},"edValueType":{"tag":"TypeApp","contents":[{"tag":"TypeApp","contents":[{"tag":"TypeConstructor","contents":[["Prim"],"Function"]},{"tag":"TypeConstructor","contents":[["DOM","Event","Types"],"MouseEvent"]}]},{"tag":"TypeConstructor","contents":[["Prim"],"Boolean"]}]}}},{"EDValue":{"edValueName":{"Ident":"pageX"},"edValueType":{"tag":"TypeApp","contents":[{"tag":"TypeApp","contents":[{"tag":"TypeConstructor","contents":[["Prim"],"Function"]},{"tag":"TypeConstructor","contents":[["DOM","Event","Types"],"MouseEvent"]}]},{"tag":"TypeConstructor","contents":[["Prim"],"Int"]}]}}},{"EDValue":{"edValueName":{"Ident":"pageY"},"edValueType":{"tag":"TypeApp","contents":[{"tag":"TypeApp","contents":[{"tag":"TypeConstructor","contents":[["Prim"],"Function"]},{"tag":"TypeConstructor","contents":[["DOM","Event","Types"],"MouseEvent"]}]},{"tag":"TypeConstructor","contents":[["Prim"],"Int"]}]}}},{"EDValue":{"edValueName":{"Ident":"relatedTarget"},"edValueType":{"tag":"TypeApp","contents":[{"tag":"TypeApp","contents":[{"tag":"TypeConstructor","contents":[["Prim"],"Function"]},{"tag":"TypeConstructor","contents":[["DOM","Event","Types"],"MouseEvent"]}]},{"tag":"TypeApp","contents":[{"tag":"TypeConstructor","contents":[["Data","Maybe"],"Maybe"]},{"tag":"TypeConstructor","contents":[["DOM","Event","Types"],"EventTarget"]}]}]}}},{"EDValue":{"edValueName":{"Ident":"screenX"},"edValueType":{"tag":"TypeApp","contents":[{"tag":"TypeApp","contents":[{"tag":"TypeConstructor","contents":[["Prim"],"Function"]},{"tag":"TypeConstructor","contents":[["DOM","Event","Types"],"MouseEvent"]}]},{"tag":"TypeConstructor","contents":[["Prim"],"Int"]}]}}},{"EDValue":{"edValueName":{"Ident":"screenY"},"edValueType":{"tag":"TypeApp","contents":[{"tag":"TypeApp","contents":[{"tag":"TypeConstructor","contents":[["Prim"],"Function"]},{"tag":"TypeConstructor","contents":[["DOM","Event","Types"],"MouseEvent"]}]},{"tag":"TypeConstructor","contents":[["Prim"],"Int"]}]}}},{"EDValue":{"edValueName":{"Ident":"shiftKey"},"edValueType":{"tag":"TypeApp","contents":[{"tag":"TypeApp","contents":[{"tag":"TypeConstructor","contents":[["Prim"],"Function"]},{"tag":"TypeConstructor","contents":[["DOM","Event","Types"],"MouseEvent"]}]},{"tag":"TypeConstructor","contents":[["Prim"],"Boolean"]}]}}}],"efSourceSpan":{"start":[1,1],"name":"/home/dhruv/Final/bower_components/purescript-dom/src/DOM/Event/MouseEvent.purs","end":[65,29]}}