{"efVersion":"0.11.6","efModuleName":["DOM","CSS","Event","Types"],"efExports":[{"TypeRef":[{"start":[1,1],"name":"/home/dhruv/Final/bower_components/purescript-dom/src/DOM/CSS/Event/Types.purs","end":[17,40]},"TransitionEvent",[]]},{"ValueRef":[{"start":[1,1],"name":"/home/dhruv/Final/bower_components/purescript-dom/src/DOM/CSS/Event/Types.purs","end":[17,40]},{"Ident":"readTransitionEvent"}]},{"ValueRef":[{"start":[1,1],"name":"/home/dhruv/Final/bower_components/purescript-dom/src/DOM/CSS/Event/Types.purs","end":[17,40]},{"Ident":"transitionEventToEvent"}]}],"efImports":[{"eiModule":["Prim"],"eiImportType":{"Implicit":[]},"eiImportedAs":null},{"eiModule":["Prim"],"eiImportType":{"Implicit":[]},"eiImportedAs":["Prim"]},{"eiModule":["Data","Foreign"],"eiImportType":{"Explicit":[{"TypeRef":[{"start":[7,22],"name":"/home/dhruv/Final/bower_components/purescript-dom/src/DOM/CSS/Event/Types.purs","end":[7,29]},"Foreign",[]]},{"TypeRef":[{"start":[7,31],"name":"/home/dhruv/Final/bower_components/purescript-dom/src/DOM/CSS/Event/Types.purs","end":[7,32]},"F",[]]},{"ValueRef":[{"start":[7,34],"name":"/home/dhruv/Final/bower_components/purescript-dom/src/DOM/CSS/Event/Types.purs","end":[7,50]},{"Ident":"unsafeReadTagged"}]}]},"eiImportedAs":null},{"eiModule":["DOM","Event","Types"],"eiImportType":{"Explicit":[{"TypeRef":[{"start":[8,25],"name":"/home/dhruv/Final/bower_components/purescript-dom/src/DOM/CSS/Event/Types.purs","end":[8,30]},"Event",[]]}]},"eiImportedAs":null},{"eiModule":["Unsafe","Coerce"],"eiImportType":{"Implicit":[]},"eiImportedAs":["U"]}],"efFixities":[],"efTypeFixities":[],"efDeclarations":[{"EDType":{"edTypeName":"TransitionEvent","edTypeKind":{"tag":"NamedKind","contents":[["Prim"],"Type"]},"edTypeDeclarationKind":"ExternData"}},{"EDValue":{"edValueName":{"Ident":"readTransitionEvent"},"edValueType":{"tag":"TypeApp","contents":[{"tag":"TypeApp","contents":[{"tag":"TypeConstructor","contents":[["Prim"],"Function"]},{"tag":"TypeConstructor","contents":[["Data","Foreign"],"Foreign"]}]},{"tag":"TypeApp","contents":[{"tag":"TypeApp","contents":[{"tag":"TypeApp","contents":[{"tag":"TypeConstructor","contents":[["Control","Monad","Except","Trans"],"ExceptT"]},{"tag":"TypeApp","contents":[{"tag":"TypeConstructor","contents":[["Data","List","Types"],"NonEmptyList"]},{"tag":"TypeConstructor","contents":[["Data","Foreign"],"ForeignError"]}]}]},{"tag":"TypeConstructor","contents":[["Data","Identity"],"Identity"]}]},{"tag":"TypeConstructor","contents":[["DOM","CSS","Event","Types"],"TransitionEvent"]}]}]}}},{"EDValue":{"edValueName":{"Ident":"transitionEventToEvent"},"edValueType":{"tag":"TypeApp","contents":[{"tag":"TypeApp","contents":[{"tag":"TypeConstructor","contents":[["Prim"],"Function"]},{"tag":"TypeConstructor","contents":[["DOM","CSS","Event","Types"],"TransitionEvent"]}]},{"tag":"TypeConstructor","contents":[["DOM","Event","Types"],"Event"]}]}}}],"efSourceSpan":{"start":[1,1],"name":"/home/dhruv/Final/bower_components/purescript-dom/src/DOM/CSS/Event/Types.purs","end":[17,40]}}