{"efVersion":"0.11.6","efModuleName":["DOM","Node","NonElementParentNode"],"efExports":[{"ValueRef":[{"start":[1,1],"name":"/home/dhruv/Final/bower_components/purescript-dom/src/DOM/Node/NonElementParentNode.purs","end":[17,54]},{"Ident":"getElementById"}]}],"efImports":[{"eiModule":["Prim"],"eiImportType":{"Implicit":[]},"eiImportedAs":null},{"eiModule":["Prim"],"eiImportType":{"Implicit":[]},"eiImportedAs":["Prim"]},{"eiModule":["Prelude"],"eiImportType":{"Implicit":[]},"eiImportedAs":null},{"eiModule":["Control","Monad","Eff"],"eiImportType":{"Explicit":[{"TypeRef":[{"start":[6,27],"name":"/home/dhruv/Final/bower_components/purescript-dom/src/DOM/Node/NonElementParentNode.purs","end":[6,30]},"Eff",[]]}]},"eiImportedAs":null},{"eiModule":["Data","Maybe"],"eiImportType":{"Explicit":[{"TypeRef":[{"start":[7,20],"name":"/home/dhruv/Final/bower_components/purescript-dom/src/DOM/Node/NonElementParentNode.purs","end":[7,25]},"Maybe",[]]}]},"eiImportedAs":null},{"eiModule":["Data","Nullable"],"eiImportType":{"Explicit":[{"TypeRef":[{"start":[8,23],"name":"/home/dhruv/Final/bower_components/purescript-dom/src/DOM/Node/NonElementParentNode.purs","end":[8,31]},"Nullable",[]]},{"ValueRef":[{"start":[8,33],"name":"/home/dhruv/Final/bower_components/purescript-dom/src/DOM/Node/NonElementParentNode.purs","end":[8,40]},{"Ident":"toMaybe"}]}]},"eiImportedAs":null},{"eiModule":["DOM"],"eiImportType":{"Explicit":[{"TypeRef":[{"start":[9,13],"name":"/home/dhruv/Final/bower_components/purescript-dom/src/DOM/Node/NonElementParentNode.purs","end":[9,16]},"DOM",[]]}]},"eiImportedAs":null},{"eiModule":["DOM","Node","Types"],"eiImportType":{"Explicit":[{"TypeRef":[{"start":[10,24],"name":"/home/dhruv/Final/bower_components/purescript-dom/src/DOM/Node/NonElementParentNode.purs","end":[10,31]},"Element",[]]},{"TypeRef":[{"start":[10,33],"name":"/home/dhruv/Final/bower_components/purescript-dom/src/DOM/Node/NonElementParentNode.purs","end":[10,53]},"NonElementParentNode",[]]},{"TypeRef":[{"start":[10,55],"name":"/home/dhruv/Final/bower_components/purescript-dom/src/DOM/Node/NonElementParentNode.purs","end":[10,64]},"ElementId",[]]}]},"eiImportedAs":null}],"efFixities":[],"efTypeFixities":[],"efDeclarations":[{"EDValue":{"edValueName":{"Ident":"getElementById"},"edValueType":{"tag":"ForAll","contents":["eff",{"tag":"TypeApp","contents":[{"tag":"TypeApp","contents":[{"tag":"TypeConstructor","contents":[["Prim"],"Function"]},{"tag":"TypeConstructor","contents":[["DOM","Node","Types"],"ElementId"]}]},{"tag":"TypeApp","contents":[{"tag":"TypeApp","contents":[{"tag":"TypeConstructor","contents":[["Prim"],"Function"]},{"tag":"TypeConstructor","contents":[["DOM","Node","Types"],"NonElementParentNode"]}]},{"tag":"TypeApp","contents":[{"tag":"TypeApp","contents":[{"tag":"TypeConstructor","contents":[["Control","Monad","Eff"],"Eff"]},{"tag":"RCons","contents":["dom",{"tag":"TypeConstructor","contents":[["DOM"],"DOM"]},{"tag":"TypeVar","contents":"eff"}]}]},{"tag":"TypeApp","contents":[{"tag":"TypeConstructor","contents":[["Data","Maybe"],"Maybe"]},{"tag":"TypeConstructor","contents":[["DOM","Node","Types"],"Element"]}]}]}]}]},0]}}}],"efSourceSpan":{"start":[1,1],"name":"/home/dhruv/Final/bower_components/purescript-dom/src/DOM/Node/NonElementParentNode.purs","end":[17,54]}}