{"efVersion":"0.11.6","efModuleName":["Data","ArrayBuffer","Types"],"efExports":[{"TypeRef":[{"start":[1,1],"name":"/home/dhruv/Final/bower_components/purescript-arraybuffer-types/src/Data/ArrayBuffer/Types.purs","end":[36,31]},"ArrayBuffer",[]]},{"TypeRef":[{"start":[1,1],"name":"/home/dhruv/Final/bower_components/purescript-arraybuffer-types/src/Data/ArrayBuffer/Types.purs","end":[36,31]},"ArrayView",[]]},{"TypeRef":[{"start":[1,1],"name":"/home/dhruv/Final/bower_components/purescript-arraybuffer-types/src/Data/ArrayBuffer/Types.purs","end":[36,31]},"ByteLength",[]]},{"TypeRef":[{"start":[1,1],"name":"/home/dhruv/Final/bower_components/purescript-arraybuffer-types/src/Data/ArrayBuffer/Types.purs","end":[36,31]},"ByteOffset",[]]},{"TypeRef":[{"start":[1,1],"name":"/home/dhruv/Final/bower_components/purescript-arraybuffer-types/src/Data/ArrayBuffer/Types.purs","end":[36,31]},"DataView",[]]},{"TypeRef":[{"start":[1,1],"name":"/home/dhruv/Final/bower_components/purescript-arraybuffer-types/src/Data/ArrayBuffer/Types.purs","end":[36,31]},"Float32",[]]},{"TypeRef":[{"start":[1,1],"name":"/home/dhruv/Final/bower_components/purescript-arraybuffer-types/src/Data/ArrayBuffer/Types.purs","end":[36,31]},"Float32Array",[]]},{"TypeRef":[{"start":[1,1],"name":"/home/dhruv/Final/bower_components/purescript-arraybuffer-types/src/Data/ArrayBuffer/Types.purs","end":[36,31]},"Float64",[]]},{"TypeRef":[{"start":[1,1],"name":"/home/dhruv/Final/bower_components/purescript-arraybuffer-types/src/Data/ArrayBuffer/Types.purs","end":[36,31]},"Float64Array",[]]},{"TypeRef":[{"start":[1,1],"name":"/home/dhruv/Final/bower_components/purescript-arraybuffer-types/src/Data/ArrayBuffer/Types.purs","end":[36,31]},"Int16",[]]},{"TypeRef":[{"start":[1,1],"name":"/home/dhruv/Final/bower_components/purescript-arraybuffer-types/src/Data/ArrayBuffer/Types.purs","end":[36,31]},"Int16Array",[]]},{"TypeRef":[{"start":[1,1],"name":"/home/dhruv/Final/bower_components/purescript-arraybuffer-types/src/Data/ArrayBuffer/Types.purs","end":[36,31]},"Int32",[]]},{"TypeRef":[{"start":[1,1],"name":"/home/dhruv/Final/bower_components/purescript-arraybuffer-types/src/Data/ArrayBuffer/Types.purs","end":[36,31]},"Int32Array",[]]},{"TypeRef":[{"start":[1,1],"name":"/home/dhruv/Final/bower_components/purescript-arraybuffer-types/src/Data/ArrayBuffer/Types.purs","end":[36,31]},"Int8",[]]},{"TypeRef":[{"start":[1,1],"name":"/home/dhruv/Final/bower_components/purescript-arraybuffer-types/src/Data/ArrayBuffer/Types.purs","end":[36,31]},"Int8Array",[]]},{"TypeRef":[{"start":[1,1],"name":"/home/dhruv/Final/bower_components/purescript-arraybuffer-types/src/Data/ArrayBuffer/Types.purs","end":[36,31]},"Uint16",[]]},{"TypeRef":[{"start":[1,1],"name":"/home/dhruv/Final/bower_components/purescript-arraybuffer-types/src/Data/ArrayBuffer/Types.purs","end":[36,31]},"Uint16Array",[]]},{"TypeRef":[{"start":[1,1],"name":"/home/dhruv/Final/bower_components/purescript-arraybuffer-types/src/Data/ArrayBuffer/Types.purs","end":[36,31]},"Uint32",[]]},{"TypeRef":[{"start":[1,1],"name":"/home/dhruv/Final/bower_components/purescript-arraybuffer-types/src/Data/ArrayBuffer/Types.purs","end":[36,31]},"Uint32Array",[]]},{"TypeRef":[{"start":[1,1],"name":"/home/dhruv/Final/bower_components/purescript-arraybuffer-types/src/Data/ArrayBuffer/Types.purs","end":[36,31]},"Uint8",[]]},{"TypeRef":[{"start":[1,1],"name":"/home/dhruv/Final/bower_components/purescript-arraybuffer-types/src/Data/ArrayBuffer/Types.purs","end":[36,31]},"Uint8Array",[]]},{"TypeRef":[{"start":[1,1],"name":"/home/dhruv/Final/bower_components/purescript-arraybuffer-types/src/Data/ArrayBuffer/Types.purs","end":[36,31]},"Uint8Clamped",[]]},{"TypeRef":[{"start":[1,1],"name":"/home/dhruv/Final/bower_components/purescript-arraybuffer-types/src/Data/ArrayBuffer/Types.purs","end":[36,31]},"Uint8ClampedArray",[]]}],"efImports":[{"eiModule":["Prim"],"eiImportType":{"Implicit":[]},"eiImportedAs":null},{"eiModule":["Prim"],"eiImportType":{"Implicit":[]},"eiImportedAs":["Prim"]}],"efFixities":[],"efTypeFixities":[],"efDeclarations":[{"EDType":{"edTypeName":"ArrayBuffer","edTypeKind":{"tag":"NamedKind","contents":[["Prim"],"Type"]},"edTypeDeclarationKind":"ExternData"}},{"EDType":{"edTypeName":"ArrayView","edTypeKind":{"tag":"FunKind","contents":[{"tag":"NamedKind","contents":[["Prim"],"Type"]},{"tag":"NamedKind","contents":[["Prim"],"Type"]}]},"edTypeDeclarationKind":"ExternData"}},{"EDType":{"edTypeName":"ByteLength","edTypeKind":{"tag":"NamedKind","contents":[["Prim"],"Type"]},"edTypeDeclarationKind":"TypeSynonym"}},{"EDTypeSynonym":{"edTypeSynonymName":"ByteLength","edTypeSynonymArguments":[],"edTypeSynonymType":{"tag":"TypeConstructor","contents":[["Prim"],"Int"]}}},{"EDType":{"edTypeName":"ByteOffset","edTypeKind":{"tag":"NamedKind","contents":[["Prim"],"Type"]},"edTypeDeclarationKind":"TypeSynonym"}},{"EDTypeSynonym":{"edTypeSynonymName":"ByteOffset","edTypeSynonymArguments":[],"edTypeSynonymType":{"tag":"TypeConstructor","contents":[["Prim"],"Int"]}}},{"EDType":{"edTypeName":"DataView","edTypeKind":{"tag":"NamedKind","contents":[["Prim"],"Type"]},"edTypeDeclarationKind":"ExternData"}},{"EDType":{"edTypeName":"Float32","edTypeKind":{"tag":"NamedKind","contents":[["Prim"],"Type"]},"edTypeDeclarationKind":{"DataType":{"args":[],"ctors":[]}}}},{"EDType":{"edTypeName":"Float32Array","edTypeKind":{"tag":"NamedKind","contents":[["Prim"],"Type"]},"edTypeDeclarationKind":"TypeSynonym"}},{"EDTypeSynonym":{"edTypeSynonymName":"Float32Array","edTypeSynonymArguments":[],"edTypeSynonymType":{"tag":"TypeApp","contents":[{"tag":"TypeConstructor","contents":[["Data","ArrayBuffer","Types"],"ArrayView"]},{"tag":"TypeConstructor","contents":[["Data","ArrayBuffer","Types"],"Float32"]}]}}},{"EDType":{"edTypeName":"Float64","edTypeKind":{"tag":"NamedKind","contents":[["Prim"],"Type"]},"edTypeDeclarationKind":{"DataType":{"args":[],"ctors":[]}}}},{"EDType":{"edTypeName":"Float64Array","edTypeKind":{"tag":"NamedKind","contents":[["Prim"],"Type"]},"edTypeDeclarationKind":"TypeSynonym"}},{"EDTypeSynonym":{"edTypeSynonymName":"Float64Array","edTypeSynonymArguments":[],"edTypeSynonymType":{"tag":"TypeApp","contents":[{"tag":"TypeConstructor","contents":[["Data","ArrayBuffer","Types"],"ArrayView"]},{"tag":"TypeConstructor","contents":[["Data","ArrayBuffer","Types"],"Float64"]}]}}},{"EDType":{"edTypeName":"Int16","edTypeKind":{"tag":"NamedKind","contents":[["Prim"],"Type"]},"edTypeDeclarationKind":{"DataType":{"args":[],"ctors":[]}}}},{"EDType":{"edTypeName":"Int16Array","edTypeKind":{"tag":"NamedKind","contents":[["Prim"],"Type"]},"edTypeDeclarationKind":"TypeSynonym"}},{"EDTypeSynonym":{"edTypeSynonymName":"Int16Array","edTypeSynonymArguments":[],"edTypeSynonymType":{"tag":"TypeApp","contents":[{"tag":"TypeConstructor","contents":[["Data","ArrayBuffer","Types"],"ArrayView"]},{"tag":"TypeConstructor","contents":[["Data","ArrayBuffer","Types"],"Int16"]}]}}},{"EDType":{"edTypeName":"Int32","edTypeKind":{"tag":"NamedKind","contents":[["Prim"],"Type"]},"edTypeDeclarationKind":{"DataType":{"args":[],"ctors":[]}}}},{"EDType":{"edTypeName":"Int32Array","edTypeKind":{"tag":"NamedKind","contents":[["Prim"],"Type"]},"edTypeDeclarationKind":"TypeSynonym"}},{"EDTypeSynonym":{"edTypeSynonymName":"Int32Array","edTypeSynonymArguments":[],"edTypeSynonymType":{"tag":"TypeApp","contents":[{"tag":"TypeConstructor","contents":[["Data","ArrayBuffer","Types"],"ArrayView"]},{"tag":"TypeConstructor","contents":[["Data","ArrayBuffer","Types"],"Int32"]}]}}},{"EDType":{"edTypeName":"Int8","edTypeKind":{"tag":"NamedKind","contents":[["Prim"],"Type"]},"edTypeDeclarationKind":{"DataType":{"args":[],"ctors":[]}}}},{"EDType":{"edTypeName":"Int8Array","edTypeKind":{"tag":"NamedKind","contents":[["Prim"],"Type"]},"edTypeDeclarationKind":"TypeSynonym"}},{"EDTypeSynonym":{"edTypeSynonymName":"Int8Array","edTypeSynonymArguments":[],"edTypeSynonymType":{"tag":"TypeApp","contents":[{"tag":"TypeConstructor","contents":[["Data","ArrayBuffer","Types"],"ArrayView"]},{"tag":"TypeConstructor","contents":[["Data","ArrayBuffer","Types"],"Int8"]}]}}},{"EDType":{"edTypeName":"Uint16","edTypeKind":{"tag":"NamedKind","contents":[["Prim"],"Type"]},"edTypeDeclarationKind":{"DataType":{"args":[],"ctors":[]}}}},{"EDType":{"edTypeName":"Uint16Array","edTypeKind":{"tag":"NamedKind","contents":[["Prim"],"Type"]},"edTypeDeclarationKind":"TypeSynonym"}},{"EDTypeSynonym":{"edTypeSynonymName":"Uint16Array","edTypeSynonymArguments":[],"edTypeSynonymType":{"tag":"TypeApp","contents":[{"tag":"TypeConstructor","contents":[["Data","ArrayBuffer","Types"],"ArrayView"]},{"tag":"TypeConstructor","contents":[["Data","ArrayBuffer","Types"],"Uint16"]}]}}},{"EDType":{"edTypeName":"Uint32","edTypeKind":{"tag":"NamedKind","contents":[["Prim"],"Type"]},"edTypeDeclarationKind":{"DataType":{"args":[],"ctors":[]}}}},{"EDType":{"edTypeName":"Uint32Array","edTypeKind":{"tag":"NamedKind","contents":[["Prim"],"Type"]},"edTypeDeclarationKind":"TypeSynonym"}},{"EDTypeSynonym":{"edTypeSynonymName":"Uint32Array","edTypeSynonymArguments":[],"edTypeSynonymType":{"tag":"TypeApp","contents":[{"tag":"TypeConstructor","contents":[["Data","ArrayBuffer","Types"],"ArrayView"]},{"tag":"TypeConstructor","contents":[["Data","ArrayBuffer","Types"],"Uint32"]}]}}},{"EDType":{"edTypeName":"Uint8","edTypeKind":{"tag":"NamedKind","contents":[["Prim"],"Type"]},"edTypeDeclarationKind":{"DataType":{"args":[],"ctors":[]}}}},{"EDType":{"edTypeName":"Uint8Array","edTypeKind":{"tag":"NamedKind","contents":[["Prim"],"Type"]},"edTypeDeclarationKind":"TypeSynonym"}},{"EDTypeSynonym":{"edTypeSynonymName":"Uint8Array","edTypeSynonymArguments":[],"edTypeSynonymType":{"tag":"TypeApp","contents":[{"tag":"TypeConstructor","contents":[["Data","ArrayBuffer","Types"],"ArrayView"]},{"tag":"TypeConstructor","contents":[["Data","ArrayBuffer","Types"],"Uint8"]}]}}},{"EDType":{"edTypeName":"Uint8Clamped","edTypeKind":{"tag":"NamedKind","contents":[["Prim"],"Type"]},"edTypeDeclarationKind":{"DataType":{"args":[],"ctors":[]}}}},{"EDType":{"edTypeName":"Uint8ClampedArray","edTypeKind":{"tag":"NamedKind","contents":[["Prim"],"Type"]},"edTypeDeclarationKind":"TypeSynonym"}},{"EDTypeSynonym":{"edTypeSynonymName":"Uint8ClampedArray","edTypeSynonymArguments":[],"edTypeSynonymType":{"tag":"TypeApp","contents":[{"tag":"TypeConstructor","contents":[["Data","ArrayBuffer","Types"],"ArrayView"]},{"tag":"TypeConstructor","contents":[["Data","ArrayBuffer","Types"],"Uint8Clamped"]}]}}}],"efSourceSpan":{"start":[1,1],"name":"/home/dhruv/Final/bower_components/purescript-arraybuffer-types/src/Data/ArrayBuffer/Types.purs","end":[36,31]}}