{"efVersion":"0.11.6","efModuleName":["Data","Time"],"efExports":[{"ReExportRef":[{"start":[1,1],"name":"/home/dhruv/Final/bower_components/purescript-datetime/src/Data/Time.purs","end":[124,59]},["Data","Time","Component"],{"TypeRef":[{"start":[1,1],"name":"/home/dhruv/Final/bower_components/purescript-datetime/src/Data/Time.purs","end":[124,59]},"Hour",[]]}]},{"ReExportRef":[{"start":[1,1],"name":"/home/dhruv/Final/bower_components/purescript-datetime/src/Data/Time.purs","end":[124,59]},["Data","Time","Component"],{"TypeRef":[{"start":[1,1],"name":"/home/dhruv/Final/bower_components/purescript-datetime/src/Data/Time.purs","end":[124,59]},"Millisecond",[]]}]},{"ReExportRef":[{"start":[1,1],"name":"/home/dhruv/Final/bower_components/purescript-datetime/src/Data/Time.purs","end":[124,59]},["Data","Time","Component"],{"TypeRef":[{"start":[1,1],"name":"/home/dhruv/Final/bower_components/purescript-datetime/src/Data/Time.purs","end":[124,59]},"Minute",[]]}]},{"ReExportRef":[{"start":[1,1],"name":"/home/dhruv/Final/bower_components/purescript-datetime/src/Data/Time.purs","end":[124,59]},["Data","Time","Component"],{"TypeRef":[{"start":[1,1],"name":"/home/dhruv/Final/bower_components/purescript-datetime/src/Data/Time.purs","end":[124,59]},"Second",[]]}]},{"TypeRef":[{"start":[1,1],"name":"/home/dhruv/Final/bower_components/purescript-datetime/src/Data/Time.purs","end":[124,59]},"Time",["Time"]]},{"ValueRef":[{"start":[1,1],"name":"/home/dhruv/Final/bower_components/purescript-datetime/src/Data/Time.purs","end":[124,59]},{"Ident":"adjust"}]},{"ValueRef":[{"start":[1,1],"name":"/home/dhruv/Final/bower_components/purescript-datetime/src/Data/Time.purs","end":[124,59]},{"Ident":"diff"}]},{"ValueRef":[{"start":[1,1],"name":"/home/dhruv/Final/bower_components/purescript-datetime/src/Data/Time.purs","end":[124,59]},{"Ident":"hour"}]},{"ValueRef":[{"start":[1,1],"name":"/home/dhruv/Final/bower_components/purescript-datetime/src/Data/Time.purs","end":[124,59]},{"Ident":"millisecond"}]},{"ValueRef":[{"start":[1,1],"name":"/home/dhruv/Final/bower_components/purescript-datetime/src/Data/Time.purs","end":[124,59]},{"Ident":"minute"}]},{"ValueRef":[{"start":[1,1],"name":"/home/dhruv/Final/bower_components/purescript-datetime/src/Data/Time.purs","end":[124,59]},{"Ident":"second"}]},{"ValueRef":[{"start":[1,1],"name":"/home/dhruv/Final/bower_components/purescript-datetime/src/Data/Time.purs","end":[124,59]},{"Ident":"setHour"}]},{"ValueRef":[{"start":[1,1],"name":"/home/dhruv/Final/bower_components/purescript-datetime/src/Data/Time.purs","end":[124,59]},{"Ident":"setMillisecond"}]},{"ValueRef":[{"start":[1,1],"name":"/home/dhruv/Final/bower_components/purescript-datetime/src/Data/Time.purs","end":[124,59]},{"Ident":"setMinute"}]},{"ValueRef":[{"start":[1,1],"name":"/home/dhruv/Final/bower_components/purescript-datetime/src/Data/Time.purs","end":[124,59]},{"Ident":"setSecond"}]},{"ModuleRef":[{"start":[9,5],"name":"/home/dhruv/Final/bower_components/purescript-datetime/src/Data/Time.purs","end":[9,31]},["Data","Time","Component"]]},{"TypeInstanceRef":[{"start":[0,0],"name":"<generated>","end":[0,0]},{"Ident":"eqTime"}]},{"TypeInstanceRef":[{"start":[0,0],"name":"<generated>","end":[0,0]},{"Ident":"ordTime"}]},{"TypeInstanceRef":[{"start":[0,0],"name":"<generated>","end":[0,0]},{"Ident":"genericTime"}]},{"TypeInstanceRef":[{"start":[0,0],"name":"<generated>","end":[0,0]},{"Ident":"boundedTime"}]},{"TypeInstanceRef":[{"start":[0,0],"name":"<generated>","end":[0,0]},{"Ident":"showTime"}]}],"efImports":[{"eiModule":["Prim"],"eiImportType":{"Implicit":[]},"eiImportedAs":null},{"eiModule":["Prim"],"eiImportType":{"Implicit":[]},"eiImportedAs":["Prim"]},{"eiModule":["Prelude"],"eiImportType":{"Implicit":[]},"eiImportedAs":null},{"eiModule":["Data","Enum"],"eiImportType":{"Explicit":[{"ValueRef":[{"start":[14,19],"name":"/home/dhruv/Final/bower_components/purescript-datetime/src/Data/Time.purs","end":[14,27]},{"Ident":"fromEnum"}]},{"ValueRef":[{"start":[14,29],"name":"/home/dhruv/Final/bower_components/purescript-datetime/src/Data/Time.purs","end":[14,35]},{"Ident":"toEnum"}]}]},"eiImportedAs":null},{"eiModule":["Data","Generic"],"eiImportType":{"Explicit":[{"TypeClassRef":[{"start":[15,22],"name":"/home/dhruv/Final/bower_components/purescript-datetime/src/Data/Time.purs","end":[15,35]},"Generic"]}]},"eiImportedAs":null},{"eiModule":["Data","Int"],"eiImportType":{"Implicit":[]},"eiImportedAs":["Int"]},{"eiModule":["Data","Maybe"],"eiImportType":{"Explicit":[{"ValueRef":[{"start":[17,20],"name":"/home/dhruv/Final/bower_components/purescript-datetime/src/Data/Time.purs","end":[17,28]},{"Ident":"fromJust"}]}]},"eiImportedAs":null},{"eiModule":["Data","Newtype"],"eiImportType":{"Explicit":[{"ValueRef":[{"start":[18,22],"name":"/home/dhruv/Final/bower_components/purescript-datetime/src/Data/Time.purs","end":[18,28]},{"Ident":"unwrap"}]}]},"eiImportedAs":null},{"eiModule":["Data","Time","Component"],"eiImportType":{"Explicit":[{"TypeRef":[{"start":[19,29],"name":"/home/dhruv/Final/bower_components/purescript-datetime/src/Data/Time.purs","end":[19,33]},"Hour",[]]},{"TypeRef":[{"start":[19,35],"name":"/home/dhruv/Final/bower_components/purescript-datetime/src/Data/Time.purs","end":[19,46]},"Millisecond",[]]},{"TypeRef":[{"start":[19,48],"name":"/home/dhruv/Final/bower_components/purescript-datetime/src/Data/Time.purs","end":[19,54]},"Minute",[]]},{"TypeRef":[{"start":[19,56],"name":"/home/dhruv/Final/bower_components/purescript-datetime/src/Data/Time.purs","end":[19,62]},"Second",[]]}]},"eiImportedAs":null},{"eiModule":["Data","Time","Duration"],"eiImportType":{"Explicit":[{"TypeClassRef":[{"start":[20,28],"name":"/home/dhruv/Final/bower_components/purescript-datetime/src/Data/Time.purs","end":[20,42]},"Duration"]},{"TypeRef":[{"start":[20,44],"name":"/home/dhruv/Final/bower_components/purescript-datetime/src/Data/Time.purs","end":[20,52]},"Days",null]},{"TypeRef":[{"start":[20,54],"name":"/home/dhruv/Final/bower_components/purescript-datetime/src/Data/Time.purs","end":[20,70]},"Milliseconds",null]},{"ValueRef":[{"start":[20,72],"name":"/home/dhruv/Final/bower_components/purescript-datetime/src/Data/Time.purs","end":[20,84]},{"Ident":"fromDuration"}]},{"ValueRef":[{"start":[20,86],"name":"/home/dhruv/Final/bower_components/purescript-datetime/src/Data/Time.purs","end":[20,96]},{"Ident":"toDuration"}]}]},"eiImportedAs":null},{"eiModule":["Data","Tuple"],"eiImportType":{"Explicit":[{"TypeRef":[{"start":[21,20],"name":"/home/dhruv/Final/bower_components/purescript-datetime/src/Data/Time.purs","end":[21,29]},"Tuple",null]}]},"eiImportedAs":null},{"eiModule":["Math"],"eiImportType":{"Implicit":[]},"eiImportedAs":["Math"]},{"eiModule":["Partial","Unsafe"],"eiImportType":{"Explicit":[{"ValueRef":[{"start":[25,24],"name":"/home/dhruv/Final/bower_components/purescript-datetime/src/Data/Time.purs","end":[25,37]},{"Ident":"unsafePartial"}]}]},"eiImportedAs":null}],"efFixities":[],"efTypeFixities":[],"efDeclarations":[{"EDType":{"edTypeName":"Time","edTypeKind":{"tag":"NamedKind","contents":[["Prim"],"Type"]},"edTypeDeclarationKind":{"DataType":{"args":[],"ctors":[["Time",[{"tag":"TypeConstructor","contents":[["Data","Time","Component"],"Hour"]},{"tag":"TypeConstructor","contents":[["Data","Time","Component"],"Minute"]},{"tag":"TypeConstructor","contents":[["Data","Time","Component"],"Second"]},{"tag":"TypeConstructor","contents":[["Data","Time","Component"],"Millisecond"]}]]]}}}},{"EDDataConstructor":{"edDataCtorName":"Time","edDataCtorOrigin":"data","edDataCtorTypeCtor":"Time","edDataCtorType":{"tag":"TypeApp","contents":[{"tag":"TypeApp","contents":[{"tag":"TypeConstructor","contents":[["Prim"],"Function"]},{"tag":"TypeConstructor","contents":[["Data","Time","Component"],"Hour"]}]},{"tag":"TypeApp","contents":[{"tag":"TypeApp","contents":[{"tag":"TypeConstructor","contents":[["Prim"],"Function"]},{"tag":"TypeConstructor","contents":[["Data","Time","Component"],"Minute"]}]},{"tag":"TypeApp","contents":[{"tag":"TypeApp","contents":[{"tag":"TypeConstructor","contents":[["Prim"],"Function"]},{"tag":"TypeConstructor","contents":[["Data","Time","Component"],"Second"]}]},{"tag":"TypeApp","contents":[{"tag":"TypeApp","contents":[{"tag":"TypeConstructor","contents":[["Prim"],"Function"]},{"tag":"TypeConstructor","contents":[["Data","Time","Component"],"Millisecond"]}]},{"tag":"TypeConstructor","contents":[["Data","Time"],"Time"]}]}]}]}]},"edDataCtorFields":[{"Ident":"value0"},{"Ident":"value1"},{"Ident":"value2"},{"Ident":"value3"}]}},{"EDValue":{"edValueName":{"Ident":"adjust"},"edValueType":{"tag":"ForAll","contents":["d",{"tag":"ConstrainedType","contents":[{"constraintClass":[["Data","Time","Duration"],"Duration"],"constraintArgs":[{"tag":"TypeVar","contents":"d"}],"constraintData":null},{"tag":"TypeApp","contents":[{"tag":"TypeApp","contents":[{"tag":"TypeConstructor","contents":[["Prim"],"Function"]},{"tag":"TypeVar","contents":"d"}]},{"tag":"TypeApp","contents":[{"tag":"TypeApp","contents":[{"tag":"TypeConstructor","contents":[["Prim"],"Function"]},{"tag":"TypeConstructor","contents":[["Data","Time"],"Time"]}]},{"tag":"TypeApp","contents":[{"tag":"TypeApp","contents":[{"tag":"TypeConstructor","contents":[["Data","Tuple"],"Tuple"]},{"tag":"TypeConstructor","contents":[["Data","Time","Duration"],"Days"]}]},{"tag":"TypeConstructor","contents":[["Data","Time"],"Time"]}]}]}]}]},4]}}},{"EDValue":{"edValueName":{"Ident":"diff"},"edValueType":{"tag":"ForAll","contents":["d",{"tag":"ConstrainedType","contents":[{"constraintClass":[["Data","Time","Duration"],"Duration"],"constraintArgs":[{"tag":"TypeVar","contents":"d"}],"constraintData":null},{"tag":"TypeApp","contents":[{"tag":"TypeApp","contents":[{"tag":"TypeConstructor","contents":[["Prim"],"Function"]},{"tag":"TypeConstructor","contents":[["Data","Time"],"Time"]}]},{"tag":"TypeApp","contents":[{"tag":"TypeApp","contents":[{"tag":"TypeConstructor","contents":[["Prim"],"Function"]},{"tag":"TypeConstructor","contents":[["Data","Time"],"Time"]}]},{"tag":"TypeVar","contents":"d"}]}]}]},2]}}},{"EDValue":{"edValueName":{"Ident":"hour"},"edValueType":{"tag":"TypeApp","contents":[{"tag":"TypeApp","contents":[{"tag":"TypeConstructor","contents":[["Prim"],"Function"]},{"tag":"TypeConstructor","contents":[["Data","Time"],"Time"]}]},{"tag":"TypeConstructor","contents":[["Data","Time","Component"],"Hour"]}]}}},{"EDValue":{"edValueName":{"Ident":"millisecond"},"edValueType":{"tag":"TypeApp","contents":[{"tag":"TypeApp","contents":[{"tag":"TypeConstructor","contents":[["Prim"],"Function"]},{"tag":"TypeConstructor","contents":[["Data","Time"],"Time"]}]},{"tag":"TypeConstructor","contents":[["Data","Time","Component"],"Millisecond"]}]}}},{"EDValue":{"edValueName":{"Ident":"minute"},"edValueType":{"tag":"TypeApp","contents":[{"tag":"TypeApp","contents":[{"tag":"TypeConstructor","contents":[["Prim"],"Function"]},{"tag":"TypeConstructor","contents":[["Data","Time"],"Time"]}]},{"tag":"TypeConstructor","contents":[["Data","Time","Component"],"Minute"]}]}}},{"EDValue":{"edValueName":{"Ident":"second"},"edValueType":{"tag":"TypeApp","contents":[{"tag":"TypeApp","contents":[{"tag":"TypeConstructor","contents":[["Prim"],"Function"]},{"tag":"TypeConstructor","contents":[["Data","Time"],"Time"]}]},{"tag":"TypeConstructor","contents":[["Data","Time","Component"],"Second"]}]}}},{"EDValue":{"edValueName":{"Ident":"setHour"},"edValueType":{"tag":"TypeApp","contents":[{"tag":"TypeApp","contents":[{"tag":"TypeConstructor","contents":[["Prim"],"Function"]},{"tag":"TypeConstructor","contents":[["Data","Time","Component"],"Hour"]}]},{"tag":"TypeApp","contents":[{"tag":"TypeApp","contents":[{"tag":"TypeConstructor","contents":[["Prim"],"Function"]},{"tag":"TypeConstructor","contents":[["Data","Time"],"Time"]}]},{"tag":"TypeConstructor","contents":[["Data","Time"],"Time"]}]}]}}},{"EDValue":{"edValueName":{"Ident":"setMillisecond"},"edValueType":{"tag":"TypeApp","contents":[{"tag":"TypeApp","contents":[{"tag":"TypeConstructor","contents":[["Prim"],"Function"]},{"tag":"TypeConstructor","contents":[["Data","Time","Component"],"Millisecond"]}]},{"tag":"TypeApp","contents":[{"tag":"TypeApp","contents":[{"tag":"TypeConstructor","contents":[["Prim"],"Function"]},{"tag":"TypeConstructor","contents":[["Data","Time"],"Time"]}]},{"tag":"TypeConstructor","contents":[["Data","Time"],"Time"]}]}]}}},{"EDValue":{"edValueName":{"Ident":"setMinute"},"edValueType":{"tag":"TypeApp","contents":[{"tag":"TypeApp","contents":[{"tag":"TypeConstructor","contents":[["Prim"],"Function"]},{"tag":"TypeConstructor","contents":[["Data","Time","Component"],"Minute"]}]},{"tag":"TypeApp","contents":[{"tag":"TypeApp","contents":[{"tag":"TypeConstructor","contents":[["Prim"],"Function"]},{"tag":"TypeConstructor","contents":[["Data","Time"],"Time"]}]},{"tag":"TypeConstructor","contents":[["Data","Time"],"Time"]}]}]}}},{"EDValue":{"edValueName":{"Ident":"setSecond"},"edValueType":{"tag":"TypeApp","contents":[{"tag":"TypeApp","contents":[{"tag":"TypeConstructor","contents":[["Prim"],"Function"]},{"tag":"TypeConstructor","contents":[["Data","Time","Component"],"Second"]}]},{"tag":"TypeApp","contents":[{"tag":"TypeApp","contents":[{"tag":"TypeConstructor","contents":[["Prim"],"Function"]},{"tag":"TypeConstructor","contents":[["Data","Time"],"Time"]}]},{"tag":"TypeConstructor","contents":[["Data","Time"],"Time"]}]}]}}},{"EDInstance":{"edInstanceClassName":[["Data","Eq"],"Eq"],"edInstanceName":{"Ident":"eqTime"},"edInstanceTypes":[{"tag":"TypeConstructor","contents":[["Data","Time"],"Time"]}],"edInstanceConstraints":[]}},{"EDInstance":{"edInstanceClassName":[["Data","Ord"],"Ord"],"edInstanceName":{"Ident":"ordTime"},"edInstanceTypes":[{"tag":"TypeConstructor","contents":[["Data","Time"],"Time"]}],"edInstanceConstraints":[]}},{"EDInstance":{"edInstanceClassName":[["Data","Generic"],"Generic"],"edInstanceName":{"Ident":"genericTime"},"edInstanceTypes":[{"tag":"TypeConstructor","contents":[["Data","Time"],"Time"]}],"edInstanceConstraints":[]}},{"EDInstance":{"edInstanceClassName":[["Data","Bounded"],"Bounded"],"edInstanceName":{"Ident":"boundedTime"},"edInstanceTypes":[{"tag":"TypeConstructor","contents":[["Data","Time"],"Time"]}],"edInstanceConstraints":[]}},{"EDInstance":{"edInstanceClassName":[["Data","Show"],"Show"],"edInstanceName":{"Ident":"showTime"},"edInstanceTypes":[{"tag":"TypeConstructor","contents":[["Data","Time"],"Time"]}],"edInstanceConstraints":[]}}],"efSourceSpan":{"start":[1,1],"name":"/home/dhruv/Final/bower_components/purescript-datetime/src/Data/Time.purs","end":[124,59]}}