{"efVersion":"0.11.6","efModuleName":["DOM","Node","Node"],"efExports":[{"ValueRef":[{"start":[1,1],"name":"/home/dhruv/Final/bower_components/purescript-dom/src/DOM/Node/Node.purs","end":[171,82]},{"Ident":"appendChild"}]},{"ValueRef":[{"start":[1,1],"name":"/home/dhruv/Final/bower_components/purescript-dom/src/DOM/Node/Node.purs","end":[171,82]},{"Ident":"baseURI"}]},{"ValueRef":[{"start":[1,1],"name":"/home/dhruv/Final/bower_components/purescript-dom/src/DOM/Node/Node.purs","end":[171,82]},{"Ident":"childNodes"}]},{"ValueRef":[{"start":[1,1],"name":"/home/dhruv/Final/bower_components/purescript-dom/src/DOM/Node/Node.purs","end":[171,82]},{"Ident":"clone"}]},{"ValueRef":[{"start":[1,1],"name":"/home/dhruv/Final/bower_components/purescript-dom/src/DOM/Node/Node.purs","end":[171,82]},{"Ident":"compareDocumentPositionBits"}]},{"ValueRef":[{"start":[1,1],"name":"/home/dhruv/Final/bower_components/purescript-dom/src/DOM/Node/Node.purs","end":[171,82]},{"Ident":"contains"}]},{"ValueRef":[{"start":[1,1],"name":"/home/dhruv/Final/bower_components/purescript-dom/src/DOM/Node/Node.purs","end":[171,82]},{"Ident":"deepClone"}]},{"ValueRef":[{"start":[1,1],"name":"/home/dhruv/Final/bower_components/purescript-dom/src/DOM/Node/Node.purs","end":[171,82]},{"Ident":"firstChild"}]},{"ValueRef":[{"start":[1,1],"name":"/home/dhruv/Final/bower_components/purescript-dom/src/DOM/Node/Node.purs","end":[171,82]},{"Ident":"hasChildNodes"}]},{"ValueRef":[{"start":[1,1],"name":"/home/dhruv/Final/bower_components/purescript-dom/src/DOM/Node/Node.purs","end":[171,82]},{"Ident":"insertBefore"}]},{"ValueRef":[{"start":[1,1],"name":"/home/dhruv/Final/bower_components/purescript-dom/src/DOM/Node/Node.purs","end":[171,82]},{"Ident":"isDefaultNamespace"}]},{"ValueRef":[{"start":[1,1],"name":"/home/dhruv/Final/bower_components/purescript-dom/src/DOM/Node/Node.purs","end":[171,82]},{"Ident":"isEqualNode"}]},{"ValueRef":[{"start":[1,1],"name":"/home/dhruv/Final/bower_components/purescript-dom/src/DOM/Node/Node.purs","end":[171,82]},{"Ident":"lastChild"}]},{"ValueRef":[{"start":[1,1],"name":"/home/dhruv/Final/bower_components/purescript-dom/src/DOM/Node/Node.purs","end":[171,82]},{"Ident":"lookupNamespaceURI"}]},{"ValueRef":[{"start":[1,1],"name":"/home/dhruv/Final/bower_components/purescript-dom/src/DOM/Node/Node.purs","end":[171,82]},{"Ident":"lookupPrefix"}]},{"ValueRef":[{"start":[1,1],"name":"/home/dhruv/Final/bower_components/purescript-dom/src/DOM/Node/Node.purs","end":[171,82]},{"Ident":"nextSibling"}]},{"ValueRef":[{"start":[1,1],"name":"/home/dhruv/Final/bower_components/purescript-dom/src/DOM/Node/Node.purs","end":[171,82]},{"Ident":"nodeName"}]},{"ValueRef":[{"start":[1,1],"name":"/home/dhruv/Final/bower_components/purescript-dom/src/DOM/Node/Node.purs","end":[171,82]},{"Ident":"nodeType"}]},{"ValueRef":[{"start":[1,1],"name":"/home/dhruv/Final/bower_components/purescript-dom/src/DOM/Node/Node.purs","end":[171,82]},{"Ident":"nodeTypeIndex"}]},{"ValueRef":[{"start":[1,1],"name":"/home/dhruv/Final/bower_components/purescript-dom/src/DOM/Node/Node.purs","end":[171,82]},{"Ident":"nodeValue"}]},{"ValueRef":[{"start":[1,1],"name":"/home/dhruv/Final/bower_components/purescript-dom/src/DOM/Node/Node.purs","end":[171,82]},{"Ident":"normalize"}]},{"ValueRef":[{"start":[1,1],"name":"/home/dhruv/Final/bower_components/purescript-dom/src/DOM/Node/Node.purs","end":[171,82]},{"Ident":"ownerDocument"}]},{"ValueRef":[{"start":[1,1],"name":"/home/dhruv/Final/bower_components/purescript-dom/src/DOM/Node/Node.purs","end":[171,82]},{"Ident":"parentElement"}]},{"ValueRef":[{"start":[1,1],"name":"/home/dhruv/Final/bower_components/purescript-dom/src/DOM/Node/Node.purs","end":[171,82]},{"Ident":"parentNode"}]},{"ValueRef":[{"start":[1,1],"name":"/home/dhruv/Final/bower_components/purescript-dom/src/DOM/Node/Node.purs","end":[171,82]},{"Ident":"previousSibling"}]},{"ValueRef":[{"start":[1,1],"name":"/home/dhruv/Final/bower_components/purescript-dom/src/DOM/Node/Node.purs","end":[171,82]},{"Ident":"removeChild"}]},{"ValueRef":[{"start":[1,1],"name":"/home/dhruv/Final/bower_components/purescript-dom/src/DOM/Node/Node.purs","end":[171,82]},{"Ident":"replaceChild"}]},{"ValueRef":[{"start":[1,1],"name":"/home/dhruv/Final/bower_components/purescript-dom/src/DOM/Node/Node.purs","end":[171,82]},{"Ident":"setNodeValue"}]},{"ValueRef":[{"start":[1,1],"name":"/home/dhruv/Final/bower_components/purescript-dom/src/DOM/Node/Node.purs","end":[171,82]},{"Ident":"setTextContent"}]},{"ValueRef":[{"start":[1,1],"name":"/home/dhruv/Final/bower_components/purescript-dom/src/DOM/Node/Node.purs","end":[171,82]},{"Ident":"textContent"}]}],"efImports":[{"eiModule":["Prim"],"eiImportType":{"Implicit":[]},"eiImportedAs":null},{"eiModule":["Prim"],"eiImportType":{"Implicit":[]},"eiImportedAs":["Prim"]},{"eiModule":["Prelude"],"eiImportType":{"Implicit":[]},"eiImportedAs":null},{"eiModule":["Control","Monad","Eff"],"eiImportType":{"Explicit":[{"TypeRef":[{"start":[35,27],"name":"/home/dhruv/Final/bower_components/purescript-dom/src/DOM/Node/Node.purs","end":[35,30]},"Eff",[]]}]},"eiImportedAs":null},{"eiModule":["Data","Enum"],"eiImportType":{"Explicit":[{"ValueRef":[{"start":[36,19],"name":"/home/dhruv/Final/bower_components/purescript-dom/src/DOM/Node/Node.purs","end":[36,25]},{"Ident":"toEnum"}]}]},"eiImportedAs":null},{"eiModule":["Data","Maybe"],"eiImportType":{"Explicit":[{"TypeRef":[{"start":[37,20],"name":"/home/dhruv/Final/bower_components/purescript-dom/src/DOM/Node/Node.purs","end":[37,25]},"Maybe",[]]},{"ValueRef":[{"start":[37,27],"name":"/home/dhruv/Final/bower_components/purescript-dom/src/DOM/Node/Node.purs","end":[37,35]},{"Ident":"fromJust"}]}]},"eiImportedAs":null},{"eiModule":["Data","Nullable"],"eiImportType":{"Explicit":[{"TypeRef":[{"start":[38,23],"name":"/home/dhruv/Final/bower_components/purescript-dom/src/DOM/Node/Node.purs","end":[38,31]},"Nullable",[]]},{"ValueRef":[{"start":[38,33],"name":"/home/dhruv/Final/bower_components/purescript-dom/src/DOM/Node/Node.purs","end":[38,40]},{"Ident":"toMaybe"}]}]},"eiImportedAs":null},{"eiModule":["DOM"],"eiImportType":{"Explicit":[{"TypeRef":[{"start":[39,13],"name":"/home/dhruv/Final/bower_components/purescript-dom/src/DOM/Node/Node.purs","end":[39,16]},"DOM",[]]}]},"eiImportedAs":null},{"eiModule":["DOM","Node","NodeType"],"eiImportType":{"Explicit":[{"TypeRef":[{"start":[40,27],"name":"/home/dhruv/Final/bower_components/purescript-dom/src/DOM/Node/Node.purs","end":[40,35]},"NodeType",[]]}]},"eiImportedAs":null},{"eiModule":["DOM","Node","Types"],"eiImportType":{"Explicit":[{"TypeRef":[{"start":[41,24],"name":"/home/dhruv/Final/bower_components/purescript-dom/src/DOM/Node/Node.purs","end":[41,28]},"Node",[]]},{"TypeRef":[{"start":[41,30],"name":"/home/dhruv/Final/bower_components/purescript-dom/src/DOM/Node/Node.purs","end":[41,38]},"NodeList",[]]},{"TypeRef":[{"start":[41,40],"name":"/home/dhruv/Final/bower_components/purescript-dom/src/DOM/Node/Node.purs","end":[41,47]},"Element",[]]},{"TypeRef":[{"start":[41,49],"name":"/home/dhruv/Final/bower_components/purescript-dom/src/DOM/Node/Node.purs","end":[41,57]},"Document",[]]}]},"eiImportedAs":null}],"efFixities":[],"efTypeFixities":[],"efDeclarations":[{"EDValue":{"edValueName":{"Ident":"appendChild"},"edValueType":{"tag":"ForAll","contents":["eff",{"tag":"TypeApp","contents":[{"tag":"TypeApp","contents":[{"tag":"TypeConstructor","contents":[["Prim"],"Function"]},{"tag":"TypeConstructor","contents":[["DOM","Node","Types"],"Node"]}]},{"tag":"TypeApp","contents":[{"tag":"TypeApp","contents":[{"tag":"TypeConstructor","contents":[["Prim"],"Function"]},{"tag":"TypeConstructor","contents":[["DOM","Node","Types"],"Node"]}]},{"tag":"TypeApp","contents":[{"tag":"TypeApp","contents":[{"tag":"TypeConstructor","contents":[["Control","Monad","Eff"],"Eff"]},{"tag":"RCons","contents":["dom",{"tag":"TypeConstructor","contents":[["DOM"],"DOM"]},{"tag":"TypeVar","contents":"eff"}]}]},{"tag":"TypeConstructor","contents":[["DOM","Node","Types"],"Node"]}]}]}]},null]}}},{"EDValue":{"edValueName":{"Ident":"baseURI"},"edValueType":{"tag":"ForAll","contents":["eff",{"tag":"TypeApp","contents":[{"tag":"TypeApp","contents":[{"tag":"TypeConstructor","contents":[["Prim"],"Function"]},{"tag":"TypeConstructor","contents":[["DOM","Node","Types"],"Node"]}]},{"tag":"TypeApp","contents":[{"tag":"TypeApp","contents":[{"tag":"TypeConstructor","contents":[["Control","Monad","Eff"],"Eff"]},{"tag":"RCons","contents":["dom",{"tag":"TypeConstructor","contents":[["DOM"],"DOM"]},{"tag":"TypeVar","contents":"eff"}]}]},{"tag":"TypeConstructor","contents":[["Prim"],"String"]}]}]},null]}}},{"EDValue":{"edValueName":{"Ident":"childNodes"},"edValueType":{"tag":"ForAll","contents":["eff",{"tag":"TypeApp","contents":[{"tag":"TypeApp","contents":[{"tag":"TypeConstructor","contents":[["Prim"],"Function"]},{"tag":"TypeConstructor","contents":[["DOM","Node","Types"],"Node"]}]},{"tag":"TypeApp","contents":[{"tag":"TypeApp","contents":[{"tag":"TypeConstructor","contents":[["Control","Monad","Eff"],"Eff"]},{"tag":"RCons","contents":["dom",{"tag":"TypeConstructor","contents":[["DOM"],"DOM"]},{"tag":"TypeVar","contents":"eff"}]}]},{"tag":"TypeConstructor","contents":[["DOM","Node","Types"],"NodeList"]}]}]},null]}}},{"EDValue":{"edValueName":{"Ident":"clone"},"edValueType":{"tag":"ForAll","contents":["eff",{"tag":"TypeApp","contents":[{"tag":"TypeApp","contents":[{"tag":"TypeConstructor","contents":[["Prim"],"Function"]},{"tag":"TypeConstructor","contents":[["DOM","Node","Types"],"Node"]}]},{"tag":"TypeApp","contents":[{"tag":"TypeApp","contents":[{"tag":"TypeConstructor","contents":[["Control","Monad","Eff"],"Eff"]},{"tag":"RCons","contents":["dom",{"tag":"TypeConstructor","contents":[["DOM"],"DOM"]},{"tag":"TypeVar","contents":"eff"}]}]},{"tag":"TypeConstructor","contents":[["DOM","Node","Types"],"Node"]}]}]},null]}}},{"EDValue":{"edValueName":{"Ident":"compareDocumentPositionBits"},"edValueType":{"tag":"ForAll","contents":["eff",{"tag":"TypeApp","contents":[{"tag":"TypeApp","contents":[{"tag":"TypeConstructor","contents":[["Prim"],"Function"]},{"tag":"TypeConstructor","contents":[["DOM","Node","Types"],"Node"]}]},{"tag":"TypeApp","contents":[{"tag":"TypeApp","contents":[{"tag":"TypeConstructor","contents":[["Prim"],"Function"]},{"tag":"TypeConstructor","contents":[["DOM","Node","Types"],"Node"]}]},{"tag":"TypeApp","contents":[{"tag":"TypeApp","contents":[{"tag":"TypeConstructor","contents":[["Control","Monad","Eff"],"Eff"]},{"tag":"RCons","contents":["dom",{"tag":"TypeConstructor","contents":[["DOM"],"DOM"]},{"tag":"TypeVar","contents":"eff"}]}]},{"tag":"TypeConstructor","contents":[["Prim"],"Int"]}]}]}]},null]}}},{"EDValue":{"edValueName":{"Ident":"contains"},"edValueType":{"tag":"ForAll","contents":["eff",{"tag":"TypeApp","contents":[{"tag":"TypeApp","contents":[{"tag":"TypeConstructor","contents":[["Prim"],"Function"]},{"tag":"TypeConstructor","contents":[["DOM","Node","Types"],"Node"]}]},{"tag":"TypeApp","contents":[{"tag":"TypeApp","contents":[{"tag":"TypeConstructor","contents":[["Prim"],"Function"]},{"tag":"TypeConstructor","contents":[["DOM","Node","Types"],"Node"]}]},{"tag":"TypeApp","contents":[{"tag":"TypeApp","contents":[{"tag":"TypeConstructor","contents":[["Control","Monad","Eff"],"Eff"]},{"tag":"RCons","contents":["dom",{"tag":"TypeConstructor","contents":[["DOM"],"DOM"]},{"tag":"TypeVar","contents":"eff"}]}]},{"tag":"TypeConstructor","contents":[["Prim"],"Boolean"]}]}]}]},null]}}},{"EDValue":{"edValueName":{"Ident":"deepClone"},"edValueType":{"tag":"ForAll","contents":["eff",{"tag":"TypeApp","contents":[{"tag":"TypeApp","contents":[{"tag":"TypeConstructor","contents":[["Prim"],"Function"]},{"tag":"TypeConstructor","contents":[["DOM","Node","Types"],"Node"]}]},{"tag":"TypeApp","contents":[{"tag":"TypeApp","contents":[{"tag":"TypeConstructor","contents":[["Control","Monad","Eff"],"Eff"]},{"tag":"RCons","contents":["dom",{"tag":"TypeConstructor","contents":[["DOM"],"DOM"]},{"tag":"TypeVar","contents":"eff"}]}]},{"tag":"TypeConstructor","contents":[["DOM","Node","Types"],"Node"]}]}]},null]}}},{"EDValue":{"edValueName":{"Ident":"firstChild"},"edValueType":{"tag":"ForAll","contents":["eff",{"tag":"TypeApp","contents":[{"tag":"TypeApp","contents":[{"tag":"TypeConstructor","contents":[["Prim"],"Function"]},{"tag":"TypeConstructor","contents":[["DOM","Node","Types"],"Node"]}]},{"tag":"TypeApp","contents":[{"tag":"TypeApp","contents":[{"tag":"TypeConstructor","contents":[["Control","Monad","Eff"],"Eff"]},{"tag":"RCons","contents":["dom",{"tag":"TypeConstructor","contents":[["DOM"],"DOM"]},{"tag":"TypeVar","contents":"eff"}]}]},{"tag":"TypeApp","contents":[{"tag":"TypeConstructor","contents":[["Data","Maybe"],"Maybe"]},{"tag":"TypeConstructor","contents":[["DOM","Node","Types"],"Node"]}]}]}]},24]}}},{"EDValue":{"edValueName":{"Ident":"hasChildNodes"},"edValueType":{"tag":"ForAll","contents":["eff",{"tag":"TypeApp","contents":[{"tag":"TypeApp","contents":[{"tag":"TypeConstructor","contents":[["Prim"],"Function"]},{"tag":"TypeConstructor","contents":[["DOM","Node","Types"],"Node"]}]},{"tag":"TypeApp","contents":[{"tag":"TypeApp","contents":[{"tag":"TypeConstructor","contents":[["Control","Monad","Eff"],"Eff"]},{"tag":"RCons","contents":["dom",{"tag":"TypeConstructor","contents":[["DOM"],"DOM"]},{"tag":"TypeVar","contents":"eff"}]}]},{"tag":"TypeConstructor","contents":[["Prim"],"Boolean"]}]}]},null]}}},{"EDValue":{"edValueName":{"Ident":"insertBefore"},"edValueType":{"tag":"ForAll","contents":["eff",{"tag":"TypeApp","contents":[{"tag":"TypeApp","contents":[{"tag":"TypeConstructor","contents":[["Prim"],"Function"]},{"tag":"TypeConstructor","contents":[["DOM","Node","Types"],"Node"]}]},{"tag":"TypeApp","contents":[{"tag":"TypeApp","contents":[{"tag":"TypeConstructor","contents":[["Prim"],"Function"]},{"tag":"TypeConstructor","contents":[["DOM","Node","Types"],"Node"]}]},{"tag":"TypeApp","contents":[{"tag":"TypeApp","contents":[{"tag":"TypeConstructor","contents":[["Prim"],"Function"]},{"tag":"TypeConstructor","contents":[["DOM","Node","Types"],"Node"]}]},{"tag":"TypeApp","contents":[{"tag":"TypeApp","contents":[{"tag":"TypeConstructor","contents":[["Control","Monad","Eff"],"Eff"]},{"tag":"RCons","contents":["dom",{"tag":"TypeConstructor","contents":[["DOM"],"DOM"]},{"tag":"TypeVar","contents":"eff"}]}]},{"tag":"TypeConstructor","contents":[["DOM","Node","Types"],"Node"]}]}]}]}]},null]}}},{"EDValue":{"edValueName":{"Ident":"isDefaultNamespace"},"edValueType":{"tag":"ForAll","contents":["eff",{"tag":"TypeApp","contents":[{"tag":"TypeApp","contents":[{"tag":"TypeConstructor","contents":[["Prim"],"Function"]},{"tag":"TypeConstructor","contents":[["Prim"],"String"]}]},{"tag":"TypeApp","contents":[{"tag":"TypeApp","contents":[{"tag":"TypeConstructor","contents":[["Prim"],"Function"]},{"tag":"TypeConstructor","contents":[["DOM","Node","Types"],"Node"]}]},{"tag":"TypeApp","contents":[{"tag":"TypeApp","contents":[{"tag":"TypeConstructor","contents":[["Control","Monad","Eff"],"Eff"]},{"tag":"RCons","contents":["dom",{"tag":"TypeConstructor","contents":[["DOM"],"DOM"]},{"tag":"TypeVar","contents":"eff"}]}]},{"tag":"TypeConstructor","contents":[["Prim"],"Boolean"]}]}]}]},null]}}},{"EDValue":{"edValueName":{"Ident":"isEqualNode"},"edValueType":{"tag":"ForAll","contents":["eff",{"tag":"TypeApp","contents":[{"tag":"TypeApp","contents":[{"tag":"TypeConstructor","contents":[["Prim"],"Function"]},{"tag":"TypeConstructor","contents":[["DOM","Node","Types"],"Node"]}]},{"tag":"TypeApp","contents":[{"tag":"TypeApp","contents":[{"tag":"TypeConstructor","contents":[["Prim"],"Function"]},{"tag":"TypeConstructor","contents":[["DOM","Node","Types"],"Node"]}]},{"tag":"TypeApp","contents":[{"tag":"TypeApp","contents":[{"tag":"TypeConstructor","contents":[["Control","Monad","Eff"],"Eff"]},{"tag":"RCons","contents":["dom",{"tag":"TypeConstructor","contents":[["DOM"],"DOM"]},{"tag":"TypeVar","contents":"eff"}]}]},{"tag":"TypeConstructor","contents":[["Prim"],"Boolean"]}]}]}]},null]}}},{"EDValue":{"edValueName":{"Ident":"lastChild"},"edValueType":{"tag":"ForAll","contents":["eff",{"tag":"TypeApp","contents":[{"tag":"TypeApp","contents":[{"tag":"TypeConstructor","contents":[["Prim"],"Function"]},{"tag":"TypeConstructor","contents":[["DOM","Node","Types"],"Node"]}]},{"tag":"TypeApp","contents":[{"tag":"TypeApp","contents":[{"tag":"TypeConstructor","contents":[["Control","Monad","Eff"],"Eff"]},{"tag":"RCons","contents":["dom",{"tag":"TypeConstructor","contents":[["DOM"],"DOM"]},{"tag":"TypeVar","contents":"eff"}]}]},{"tag":"TypeApp","contents":[{"tag":"TypeConstructor","contents":[["Data","Maybe"],"Maybe"]},{"tag":"TypeConstructor","contents":[["DOM","Node","Types"],"Node"]}]}]}]},21]}}},{"EDValue":{"edValueName":{"Ident":"lookupNamespaceURI"},"edValueType":{"tag":"ForAll","contents":["eff",{"tag":"TypeApp","contents":[{"tag":"TypeApp","contents":[{"tag":"TypeConstructor","contents":[["Prim"],"Function"]},{"tag":"TypeConstructor","contents":[["Prim"],"String"]}]},{"tag":"TypeApp","contents":[{"tag":"TypeApp","contents":[{"tag":"TypeConstructor","contents":[["Prim"],"Function"]},{"tag":"TypeConstructor","contents":[["DOM","Node","Types"],"Node"]}]},{"tag":"TypeApp","contents":[{"tag":"TypeApp","contents":[{"tag":"TypeConstructor","contents":[["Control","Monad","Eff"],"Eff"]},{"tag":"RCons","contents":["dom",{"tag":"TypeConstructor","contents":[["DOM"],"DOM"]},{"tag":"TypeVar","contents":"eff"}]}]},{"tag":"TypeApp","contents":[{"tag":"TypeConstructor","contents":[["Data","Maybe"],"Maybe"]},{"tag":"TypeConstructor","contents":[["Prim"],"String"]}]}]}]}]},18]}}},{"EDValue":{"edValueName":{"Ident":"lookupPrefix"},"edValueType":{"tag":"ForAll","contents":["eff",{"tag":"TypeApp","contents":[{"tag":"TypeApp","contents":[{"tag":"TypeConstructor","contents":[["Prim"],"Function"]},{"tag":"TypeConstructor","contents":[["Prim"],"String"]}]},{"tag":"TypeApp","contents":[{"tag":"TypeApp","contents":[{"tag":"TypeConstructor","contents":[["Prim"],"Function"]},{"tag":"TypeConstructor","contents":[["DOM","Node","Types"],"Node"]}]},{"tag":"TypeApp","contents":[{"tag":"TypeApp","contents":[{"tag":"TypeConstructor","contents":[["Control","Monad","Eff"],"Eff"]},{"tag":"RCons","contents":["dom",{"tag":"TypeConstructor","contents":[["DOM"],"DOM"]},{"tag":"TypeVar","contents":"eff"}]}]},{"tag":"TypeApp","contents":[{"tag":"TypeConstructor","contents":[["Data","Maybe"],"Maybe"]},{"tag":"TypeConstructor","contents":[["Prim"],"String"]}]}]}]}]},15]}}},{"EDValue":{"edValueName":{"Ident":"nextSibling"},"edValueType":{"tag":"ForAll","contents":["eff",{"tag":"TypeApp","contents":[{"tag":"TypeApp","contents":[{"tag":"TypeConstructor","contents":[["Prim"],"Function"]},{"tag":"TypeConstructor","contents":[["DOM","Node","Types"],"Node"]}]},{"tag":"TypeApp","contents":[{"tag":"TypeApp","contents":[{"tag":"TypeConstructor","contents":[["Control","Monad","Eff"],"Eff"]},{"tag":"RCons","contents":["dom",{"tag":"TypeConstructor","contents":[["DOM"],"DOM"]},{"tag":"TypeVar","contents":"eff"}]}]},{"tag":"TypeApp","contents":[{"tag":"TypeConstructor","contents":[["Data","Maybe"],"Maybe"]},{"tag":"TypeConstructor","contents":[["DOM","Node","Types"],"Node"]}]}]}]},12]}}},{"EDValue":{"edValueName":{"Ident":"nodeName"},"edValueType":{"tag":"TypeApp","contents":[{"tag":"TypeApp","contents":[{"tag":"TypeConstructor","contents":[["Prim"],"Function"]},{"tag":"TypeConstructor","contents":[["DOM","Node","Types"],"Node"]}]},{"tag":"TypeConstructor","contents":[["Prim"],"String"]}]}}},{"EDValue":{"edValueName":{"Ident":"nodeType"},"edValueType":{"tag":"ConstrainedType","contents":[{"constraintClass":[["Prim"],"Partial"],"constraintArgs":[],"constraintData":null},{"tag":"TypeApp","contents":[{"tag":"TypeApp","contents":[{"tag":"TypeConstructor","contents":[["Prim"],"Function"]},{"tag":"TypeConstructor","contents":[["DOM","Node","Types"],"Node"]}]},{"tag":"TypeConstructor","contents":[["DOM","Node","NodeType"],"NodeType"]}]}]}}},{"EDValue":{"edValueName":{"Ident":"nodeTypeIndex"},"edValueType":{"tag":"TypeApp","contents":[{"tag":"TypeApp","contents":[{"tag":"TypeConstructor","contents":[["Prim"],"Function"]},{"tag":"TypeConstructor","contents":[["DOM","Node","Types"],"Node"]}]},{"tag":"TypeConstructor","contents":[["Prim"],"Int"]}]}}},{"EDValue":{"edValueName":{"Ident":"nodeValue"},"edValueType":{"tag":"ForAll","contents":["eff",{"tag":"TypeApp","contents":[{"tag":"TypeApp","contents":[{"tag":"TypeConstructor","contents":[["Prim"],"Function"]},{"tag":"TypeConstructor","contents":[["DOM","Node","Types"],"Node"]}]},{"tag":"TypeApp","contents":[{"tag":"TypeApp","contents":[{"tag":"TypeConstructor","contents":[["Control","Monad","Eff"],"Eff"]},{"tag":"RCons","contents":["dom",{"tag":"TypeConstructor","contents":[["DOM"],"DOM"]},{"tag":"TypeVar","contents":"eff"}]}]},{"tag":"TypeConstructor","contents":[["Prim"],"String"]}]}]},null]}}},{"EDValue":{"edValueName":{"Ident":"normalize"},"edValueType":{"tag":"ForAll","contents":["eff",{"tag":"TypeApp","contents":[{"tag":"TypeApp","contents":[{"tag":"TypeConstructor","contents":[["Prim"],"Function"]},{"tag":"TypeConstructor","contents":[["DOM","Node","Types"],"Node"]}]},{"tag":"TypeApp","contents":[{"tag":"TypeApp","contents":[{"tag":"TypeConstructor","contents":[["Control","Monad","Eff"],"Eff"]},{"tag":"RCons","contents":["dom",{"tag":"TypeConstructor","contents":[["DOM"],"DOM"]},{"tag":"TypeVar","contents":"eff"}]}]},{"tag":"TypeConstructor","contents":[["Data","Unit"],"Unit"]}]}]},null]}}},{"EDValue":{"edValueName":{"Ident":"ownerDocument"},"edValueType":{"tag":"ForAll","contents":["eff",{"tag":"TypeApp","contents":[{"tag":"TypeApp","contents":[{"tag":"TypeConstructor","contents":[["Prim"],"Function"]},{"tag":"TypeConstructor","contents":[["DOM","Node","Types"],"Node"]}]},{"tag":"TypeApp","contents":[{"tag":"TypeApp","contents":[{"tag":"TypeConstructor","contents":[["Control","Monad","Eff"],"Eff"]},{"tag":"RCons","contents":["dom",{"tag":"TypeConstructor","contents":[["DOM"],"DOM"]},{"tag":"TypeVar","contents":"eff"}]}]},{"tag":"TypeApp","contents":[{"tag":"TypeConstructor","contents":[["Data","Maybe"],"Maybe"]},{"tag":"TypeConstructor","contents":[["DOM","Node","Types"],"Document"]}]}]}]},9]}}},{"EDValue":{"edValueName":{"Ident":"parentElement"},"edValueType":{"tag":"ForAll","contents":["eff",{"tag":"TypeApp","contents":[{"tag":"TypeApp","contents":[{"tag":"TypeConstructor","contents":[["Prim"],"Function"]},{"tag":"TypeConstructor","contents":[["DOM","Node","Types"],"Node"]}]},{"tag":"TypeApp","contents":[{"tag":"TypeApp","contents":[{"tag":"TypeConstructor","contents":[["Control","Monad","Eff"],"Eff"]},{"tag":"RCons","contents":["dom",{"tag":"TypeConstructor","contents":[["DOM"],"DOM"]},{"tag":"TypeVar","contents":"eff"}]}]},{"tag":"TypeApp","contents":[{"tag":"TypeConstructor","contents":[["Data","Maybe"],"Maybe"]},{"tag":"TypeConstructor","contents":[["DOM","Node","Types"],"Element"]}]}]}]},6]}}},{"EDValue":{"edValueName":{"Ident":"parentNode"},"edValueType":{"tag":"ForAll","contents":["eff",{"tag":"TypeApp","contents":[{"tag":"TypeApp","contents":[{"tag":"TypeConstructor","contents":[["Prim"],"Function"]},{"tag":"TypeConstructor","contents":[["DOM","Node","Types"],"Node"]}]},{"tag":"TypeApp","contents":[{"tag":"TypeApp","contents":[{"tag":"TypeConstructor","contents":[["Control","Monad","Eff"],"Eff"]},{"tag":"RCons","contents":["dom",{"tag":"TypeConstructor","contents":[["DOM"],"DOM"]},{"tag":"TypeVar","contents":"eff"}]}]},{"tag":"TypeApp","contents":[{"tag":"TypeConstructor","contents":[["Data","Maybe"],"Maybe"]},{"tag":"TypeConstructor","contents":[["DOM","Node","Types"],"Node"]}]}]}]},3]}}},{"EDValue":{"edValueName":{"Ident":"previousSibling"},"edValueType":{"tag":"ForAll","contents":["eff",{"tag":"TypeApp","contents":[{"tag":"TypeApp","contents":[{"tag":"TypeConstructor","contents":[["Prim"],"Function"]},{"tag":"TypeConstructor","contents":[["DOM","Node","Types"],"Node"]}]},{"tag":"TypeApp","contents":[{"tag":"TypeApp","contents":[{"tag":"TypeConstructor","contents":[["Control","Monad","Eff"],"Eff"]},{"tag":"RCons","contents":["dom",{"tag":"TypeConstructor","contents":[["DOM"],"DOM"]},{"tag":"TypeVar","contents":"eff"}]}]},{"tag":"TypeApp","contents":[{"tag":"TypeConstructor","contents":[["Data","Maybe"],"Maybe"]},{"tag":"TypeConstructor","contents":[["DOM","Node","Types"],"Node"]}]}]}]},0]}}},{"EDValue":{"edValueName":{"Ident":"removeChild"},"edValueType":{"tag":"ForAll","contents":["eff",{"tag":"TypeApp","contents":[{"tag":"TypeApp","contents":[{"tag":"TypeConstructor","contents":[["Prim"],"Function"]},{"tag":"TypeConstructor","contents":[["DOM","Node","Types"],"Node"]}]},{"tag":"TypeApp","contents":[{"tag":"TypeApp","contents":[{"tag":"TypeConstructor","contents":[["Prim"],"Function"]},{"tag":"TypeConstructor","contents":[["DOM","Node","Types"],"Node"]}]},{"tag":"TypeApp","contents":[{"tag":"TypeApp","contents":[{"tag":"TypeConstructor","contents":[["Control","Monad","Eff"],"Eff"]},{"tag":"RCons","contents":["dom",{"tag":"TypeConstructor","contents":[["DOM"],"DOM"]},{"tag":"TypeVar","contents":"eff"}]}]},{"tag":"TypeConstructor","contents":[["DOM","Node","Types"],"Node"]}]}]}]},null]}}},{"EDValue":{"edValueName":{"Ident":"replaceChild"},"edValueType":{"tag":"ForAll","contents":["eff",{"tag":"TypeApp","contents":[{"tag":"TypeApp","contents":[{"tag":"TypeConstructor","contents":[["Prim"],"Function"]},{"tag":"TypeConstructor","contents":[["DOM","Node","Types"],"Node"]}]},{"tag":"TypeApp","contents":[{"tag":"TypeApp","contents":[{"tag":"TypeConstructor","contents":[["Prim"],"Function"]},{"tag":"TypeConstructor","contents":[["DOM","Node","Types"],"Node"]}]},{"tag":"TypeApp","contents":[{"tag":"TypeApp","contents":[{"tag":"TypeConstructor","contents":[["Prim"],"Function"]},{"tag":"TypeConstructor","contents":[["DOM","Node","Types"],"Node"]}]},{"tag":"TypeApp","contents":[{"tag":"TypeApp","contents":[{"tag":"TypeConstructor","contents":[["Control","Monad","Eff"],"Eff"]},{"tag":"RCons","contents":["dom",{"tag":"TypeConstructor","contents":[["DOM"],"DOM"]},{"tag":"TypeVar","contents":"eff"}]}]},{"tag":"TypeConstructor","contents":[["DOM","Node","Types"],"Node"]}]}]}]}]},null]}}},{"EDValue":{"edValueName":{"Ident":"setNodeValue"},"edValueType":{"tag":"ForAll","contents":["eff",{"tag":"TypeApp","contents":[{"tag":"TypeApp","contents":[{"tag":"TypeConstructor","contents":[["Prim"],"Function"]},{"tag":"TypeConstructor","contents":[["Prim"],"String"]}]},{"tag":"TypeApp","contents":[{"tag":"TypeApp","contents":[{"tag":"TypeConstructor","contents":[["Prim"],"Function"]},{"tag":"TypeConstructor","contents":[["DOM","Node","Types"],"Node"]}]},{"tag":"TypeApp","contents":[{"tag":"TypeApp","contents":[{"tag":"TypeConstructor","contents":[["Control","Monad","Eff"],"Eff"]},{"tag":"RCons","contents":["dom",{"tag":"TypeConstructor","contents":[["DOM"],"DOM"]},{"tag":"TypeVar","contents":"eff"}]}]},{"tag":"TypeConstructor","contents":[["Data","Unit"],"Unit"]}]}]}]},null]}}},{"EDValue":{"edValueName":{"Ident":"setTextContent"},"edValueType":{"tag":"ForAll","contents":["eff",{"tag":"TypeApp","contents":[{"tag":"TypeApp","contents":[{"tag":"TypeConstructor","contents":[["Prim"],"Function"]},{"tag":"TypeConstructor","contents":[["Prim"],"String"]}]},{"tag":"TypeApp","contents":[{"tag":"TypeApp","contents":[{"tag":"TypeConstructor","contents":[["Prim"],"Function"]},{"tag":"TypeConstructor","contents":[["DOM","Node","Types"],"Node"]}]},{"tag":"TypeApp","contents":[{"tag":"TypeApp","contents":[{"tag":"TypeConstructor","contents":[["Control","Monad","Eff"],"Eff"]},{"tag":"RCons","contents":["dom",{"tag":"TypeConstructor","contents":[["DOM"],"DOM"]},{"tag":"TypeVar","contents":"eff"}]}]},{"tag":"TypeConstructor","contents":[["Data","Unit"],"Unit"]}]}]}]},null]}}},{"EDValue":{"edValueName":{"Ident":"textContent"},"edValueType":{"tag":"ForAll","contents":["eff",{"tag":"TypeApp","contents":[{"tag":"TypeApp","contents":[{"tag":"TypeConstructor","contents":[["Prim"],"Function"]},{"tag":"TypeConstructor","contents":[["DOM","Node","Types"],"Node"]}]},{"tag":"TypeApp","contents":[{"tag":"TypeApp","contents":[{"tag":"TypeConstructor","contents":[["Control","Monad","Eff"],"Eff"]},{"tag":"RCons","contents":["dom",{"tag":"TypeConstructor","contents":[["DOM"],"DOM"]},{"tag":"TypeVar","contents":"eff"}]}]},{"tag":"TypeConstructor","contents":[["Prim"],"String"]}]}]},null]}}}],"efSourceSpan":{"start":[1,1],"name":"/home/dhruv/Final/bower_components/purescript-dom/src/DOM/Node/Node.purs","end":[171,82]}}