{"efVersion":"0.11.6","efModuleName":["DOM","HTML","Event","Types"],"efExports":[{"TypeRef":[{"start":[1,1],"name":"/home/dhruv/Final/bower_components/purescript-dom/src/DOM/HTML/Event/Types.purs","end":[39,40]},"DragEvent",[]]},{"TypeRef":[{"start":[1,1],"name":"/home/dhruv/Final/bower_components/purescript-dom/src/DOM/HTML/Event/Types.purs","end":[39,40]},"ErrorEvent",[]]},{"TypeRef":[{"start":[1,1],"name":"/home/dhruv/Final/bower_components/purescript-dom/src/DOM/HTML/Event/Types.purs","end":[39,40]},"HashChangeEvent",[]]},{"ValueRef":[{"start":[1,1],"name":"/home/dhruv/Final/bower_components/purescript-dom/src/DOM/HTML/Event/Types.purs","end":[39,40]},{"Ident":"dragEventToEvent"}]},{"ValueRef":[{"start":[1,1],"name":"/home/dhruv/Final/bower_components/purescript-dom/src/DOM/HTML/Event/Types.purs","end":[39,40]},{"Ident":"errorEventToEvent"}]},{"ValueRef":[{"start":[1,1],"name":"/home/dhruv/Final/bower_components/purescript-dom/src/DOM/HTML/Event/Types.purs","end":[39,40]},{"Ident":"hashChangeEventToEvent"}]},{"ValueRef":[{"start":[1,1],"name":"/home/dhruv/Final/bower_components/purescript-dom/src/DOM/HTML/Event/Types.purs","end":[39,40]},{"Ident":"readDragEvent"}]},{"ValueRef":[{"start":[1,1],"name":"/home/dhruv/Final/bower_components/purescript-dom/src/DOM/HTML/Event/Types.purs","end":[39,40]},{"Ident":"readErrorEvent"}]},{"ValueRef":[{"start":[1,1],"name":"/home/dhruv/Final/bower_components/purescript-dom/src/DOM/HTML/Event/Types.purs","end":[39,40]},{"Ident":"readHashChangeEvent"}]}],"efImports":[{"eiModule":["Prim"],"eiImportType":{"Implicit":[]},"eiImportedAs":null},{"eiModule":["Prim"],"eiImportType":{"Implicit":[]},"eiImportedAs":["Prim"]},{"eiModule":["Data","Foreign"],"eiImportType":{"Explicit":[{"TypeRef":[{"start":[13,22],"name":"/home/dhruv/Final/bower_components/purescript-dom/src/DOM/HTML/Event/Types.purs","end":[13,29]},"Foreign",[]]},{"TypeRef":[{"start":[13,31],"name":"/home/dhruv/Final/bower_components/purescript-dom/src/DOM/HTML/Event/Types.purs","end":[13,32]},"F",[]]},{"ValueRef":[{"start":[13,34],"name":"/home/dhruv/Final/bower_components/purescript-dom/src/DOM/HTML/Event/Types.purs","end":[13,50]},{"Ident":"unsafeReadTagged"}]}]},"eiImportedAs":null},{"eiModule":["DOM","Event","Types"],"eiImportType":{"Explicit":[{"TypeRef":[{"start":[14,25],"name":"/home/dhruv/Final/bower_components/purescript-dom/src/DOM/HTML/Event/Types.purs","end":[14,30]},"Event",[]]}]},"eiImportedAs":null},{"eiModule":["Unsafe","Coerce"],"eiImportType":{"Implicit":[]},"eiImportedAs":["U"]}],"efFixities":[],"efTypeFixities":[],"efDeclarations":[{"EDType":{"edTypeName":"DragEvent","edTypeKind":{"tag":"NamedKind","contents":[["Prim"],"Type"]},"edTypeDeclarationKind":"ExternData"}},{"EDType":{"edTypeName":"ErrorEvent","edTypeKind":{"tag":"NamedKind","contents":[["Prim"],"Type"]},"edTypeDeclarationKind":"ExternData"}},{"EDType":{"edTypeName":"HashChangeEvent","edTypeKind":{"tag":"NamedKind","contents":[["Prim"],"Type"]},"edTypeDeclarationKind":"ExternData"}},{"EDValue":{"edValueName":{"Ident":"dragEventToEvent"},"edValueType":{"tag":"TypeApp","contents":[{"tag":"TypeApp","contents":[{"tag":"TypeConstructor","contents":[["Prim"],"Function"]},{"tag":"TypeConstructor","contents":[["DOM","HTML","Event","Types"],"DragEvent"]}]},{"tag":"TypeConstructor","contents":[["DOM","Event","Types"],"Event"]}]}}},{"EDValue":{"edValueName":{"Ident":"errorEventToEvent"},"edValueType":{"tag":"TypeApp","contents":[{"tag":"TypeApp","contents":[{"tag":"TypeConstructor","contents":[["Prim"],"Function"]},{"tag":"TypeConstructor","contents":[["DOM","HTML","Event","Types"],"ErrorEvent"]}]},{"tag":"TypeConstructor","contents":[["DOM","Event","Types"],"Event"]}]}}},{"EDValue":{"edValueName":{"Ident":"hashChangeEventToEvent"},"edValueType":{"tag":"TypeApp","contents":[{"tag":"TypeApp","contents":[{"tag":"TypeConstructor","contents":[["Prim"],"Function"]},{"tag":"TypeConstructor","contents":[["DOM","HTML","Event","Types"],"HashChangeEvent"]}]},{"tag":"TypeConstructor","contents":[["DOM","Event","Types"],"Event"]}]}}},{"EDValue":{"edValueName":{"Ident":"readDragEvent"},"edValueType":{"tag":"TypeApp","contents":[{"tag":"TypeApp","contents":[{"tag":"TypeConstructor","contents":[["Prim"],"Function"]},{"tag":"TypeConstructor","contents":[["Data","Foreign"],"Foreign"]}]},{"tag":"TypeApp","contents":[{"tag":"TypeApp","contents":[{"tag":"TypeApp","contents":[{"tag":"TypeConstructor","contents":[["Control","Monad","Except","Trans"],"ExceptT"]},{"tag":"TypeApp","contents":[{"tag":"TypeConstructor","contents":[["Data","List","Types"],"NonEmptyList"]},{"tag":"TypeConstructor","contents":[["Data","Foreign"],"ForeignError"]}]}]},{"tag":"TypeConstructor","contents":[["Data","Identity"],"Identity"]}]},{"tag":"TypeConstructor","contents":[["DOM","HTML","Event","Types"],"DragEvent"]}]}]}}},{"EDValue":{"edValueName":{"Ident":"readErrorEvent"},"edValueType":{"tag":"TypeApp","contents":[{"tag":"TypeApp","contents":[{"tag":"TypeConstructor","contents":[["Prim"],"Function"]},{"tag":"TypeConstructor","contents":[["Data","Foreign"],"Foreign"]}]},{"tag":"TypeApp","contents":[{"tag":"TypeApp","contents":[{"tag":"TypeApp","contents":[{"tag":"TypeConstructor","contents":[["Control","Monad","Except","Trans"],"ExceptT"]},{"tag":"TypeApp","contents":[{"tag":"TypeConstructor","contents":[["Data","List","Types"],"NonEmptyList"]},{"tag":"TypeConstructor","contents":[["Data","Foreign"],"ForeignError"]}]}]},{"tag":"TypeConstructor","contents":[["Data","Identity"],"Identity"]}]},{"tag":"TypeConstructor","contents":[["DOM","HTML","Event","Types"],"ErrorEvent"]}]}]}}},{"EDValue":{"edValueName":{"Ident":"readHashChangeEvent"},"edValueType":{"tag":"TypeApp","contents":[{"tag":"TypeApp","contents":[{"tag":"TypeConstructor","contents":[["Prim"],"Function"]},{"tag":"TypeConstructor","contents":[["Data","Foreign"],"Foreign"]}]},{"tag":"TypeApp","contents":[{"tag":"TypeApp","contents":[{"tag":"TypeApp","contents":[{"tag":"TypeConstructor","contents":[["Control","Monad","Except","Trans"],"ExceptT"]},{"tag":"TypeApp","contents":[{"tag":"TypeConstructor","contents":[["Data","List","Types"],"NonEmptyList"]},{"tag":"TypeConstructor","contents":[["Data","Foreign"],"ForeignError"]}]}]},{"tag":"TypeConstructor","contents":[["Data","Identity"],"Identity"]}]},{"tag":"TypeConstructor","contents":[["DOM","HTML","Event","Types"],"HashChangeEvent"]}]}]}}}],"efSourceSpan":{"start":[1,1],"name":"/home/dhruv/Final/bower_components/purescript-dom/src/DOM/HTML/Event/Types.purs","end":[39,40]}}