{"efVersion":"0.11.6","efModuleName":["Control","MonadPlus"],"efExports":[{"ReExportRef":[{"start":[1,1],"name":"/home/dhruv/Final/bower_components/purescript-control/src/Control/MonadPlus.purs","end":[31,38]},["Control","Alt"],{"TypeClassRef":[{"start":[1,1],"name":"/home/dhruv/Final/bower_components/purescript-control/src/Control/MonadPlus.purs","end":[31,38]},"Alt"]}]},{"ReExportRef":[{"start":[1,1],"name":"/home/dhruv/Final/bower_components/purescript-control/src/Control/MonadPlus.purs","end":[31,38]},["Control","Alternative"],{"TypeClassRef":[{"start":[1,1],"name":"/home/dhruv/Final/bower_components/purescript-control/src/Control/MonadPlus.purs","end":[31,38]},"Alternative"]}]},{"ReExportRef":[{"start":[1,1],"name":"/home/dhruv/Final/bower_components/purescript-control/src/Control/MonadPlus.purs","end":[31,38]},["Control","Applicative"],{"TypeClassRef":[{"start":[1,1],"name":"/home/dhruv/Final/bower_components/purescript-control/src/Control/MonadPlus.purs","end":[31,38]},"Applicative"]}]},{"ReExportRef":[{"start":[1,1],"name":"/home/dhruv/Final/bower_components/purescript-control/src/Control/MonadPlus.purs","end":[31,38]},["Control","Apply"],{"TypeClassRef":[{"start":[1,1],"name":"/home/dhruv/Final/bower_components/purescript-control/src/Control/MonadPlus.purs","end":[31,38]},"Apply"]}]},{"ReExportRef":[{"start":[1,1],"name":"/home/dhruv/Final/bower_components/purescript-control/src/Control/MonadPlus.purs","end":[31,38]},["Control","Bind"],{"TypeClassRef":[{"start":[1,1],"name":"/home/dhruv/Final/bower_components/purescript-control/src/Control/MonadPlus.purs","end":[31,38]},"Bind"]}]},{"ReExportRef":[{"start":[1,1],"name":"/home/dhruv/Final/bower_components/purescript-control/src/Control/MonadPlus.purs","end":[31,38]},["Data","Functor"],{"TypeClassRef":[{"start":[1,1],"name":"/home/dhruv/Final/bower_components/purescript-control/src/Control/MonadPlus.purs","end":[31,38]},"Functor"]}]},{"ReExportRef":[{"start":[1,1],"name":"/home/dhruv/Final/bower_components/purescript-control/src/Control/MonadPlus.purs","end":[31,38]},["Control","Monad"],{"TypeClassRef":[{"start":[1,1],"name":"/home/dhruv/Final/bower_components/purescript-control/src/Control/MonadPlus.purs","end":[31,38]},"Monad"]}]},{"TypeClassRef":[{"start":[1,1],"name":"/home/dhruv/Final/bower_components/purescript-control/src/Control/MonadPlus.purs","end":[31,38]},"MonadPlus"]},{"ReExportRef":[{"start":[1,1],"name":"/home/dhruv/Final/bower_components/purescript-control/src/Control/MonadPlus.purs","end":[31,38]},["Control","MonadZero"],{"TypeClassRef":[{"start":[1,1],"name":"/home/dhruv/Final/bower_components/purescript-control/src/Control/MonadPlus.purs","end":[31,38]},"MonadZero"]}]},{"ReExportRef":[{"start":[1,1],"name":"/home/dhruv/Final/bower_components/purescript-control/src/Control/MonadPlus.purs","end":[31,38]},["Control","Plus"],{"TypeClassRef":[{"start":[1,1],"name":"/home/dhruv/Final/bower_components/purescript-control/src/Control/MonadPlus.purs","end":[31,38]},"Plus"]}]},{"ReExportRef":[{"start":[1,1],"name":"/home/dhruv/Final/bower_components/purescript-control/src/Control/MonadPlus.purs","end":[31,38]},["Control","Alt"],{"ValueRef":[{"start":[1,1],"name":"/home/dhruv/Final/bower_components/purescript-control/src/Control/MonadPlus.purs","end":[31,38]},{"Ident":"alt"}]}]},{"ReExportRef":[{"start":[1,1],"name":"/home/dhruv/Final/bower_components/purescript-control/src/Control/MonadPlus.purs","end":[31,38]},["Control","Monad"],{"ValueRef":[{"start":[1,1],"name":"/home/dhruv/Final/bower_components/purescript-control/src/Control/MonadPlus.purs","end":[31,38]},{"Ident":"ap"}]}]},{"ReExportRef":[{"start":[1,1],"name":"/home/dhruv/Final/bower_components/purescript-control/src/Control/MonadPlus.purs","end":[31,38]},["Control","Apply"],{"ValueRef":[{"start":[1,1],"name":"/home/dhruv/Final/bower_components/purescript-control/src/Control/MonadPlus.purs","end":[31,38]},{"Ident":"apply"}]}]},{"ReExportRef":[{"start":[1,1],"name":"/home/dhruv/Final/bower_components/purescript-control/src/Control/MonadPlus.purs","end":[31,38]},["Control","Bind"],{"ValueRef":[{"start":[1,1],"name":"/home/dhruv/Final/bower_components/purescript-control/src/Control/MonadPlus.purs","end":[31,38]},{"Ident":"bind"}]}]},{"ReExportRef":[{"start":[1,1],"name":"/home/dhruv/Final/bower_components/purescript-control/src/Control/MonadPlus.purs","end":[31,38]},["Control","Plus"],{"ValueRef":[{"start":[1,1],"name":"/home/dhruv/Final/bower_components/purescript-control/src/Control/MonadPlus.purs","end":[31,38]},{"Ident":"empty"}]}]},{"ReExportRef":[{"start":[1,1],"name":"/home/dhruv/Final/bower_components/purescript-control/src/Control/MonadPlus.purs","end":[31,38]},["Control","MonadZero"],{"ValueRef":[{"start":[1,1],"name":"/home/dhruv/Final/bower_components/purescript-control/src/Control/MonadPlus.purs","end":[31,38]},{"Ident":"guard"}]}]},{"ReExportRef":[{"start":[1,1],"name":"/home/dhruv/Final/bower_components/purescript-control/src/Control/MonadPlus.purs","end":[31,38]},["Control","Bind"],{"ValueRef":[{"start":[1,1],"name":"/home/dhruv/Final/bower_components/purescript-control/src/Control/MonadPlus.purs","end":[31,38]},{"Ident":"ifM"}]}]},{"ReExportRef":[{"start":[1,1],"name":"/home/dhruv/Final/bower_components/purescript-control/src/Control/MonadPlus.purs","end":[31,38]},["Control","Bind"],{"ValueRef":[{"start":[1,1],"name":"/home/dhruv/Final/bower_components/purescript-control/src/Control/MonadPlus.purs","end":[31,38]},{"Ident":"join"}]}]},{"ReExportRef":[{"start":[1,1],"name":"/home/dhruv/Final/bower_components/purescript-control/src/Control/MonadPlus.purs","end":[31,38]},["Control","Applicative"],{"ValueRef":[{"start":[1,1],"name":"/home/dhruv/Final/bower_components/purescript-control/src/Control/MonadPlus.purs","end":[31,38]},{"Ident":"liftA1"}]}]},{"ReExportRef":[{"start":[1,1],"name":"/home/dhruv/Final/bower_components/purescript-control/src/Control/MonadPlus.purs","end":[31,38]},["Control","Monad"],{"ValueRef":[{"start":[1,1],"name":"/home/dhruv/Final/bower_components/purescript-control/src/Control/MonadPlus.purs","end":[31,38]},{"Ident":"liftM1"}]}]},{"ReExportRef":[{"start":[1,1],"name":"/home/dhruv/Final/bower_components/purescript-control/src/Control/MonadPlus.purs","end":[31,38]},["Data","Functor"],{"ValueRef":[{"start":[1,1],"name":"/home/dhruv/Final/bower_components/purescript-control/src/Control/MonadPlus.purs","end":[31,38]},{"Ident":"map"}]}]},{"ReExportRef":[{"start":[1,1],"name":"/home/dhruv/Final/bower_components/purescript-control/src/Control/MonadPlus.purs","end":[31,38]},["Control","Applicative"],{"ValueRef":[{"start":[1,1],"name":"/home/dhruv/Final/bower_components/purescript-control/src/Control/MonadPlus.purs","end":[31,38]},{"Ident":"pure"}]}]},{"ReExportRef":[{"start":[1,1],"name":"/home/dhruv/Final/bower_components/purescript-control/src/Control/MonadPlus.purs","end":[31,38]},["Control","Applicative"],{"ValueRef":[{"start":[1,1],"name":"/home/dhruv/Final/bower_components/purescript-control/src/Control/MonadPlus.purs","end":[31,38]},{"Ident":"unless"}]}]},{"ReExportRef":[{"start":[1,1],"name":"/home/dhruv/Final/bower_components/purescript-control/src/Control/MonadPlus.purs","end":[31,38]},["Data","Functor"],{"ValueRef":[{"start":[1,1],"name":"/home/dhruv/Final/bower_components/purescript-control/src/Control/MonadPlus.purs","end":[31,38]},{"Ident":"void"}]}]},{"ReExportRef":[{"start":[1,1],"name":"/home/dhruv/Final/bower_components/purescript-control/src/Control/MonadPlus.purs","end":[31,38]},["Control","Applicative"],{"ValueRef":[{"start":[1,1],"name":"/home/dhruv/Final/bower_components/purescript-control/src/Control/MonadPlus.purs","end":[31,38]},{"Ident":"when"}]}]},{"ReExportRef":[{"start":[1,1],"name":"/home/dhruv/Final/bower_components/purescript-control/src/Control/MonadPlus.purs","end":[31,38]},["Data","Functor"],{"ValueOpRef":[{"start":[1,1],"name":"/home/dhruv/Final/bower_components/purescript-control/src/Control/MonadPlus.purs","end":[31,38]},"$>"]}]},{"ReExportRef":[{"start":[1,1],"name":"/home/dhruv/Final/bower_components/purescript-control/src/Control/MonadPlus.purs","end":[31,38]},["Control","Apply"],{"ValueOpRef":[{"start":[1,1],"name":"/home/dhruv/Final/bower_components/purescript-control/src/Control/MonadPlus.purs","end":[31,38]},"*>"]}]},{"ReExportRef":[{"start":[1,1],"name":"/home/dhruv/Final/bower_components/purescript-control/src/Control/MonadPlus.purs","end":[31,38]},["Data","Functor"],{"ValueOpRef":[{"start":[1,1],"name":"/home/dhruv/Final/bower_components/purescript-control/src/Control/MonadPlus.purs","end":[31,38]},"<#>"]}]},{"ReExportRef":[{"start":[1,1],"name":"/home/dhruv/Final/bower_components/purescript-control/src/Control/MonadPlus.purs","end":[31,38]},["Data","Functor"],{"ValueOpRef":[{"start":[1,1],"name":"/home/dhruv/Final/bower_components/purescript-control/src/Control/MonadPlus.purs","end":[31,38]},"<$"]}]},{"ReExportRef":[{"start":[1,1],"name":"/home/dhruv/Final/bower_components/purescript-control/src/Control/MonadPlus.purs","end":[31,38]},["Data","Functor"],{"ValueOpRef":[{"start":[1,1],"name":"/home/dhruv/Final/bower_components/purescript-control/src/Control/MonadPlus.purs","end":[31,38]},"<$>"]}]},{"ReExportRef":[{"start":[1,1],"name":"/home/dhruv/Final/bower_components/purescript-control/src/Control/MonadPlus.purs","end":[31,38]},["Control","Apply"],{"ValueOpRef":[{"start":[1,1],"name":"/home/dhruv/Final/bower_components/purescript-control/src/Control/MonadPlus.purs","end":[31,38]},"<*"]}]},{"ReExportRef":[{"start":[1,1],"name":"/home/dhruv/Final/bower_components/purescript-control/src/Control/MonadPlus.purs","end":[31,38]},["Control","Apply"],{"ValueOpRef":[{"start":[1,1],"name":"/home/dhruv/Final/bower_components/purescript-control/src/Control/MonadPlus.purs","end":[31,38]},"<*>"]}]},{"ReExportRef":[{"start":[1,1],"name":"/home/dhruv/Final/bower_components/purescript-control/src/Control/MonadPlus.purs","end":[31,38]},["Control","Bind"],{"ValueOpRef":[{"start":[1,1],"name":"/home/dhruv/Final/bower_components/purescript-control/src/Control/MonadPlus.purs","end":[31,38]},"<=<"]}]},{"ReExportRef":[{"start":[1,1],"name":"/home/dhruv/Final/bower_components/purescript-control/src/Control/MonadPlus.purs","end":[31,38]},["Control","Alt"],{"ValueOpRef":[{"start":[1,1],"name":"/home/dhruv/Final/bower_components/purescript-control/src/Control/MonadPlus.purs","end":[31,38]},"<|>"]}]},{"ReExportRef":[{"start":[1,1],"name":"/home/dhruv/Final/bower_components/purescript-control/src/Control/MonadPlus.purs","end":[31,38]},["Control","Bind"],{"ValueOpRef":[{"start":[1,1],"name":"/home/dhruv/Final/bower_components/purescript-control/src/Control/MonadPlus.purs","end":[31,38]},"=<<"]}]},{"ReExportRef":[{"start":[1,1],"name":"/home/dhruv/Final/bower_components/purescript-control/src/Control/MonadPlus.purs","end":[31,38]},["Control","Bind"],{"ValueOpRef":[{"start":[1,1],"name":"/home/dhruv/Final/bower_components/purescript-control/src/Control/MonadPlus.purs","end":[31,38]},">=>"]}]},{"ReExportRef":[{"start":[1,1],"name":"/home/dhruv/Final/bower_components/purescript-control/src/Control/MonadPlus.purs","end":[31,38]},["Control","Bind"],{"ValueOpRef":[{"start":[1,1],"name":"/home/dhruv/Final/bower_components/purescript-control/src/Control/MonadPlus.purs","end":[31,38]},">>="]}]},{"ModuleRef":[{"start":[3,5],"name":"/home/dhruv/Final/bower_components/purescript-control/src/Control/MonadPlus.purs","end":[3,23]},["Control","Alt"]]},{"ModuleRef":[{"start":[4,5],"name":"/home/dhruv/Final/bower_components/purescript-control/src/Control/MonadPlus.purs","end":[4,31]},["Control","Alternative"]]},{"ModuleRef":[{"start":[5,5],"name":"/home/dhruv/Final/bower_components/purescript-control/src/Control/MonadPlus.purs","end":[5,31]},["Control","Applicative"]]},{"ModuleRef":[{"start":[6,5],"name":"/home/dhruv/Final/bower_components/purescript-control/src/Control/MonadPlus.purs","end":[6,25]},["Control","Apply"]]},{"ModuleRef":[{"start":[7,5],"name":"/home/dhruv/Final/bower_components/purescript-control/src/Control/MonadPlus.purs","end":[7,24]},["Control","Bind"]]},{"ModuleRef":[{"start":[8,5],"name":"/home/dhruv/Final/bower_components/purescript-control/src/Control/MonadPlus.purs","end":[8,25]},["Control","Monad"]]},{"ModuleRef":[{"start":[9,5],"name":"/home/dhruv/Final/bower_components/purescript-control/src/Control/MonadPlus.purs","end":[9,29]},["Control","MonadZero"]]},{"ModuleRef":[{"start":[10,5],"name":"/home/dhruv/Final/bower_components/purescript-control/src/Control/MonadPlus.purs","end":[10,24]},["Control","Plus"]]},{"ModuleRef":[{"start":[11,5],"name":"/home/dhruv/Final/bower_components/purescript-control/src/Control/MonadPlus.purs","end":[11,24]},["Data","Functor"]]},{"TypeInstanceRef":[{"start":[0,0],"name":"<generated>","end":[0,0]},{"Ident":"monadPlusArray"}]}],"efImports":[{"eiModule":["Prim"],"eiImportType":{"Implicit":[]},"eiImportedAs":null},{"eiModule":["Prim"],"eiImportType":{"Implicit":[]},"eiImportedAs":["Prim"]},{"eiModule":["Control","Alt"],"eiImportType":{"Explicit":[{"TypeClassRef":[{"start":[14,21],"name":"/home/dhruv/Final/bower_components/purescript-control/src/Control/MonadPlus.purs","end":[14,30]},"Alt"]},{"ValueRef":[{"start":[14,32],"name":"/home/dhruv/Final/bower_components/purescript-control/src/Control/MonadPlus.purs","end":[14,35]},{"Ident":"alt"}]},{"ValueOpRef":[{"start":[14,37],"name":"/home/dhruv/Final/bower_components/purescript-control/src/Control/MonadPlus.purs","end":[14,42]},"<|>"]}]},"eiImportedAs":null},{"eiModule":["Control","Alternative"],"eiImportType":{"Explicit":[{"TypeClassRef":[{"start":[15,29],"name":"/home/dhruv/Final/bower_components/purescript-control/src/Control/MonadPlus.purs","end":[15,46]},"Alternative"]}]},"eiImportedAs":null},{"eiModule":["Control","Applicative"],"eiImportType":{"Explicit":[{"TypeClassRef":[{"start":[16,29],"name":"/home/dhruv/Final/bower_components/purescript-control/src/Control/MonadPlus.purs","end":[16,46]},"Applicative"]},{"ValueRef":[{"start":[16,48],"name":"/home/dhruv/Final/bower_components/purescript-control/src/Control/MonadPlus.purs","end":[16,52]},{"Ident":"pure"}]},{"ValueRef":[{"start":[16,54],"name":"/home/dhruv/Final/bower_components/purescript-control/src/Control/MonadPlus.purs","end":[16,60]},{"Ident":"liftA1"}]},{"ValueRef":[{"start":[16,62],"name":"/home/dhruv/Final/bower_components/purescript-control/src/Control/MonadPlus.purs","end":[16,68]},{"Ident":"unless"}]},{"ValueRef":[{"start":[16,70],"name":"/home/dhruv/Final/bower_components/purescript-control/src/Control/MonadPlus.purs","end":[16,74]},{"Ident":"when"}]}]},"eiImportedAs":null},{"eiModule":["Control","Apply"],"eiImportType":{"Explicit":[{"TypeClassRef":[{"start":[17,23],"name":"/home/dhruv/Final/bower_components/purescript-control/src/Control/MonadPlus.purs","end":[17,34]},"Apply"]},{"ValueRef":[{"start":[17,36],"name":"/home/dhruv/Final/bower_components/purescript-control/src/Control/MonadPlus.purs","end":[17,41]},{"Ident":"apply"}]},{"ValueOpRef":[{"start":[17,43],"name":"/home/dhruv/Final/bower_components/purescript-control/src/Control/MonadPlus.purs","end":[17,47]},"*>"]},{"ValueOpRef":[{"start":[17,49],"name":"/home/dhruv/Final/bower_components/purescript-control/src/Control/MonadPlus.purs","end":[17,53]},"<*"]},{"ValueOpRef":[{"start":[17,55],"name":"/home/dhruv/Final/bower_components/purescript-control/src/Control/MonadPlus.purs","end":[17,60]},"<*>"]}]},"eiImportedAs":null},{"eiModule":["Control","Bind"],"eiImportType":{"Explicit":[{"TypeClassRef":[{"start":[18,22],"name":"/home/dhruv/Final/bower_components/purescript-control/src/Control/MonadPlus.purs","end":[18,32]},"Bind"]},{"ValueRef":[{"start":[18,34],"name":"/home/dhruv/Final/bower_components/purescript-control/src/Control/MonadPlus.purs","end":[18,38]},{"Ident":"bind"}]},{"ValueRef":[{"start":[18,40],"name":"/home/dhruv/Final/bower_components/purescript-control/src/Control/MonadPlus.purs","end":[18,43]},{"Ident":"ifM"}]},{"ValueRef":[{"start":[18,45],"name":"/home/dhruv/Final/bower_components/purescript-control/src/Control/MonadPlus.purs","end":[18,49]},{"Ident":"join"}]},{"ValueOpRef":[{"start":[18,51],"name":"/home/dhruv/Final/bower_components/purescript-control/src/Control/MonadPlus.purs","end":[18,56]},"<=<"]},{"ValueOpRef":[{"start":[18,58],"name":"/home/dhruv/Final/bower_components/purescript-control/src/Control/MonadPlus.purs","end":[18,63]},"=<<"]},{"ValueOpRef":[{"start":[18,65],"name":"/home/dhruv/Final/bower_components/purescript-control/src/Control/MonadPlus.purs","end":[18,70]},">=>"]},{"ValueOpRef":[{"start":[18,72],"name":"/home/dhruv/Final/bower_components/purescript-control/src/Control/MonadPlus.purs","end":[18,77]},">>="]}]},"eiImportedAs":null},{"eiModule":["Control","Monad"],"eiImportType":{"Explicit":[{"TypeClassRef":[{"start":[19,23],"name":"/home/dhruv/Final/bower_components/purescript-control/src/Control/MonadPlus.purs","end":[19,34]},"Monad"]},{"ValueRef":[{"start":[19,36],"name":"/home/dhruv/Final/bower_components/purescript-control/src/Control/MonadPlus.purs","end":[19,38]},{"Ident":"ap"}]},{"ValueRef":[{"start":[19,40],"name":"/home/dhruv/Final/bower_components/purescript-control/src/Control/MonadPlus.purs","end":[19,46]},{"Ident":"liftM1"}]}]},"eiImportedAs":null},{"eiModule":["Control","MonadZero"],"eiImportType":{"Explicit":[{"TypeClassRef":[{"start":[20,27],"name":"/home/dhruv/Final/bower_components/purescript-control/src/Control/MonadPlus.purs","end":[20,42]},"MonadZero"]},{"ValueRef":[{"start":[20,44],"name":"/home/dhruv/Final/bower_components/purescript-control/src/Control/MonadPlus.purs","end":[20,49]},{"Ident":"guard"}]}]},"eiImportedAs":null},{"eiModule":["Control","Plus"],"eiImportType":{"Explicit":[{"TypeClassRef":[{"start":[21,22],"name":"/home/dhruv/Final/bower_components/purescript-control/src/Control/MonadPlus.purs","end":[21,32]},"Plus"]},{"ValueRef":[{"start":[21,34],"name":"/home/dhruv/Final/bower_components/purescript-control/src/Control/MonadPlus.purs","end":[21,39]},{"Ident":"empty"}]}]},"eiImportedAs":null},{"eiModule":["Data","Functor"],"eiImportType":{"Explicit":[{"TypeClassRef":[{"start":[23,22],"name":"/home/dhruv/Final/bower_components/purescript-control/src/Control/MonadPlus.purs","end":[23,35]},"Functor"]},{"ValueRef":[{"start":[23,37],"name":"/home/dhruv/Final/bower_components/purescript-control/src/Control/MonadPlus.purs","end":[23,40]},{"Ident":"map"}]},{"ValueRef":[{"start":[23,42],"name":"/home/dhruv/Final/bower_components/purescript-control/src/Control/MonadPlus.purs","end":[23,46]},{"Ident":"void"}]},{"ValueOpRef":[{"start":[23,48],"name":"/home/dhruv/Final/bower_components/purescript-control/src/Control/MonadPlus.purs","end":[23,52]},"$>"]},{"ValueOpRef":[{"start":[23,54],"name":"/home/dhruv/Final/bower_components/purescript-control/src/Control/MonadPlus.purs","end":[23,59]},"<#>"]},{"ValueOpRef":[{"start":[23,61],"name":"/home/dhruv/Final/bower_components/purescript-control/src/Control/MonadPlus.purs","end":[23,65]},"<$"]},{"ValueOpRef":[{"start":[23,67],"name":"/home/dhruv/Final/bower_components/purescript-control/src/Control/MonadPlus.purs","end":[23,72]},"<$>"]}]},"eiImportedAs":null}],"efFixities":[],"efTypeFixities":[],"efDeclarations":[{"EDType":{"edTypeName":"MonadPlus","edTypeKind":{"tag":"FunKind","contents":[{"tag":"FunKind","contents":[{"tag":"NamedKind","contents":[["Prim"],"Type"]},{"tag":"NamedKind","contents":[["Prim"],"Type"]}]},{"tag":"NamedKind","contents":[["Prim"],"Type"]}]},"edTypeDeclarationKind":"TypeSynonym"}},{"EDTypeSynonym":{"edTypeSynonymName":"MonadPlus","edTypeSynonymArguments":[["m",null]],"edTypeSynonymType":{"tag":"TypeApp","contents":[{"tag":"TypeConstructor","contents":[["Prim"],"Record"]},{"tag":"RCons","contents":["MonadZero0",{"tag":"TypeApp","contents":[{"tag":"TypeApp","contents":[{"tag":"TypeConstructor","contents":[["Prim"],"Function"]},{"tag":"TypeApp","contents":[{"tag":"TypeConstructor","contents":[["Prim"],"Record"]},{"tag":"REmpty"}]}]},{"tag":"TypeApp","contents":[{"tag":"TypeConstructor","contents":[["Control","MonadZero"],"MonadZero"]},{"tag":"TypeVar","contents":"m"}]}]},{"tag":"REmpty"}]}]}}},{"EDClass":{"edClassName":"MonadPlus","edClassTypeArguments":[["m",null]],"edClassMembers":[],"edClassConstraints":[{"constraintClass":[["Control","MonadZero"],"MonadZero"],"constraintArgs":[{"tag":"TypeVar","contents":"m"}],"constraintData":null}],"edFunctionalDependencies":[]}},{"EDInstance":{"edInstanceClassName":[["Control","MonadPlus"],"MonadPlus"],"edInstanceName":{"Ident":"monadPlusArray"},"edInstanceTypes":[{"tag":"TypeConstructor","contents":[["Prim"],"Array"]}],"edInstanceConstraints":[]}}],"efSourceSpan":{"start":[1,1],"name":"/home/dhruv/Final/bower_components/purescript-control/src/Control/MonadPlus.purs","end":[31,38]}}