{"efVersion":"0.11.6","efModuleName":["DOM","HTML","Event","EventTypes"],"efExports":[{"ValueRef":[{"start":[1,1],"name":"/home/dhruv/Final/bower_components/purescript-dom/src/DOM/HTML/Event/EventTypes.purs","end":[243,19]},{"Ident":"abort"}]},{"ValueRef":[{"start":[1,1],"name":"/home/dhruv/Final/bower_components/purescript-dom/src/DOM/HTML/Event/EventTypes.purs","end":[243,19]},{"Ident":"animationend"}]},{"ValueRef":[{"start":[1,1],"name":"/home/dhruv/Final/bower_components/purescript-dom/src/DOM/HTML/Event/EventTypes.purs","end":[243,19]},{"Ident":"animationiteration"}]},{"ValueRef":[{"start":[1,1],"name":"/home/dhruv/Final/bower_components/purescript-dom/src/DOM/HTML/Event/EventTypes.purs","end":[243,19]},{"Ident":"animationstart"}]},{"ValueRef":[{"start":[1,1],"name":"/home/dhruv/Final/bower_components/purescript-dom/src/DOM/HTML/Event/EventTypes.purs","end":[243,19]},{"Ident":"beforeunload"}]},{"ValueRef":[{"start":[1,1],"name":"/home/dhruv/Final/bower_components/purescript-dom/src/DOM/HTML/Event/EventTypes.purs","end":[243,19]},{"Ident":"blur"}]},{"ValueRef":[{"start":[1,1],"name":"/home/dhruv/Final/bower_components/purescript-dom/src/DOM/HTML/Event/EventTypes.purs","end":[243,19]},{"Ident":"change"}]},{"ValueRef":[{"start":[1,1],"name":"/home/dhruv/Final/bower_components/purescript-dom/src/DOM/HTML/Event/EventTypes.purs","end":[243,19]},{"Ident":"click"}]},{"ValueRef":[{"start":[1,1],"name":"/home/dhruv/Final/bower_components/purescript-dom/src/DOM/HTML/Event/EventTypes.purs","end":[243,19]},{"Ident":"complete"}]},{"ValueRef":[{"start":[1,1],"name":"/home/dhruv/Final/bower_components/purescript-dom/src/DOM/HTML/Event/EventTypes.purs","end":[243,19]},{"Ident":"compositionend"}]},{"ValueRef":[{"start":[1,1],"name":"/home/dhruv/Final/bower_components/purescript-dom/src/DOM/HTML/Event/EventTypes.purs","end":[243,19]},{"Ident":"compositionstart"}]},{"ValueRef":[{"start":[1,1],"name":"/home/dhruv/Final/bower_components/purescript-dom/src/DOM/HTML/Event/EventTypes.purs","end":[243,19]},{"Ident":"compositionupdate"}]},{"ValueRef":[{"start":[1,1],"name":"/home/dhruv/Final/bower_components/purescript-dom/src/DOM/HTML/Event/EventTypes.purs","end":[243,19]},{"Ident":"contextmenu"}]},{"ValueRef":[{"start":[1,1],"name":"/home/dhruv/Final/bower_components/purescript-dom/src/DOM/HTML/Event/EventTypes.purs","end":[243,19]},{"Ident":"copy"}]},{"ValueRef":[{"start":[1,1],"name":"/home/dhruv/Final/bower_components/purescript-dom/src/DOM/HTML/Event/EventTypes.purs","end":[243,19]},{"Ident":"cut"}]},{"ValueRef":[{"start":[1,1],"name":"/home/dhruv/Final/bower_components/purescript-dom/src/DOM/HTML/Event/EventTypes.purs","end":[243,19]},{"Ident":"dblclick"}]},{"ValueRef":[{"start":[1,1],"name":"/home/dhruv/Final/bower_components/purescript-dom/src/DOM/HTML/Event/EventTypes.purs","end":[243,19]},{"Ident":"drag"}]},{"ValueRef":[{"start":[1,1],"name":"/home/dhruv/Final/bower_components/purescript-dom/src/DOM/HTML/Event/EventTypes.purs","end":[243,19]},{"Ident":"dragend"}]},{"ValueRef":[{"start":[1,1],"name":"/home/dhruv/Final/bower_components/purescript-dom/src/DOM/HTML/Event/EventTypes.purs","end":[243,19]},{"Ident":"dragenter"}]},{"ValueRef":[{"start":[1,1],"name":"/home/dhruv/Final/bower_components/purescript-dom/src/DOM/HTML/Event/EventTypes.purs","end":[243,19]},{"Ident":"dragexit"}]},{"ValueRef":[{"start":[1,1],"name":"/home/dhruv/Final/bower_components/purescript-dom/src/DOM/HTML/Event/EventTypes.purs","end":[243,19]},{"Ident":"dragleave"}]},{"ValueRef":[{"start":[1,1],"name":"/home/dhruv/Final/bower_components/purescript-dom/src/DOM/HTML/Event/EventTypes.purs","end":[243,19]},{"Ident":"dragover"}]},{"ValueRef":[{"start":[1,1],"name":"/home/dhruv/Final/bower_components/purescript-dom/src/DOM/HTML/Event/EventTypes.purs","end":[243,19]},{"Ident":"dragstart"}]},{"ValueRef":[{"start":[1,1],"name":"/home/dhruv/Final/bower_components/purescript-dom/src/DOM/HTML/Event/EventTypes.purs","end":[243,19]},{"Ident":"drop"}]},{"ValueRef":[{"start":[1,1],"name":"/home/dhruv/Final/bower_components/purescript-dom/src/DOM/HTML/Event/EventTypes.purs","end":[243,19]},{"Ident":"error"}]},{"ValueRef":[{"start":[1,1],"name":"/home/dhruv/Final/bower_components/purescript-dom/src/DOM/HTML/Event/EventTypes.purs","end":[243,19]},{"Ident":"focus"}]},{"ValueRef":[{"start":[1,1],"name":"/home/dhruv/Final/bower_components/purescript-dom/src/DOM/HTML/Event/EventTypes.purs","end":[243,19]},{"Ident":"focusin"}]},{"ValueRef":[{"start":[1,1],"name":"/home/dhruv/Final/bower_components/purescript-dom/src/DOM/HTML/Event/EventTypes.purs","end":[243,19]},{"Ident":"focusout"}]},{"ValueRef":[{"start":[1,1],"name":"/home/dhruv/Final/bower_components/purescript-dom/src/DOM/HTML/Event/EventTypes.purs","end":[243,19]},{"Ident":"hashchange"}]},{"ValueRef":[{"start":[1,1],"name":"/home/dhruv/Final/bower_components/purescript-dom/src/DOM/HTML/Event/EventTypes.purs","end":[243,19]},{"Ident":"input"}]},{"ValueRef":[{"start":[1,1],"name":"/home/dhruv/Final/bower_components/purescript-dom/src/DOM/HTML/Event/EventTypes.purs","end":[243,19]},{"Ident":"invalid"}]},{"ValueRef":[{"start":[1,1],"name":"/home/dhruv/Final/bower_components/purescript-dom/src/DOM/HTML/Event/EventTypes.purs","end":[243,19]},{"Ident":"keydown"}]},{"ValueRef":[{"start":[1,1],"name":"/home/dhruv/Final/bower_components/purescript-dom/src/DOM/HTML/Event/EventTypes.purs","end":[243,19]},{"Ident":"keypress"}]},{"ValueRef":[{"start":[1,1],"name":"/home/dhruv/Final/bower_components/purescript-dom/src/DOM/HTML/Event/EventTypes.purs","end":[243,19]},{"Ident":"keyup"}]},{"ValueRef":[{"start":[1,1],"name":"/home/dhruv/Final/bower_components/purescript-dom/src/DOM/HTML/Event/EventTypes.purs","end":[243,19]},{"Ident":"load"}]},{"ValueRef":[{"start":[1,1],"name":"/home/dhruv/Final/bower_components/purescript-dom/src/DOM/HTML/Event/EventTypes.purs","end":[243,19]},{"Ident":"loadeddata"}]},{"ValueRef":[{"start":[1,1],"name":"/home/dhruv/Final/bower_components/purescript-dom/src/DOM/HTML/Event/EventTypes.purs","end":[243,19]},{"Ident":"loadedmetadata"}]},{"ValueRef":[{"start":[1,1],"name":"/home/dhruv/Final/bower_components/purescript-dom/src/DOM/HTML/Event/EventTypes.purs","end":[243,19]},{"Ident":"loadend"}]},{"ValueRef":[{"start":[1,1],"name":"/home/dhruv/Final/bower_components/purescript-dom/src/DOM/HTML/Event/EventTypes.purs","end":[243,19]},{"Ident":"loadstart"}]},{"ValueRef":[{"start":[1,1],"name":"/home/dhruv/Final/bower_components/purescript-dom/src/DOM/HTML/Event/EventTypes.purs","end":[243,19]},{"Ident":"message"}]},{"ValueRef":[{"start":[1,1],"name":"/home/dhruv/Final/bower_components/purescript-dom/src/DOM/HTML/Event/EventTypes.purs","end":[243,19]},{"Ident":"mousedown"}]},{"ValueRef":[{"start":[1,1],"name":"/home/dhruv/Final/bower_components/purescript-dom/src/DOM/HTML/Event/EventTypes.purs","end":[243,19]},{"Ident":"mouseenter"}]},{"ValueRef":[{"start":[1,1],"name":"/home/dhruv/Final/bower_components/purescript-dom/src/DOM/HTML/Event/EventTypes.purs","end":[243,19]},{"Ident":"mouseleave"}]},{"ValueRef":[{"start":[1,1],"name":"/home/dhruv/Final/bower_components/purescript-dom/src/DOM/HTML/Event/EventTypes.purs","end":[243,19]},{"Ident":"mousemove"}]},{"ValueRef":[{"start":[1,1],"name":"/home/dhruv/Final/bower_components/purescript-dom/src/DOM/HTML/Event/EventTypes.purs","end":[243,19]},{"Ident":"mouseout"}]},{"ValueRef":[{"start":[1,1],"name":"/home/dhruv/Final/bower_components/purescript-dom/src/DOM/HTML/Event/EventTypes.purs","end":[243,19]},{"Ident":"mouseover"}]},{"ValueRef":[{"start":[1,1],"name":"/home/dhruv/Final/bower_components/purescript-dom/src/DOM/HTML/Event/EventTypes.purs","end":[243,19]},{"Ident":"mouseup"}]},{"ValueRef":[{"start":[1,1],"name":"/home/dhruv/Final/bower_components/purescript-dom/src/DOM/HTML/Event/EventTypes.purs","end":[243,19]},{"Ident":"open"}]},{"ValueRef":[{"start":[1,1],"name":"/home/dhruv/Final/bower_components/purescript-dom/src/DOM/HTML/Event/EventTypes.purs","end":[243,19]},{"Ident":"pagehide"}]},{"ValueRef":[{"start":[1,1],"name":"/home/dhruv/Final/bower_components/purescript-dom/src/DOM/HTML/Event/EventTypes.purs","end":[243,19]},{"Ident":"pageshow"}]},{"ValueRef":[{"start":[1,1],"name":"/home/dhruv/Final/bower_components/purescript-dom/src/DOM/HTML/Event/EventTypes.purs","end":[243,19]},{"Ident":"paste"}]},{"ValueRef":[{"start":[1,1],"name":"/home/dhruv/Final/bower_components/purescript-dom/src/DOM/HTML/Event/EventTypes.purs","end":[243,19]},{"Ident":"pause"}]},{"ValueRef":[{"start":[1,1],"name":"/home/dhruv/Final/bower_components/purescript-dom/src/DOM/HTML/Event/EventTypes.purs","end":[243,19]},{"Ident":"play"}]},{"ValueRef":[{"start":[1,1],"name":"/home/dhruv/Final/bower_components/purescript-dom/src/DOM/HTML/Event/EventTypes.purs","end":[243,19]},{"Ident":"playing"}]},{"ValueRef":[{"start":[1,1],"name":"/home/dhruv/Final/bower_components/purescript-dom/src/DOM/HTML/Event/EventTypes.purs","end":[243,19]},{"Ident":"popstate"}]},{"ValueRef":[{"start":[1,1],"name":"/home/dhruv/Final/bower_components/purescript-dom/src/DOM/HTML/Event/EventTypes.purs","end":[243,19]},{"Ident":"progress"}]},{"ValueRef":[{"start":[1,1],"name":"/home/dhruv/Final/bower_components/purescript-dom/src/DOM/HTML/Event/EventTypes.purs","end":[243,19]},{"Ident":"ratechange"}]},{"ValueRef":[{"start":[1,1],"name":"/home/dhruv/Final/bower_components/purescript-dom/src/DOM/HTML/Event/EventTypes.purs","end":[243,19]},{"Ident":"readystatechange"}]},{"ValueRef":[{"start":[1,1],"name":"/home/dhruv/Final/bower_components/purescript-dom/src/DOM/HTML/Event/EventTypes.purs","end":[243,19]},{"Ident":"reset"}]},{"ValueRef":[{"start":[1,1],"name":"/home/dhruv/Final/bower_components/purescript-dom/src/DOM/HTML/Event/EventTypes.purs","end":[243,19]},{"Ident":"resize"}]},{"ValueRef":[{"start":[1,1],"name":"/home/dhruv/Final/bower_components/purescript-dom/src/DOM/HTML/Event/EventTypes.purs","end":[243,19]},{"Ident":"scroll"}]},{"ValueRef":[{"start":[1,1],"name":"/home/dhruv/Final/bower_components/purescript-dom/src/DOM/HTML/Event/EventTypes.purs","end":[243,19]},{"Ident":"seeked"}]},{"ValueRef":[{"start":[1,1],"name":"/home/dhruv/Final/bower_components/purescript-dom/src/DOM/HTML/Event/EventTypes.purs","end":[243,19]},{"Ident":"seeking"}]},{"ValueRef":[{"start":[1,1],"name":"/home/dhruv/Final/bower_components/purescript-dom/src/DOM/HTML/Event/EventTypes.purs","end":[243,19]},{"Ident":"select"}]},{"ValueRef":[{"start":[1,1],"name":"/home/dhruv/Final/bower_components/purescript-dom/src/DOM/HTML/Event/EventTypes.purs","end":[243,19]},{"Ident":"show"}]},{"ValueRef":[{"start":[1,1],"name":"/home/dhruv/Final/bower_components/purescript-dom/src/DOM/HTML/Event/EventTypes.purs","end":[243,19]},{"Ident":"stalled"}]},{"ValueRef":[{"start":[1,1],"name":"/home/dhruv/Final/bower_components/purescript-dom/src/DOM/HTML/Event/EventTypes.purs","end":[243,19]},{"Ident":"submit"}]},{"ValueRef":[{"start":[1,1],"name":"/home/dhruv/Final/bower_components/purescript-dom/src/DOM/HTML/Event/EventTypes.purs","end":[243,19]},{"Ident":"suspend"}]},{"ValueRef":[{"start":[1,1],"name":"/home/dhruv/Final/bower_components/purescript-dom/src/DOM/HTML/Event/EventTypes.purs","end":[243,19]},{"Ident":"timeout"}]},{"ValueRef":[{"start":[1,1],"name":"/home/dhruv/Final/bower_components/purescript-dom/src/DOM/HTML/Event/EventTypes.purs","end":[243,19]},{"Ident":"timeupdate"}]},{"ValueRef":[{"start":[1,1],"name":"/home/dhruv/Final/bower_components/purescript-dom/src/DOM/HTML/Event/EventTypes.purs","end":[243,19]},{"Ident":"touchcancel"}]},{"ValueRef":[{"start":[1,1],"name":"/home/dhruv/Final/bower_components/purescript-dom/src/DOM/HTML/Event/EventTypes.purs","end":[243,19]},{"Ident":"touchend"}]},{"ValueRef":[{"start":[1,1],"name":"/home/dhruv/Final/bower_components/purescript-dom/src/DOM/HTML/Event/EventTypes.purs","end":[243,19]},{"Ident":"touchenter"}]},{"ValueRef":[{"start":[1,1],"name":"/home/dhruv/Final/bower_components/purescript-dom/src/DOM/HTML/Event/EventTypes.purs","end":[243,19]},{"Ident":"touchleave"}]},{"ValueRef":[{"start":[1,1],"name":"/home/dhruv/Final/bower_components/purescript-dom/src/DOM/HTML/Event/EventTypes.purs","end":[243,19]},{"Ident":"touchmove"}]},{"ValueRef":[{"start":[1,1],"name":"/home/dhruv/Final/bower_components/purescript-dom/src/DOM/HTML/Event/EventTypes.purs","end":[243,19]},{"Ident":"touchstart"}]},{"ValueRef":[{"start":[1,1],"name":"/home/dhruv/Final/bower_components/purescript-dom/src/DOM/HTML/Event/EventTypes.purs","end":[243,19]},{"Ident":"transitionend"}]},{"ValueRef":[{"start":[1,1],"name":"/home/dhruv/Final/bower_components/purescript-dom/src/DOM/HTML/Event/EventTypes.purs","end":[243,19]},{"Ident":"unload"}]},{"ValueRef":[{"start":[1,1],"name":"/home/dhruv/Final/bower_components/purescript-dom/src/DOM/HTML/Event/EventTypes.purs","end":[243,19]},{"Ident":"visibilitychange"}]},{"ValueRef":[{"start":[1,1],"name":"/home/dhruv/Final/bower_components/purescript-dom/src/DOM/HTML/Event/EventTypes.purs","end":[243,19]},{"Ident":"wheel"}]}],"efImports":[{"eiModule":["Prim"],"eiImportType":{"Implicit":[]},"eiImportedAs":null},{"eiModule":["Prim"],"eiImportType":{"Implicit":[]},"eiImportedAs":["Prim"]},{"eiModule":["DOM","Event","Types"],"eiImportType":{"Explicit":[{"TypeRef":[{"start":[3,25],"name":"/home/dhruv/Final/bower_components/purescript-dom/src/DOM/HTML/Event/EventTypes.purs","end":[3,38]},"EventType",null]}]},"eiImportedAs":null}],"efFixities":[],"efTypeFixities":[],"efDeclarations":[{"EDValue":{"edValueName":{"Ident":"abort"},"edValueType":{"tag":"TypeConstructor","contents":[["DOM","Event","Types"],"EventType"]}}},{"EDValue":{"edValueName":{"Ident":"animationend"},"edValueType":{"tag":"TypeConstructor","contents":[["DOM","Event","Types"],"EventType"]}}},{"EDValue":{"edValueName":{"Ident":"animationiteration"},"edValueType":{"tag":"TypeConstructor","contents":[["DOM","Event","Types"],"EventType"]}}},{"EDValue":{"edValueName":{"Ident":"animationstart"},"edValueType":{"tag":"TypeConstructor","contents":[["DOM","Event","Types"],"EventType"]}}},{"EDValue":{"edValueName":{"Ident":"beforeunload"},"edValueType":{"tag":"TypeConstructor","contents":[["DOM","Event","Types"],"EventType"]}}},{"EDValue":{"edValueName":{"Ident":"blur"},"edValueType":{"tag":"TypeConstructor","contents":[["DOM","Event","Types"],"EventType"]}}},{"EDValue":{"edValueName":{"Ident":"change"},"edValueType":{"tag":"TypeConstructor","contents":[["DOM","Event","Types"],"EventType"]}}},{"EDValue":{"edValueName":{"Ident":"click"},"edValueType":{"tag":"TypeConstructor","contents":[["DOM","Event","Types"],"EventType"]}}},{"EDValue":{"edValueName":{"Ident":"complete"},"edValueType":{"tag":"TypeConstructor","contents":[["DOM","Event","Types"],"EventType"]}}},{"EDValue":{"edValueName":{"Ident":"compositionend"},"edValueType":{"tag":"TypeConstructor","contents":[["DOM","Event","Types"],"EventType"]}}},{"EDValue":{"edValueName":{"Ident":"compositionstart"},"edValueType":{"tag":"TypeConstructor","contents":[["DOM","Event","Types"],"EventType"]}}},{"EDValue":{"edValueName":{"Ident":"compositionupdate"},"edValueType":{"tag":"TypeConstructor","contents":[["DOM","Event","Types"],"EventType"]}}},{"EDValue":{"edValueName":{"Ident":"contextmenu"},"edValueType":{"tag":"TypeConstructor","contents":[["DOM","Event","Types"],"EventType"]}}},{"EDValue":{"edValueName":{"Ident":"copy"},"edValueType":{"tag":"TypeConstructor","contents":[["DOM","Event","Types"],"EventType"]}}},{"EDValue":{"edValueName":{"Ident":"cut"},"edValueType":{"tag":"TypeConstructor","contents":[["DOM","Event","Types"],"EventType"]}}},{"EDValue":{"edValueName":{"Ident":"dblclick"},"edValueType":{"tag":"TypeConstructor","contents":[["DOM","Event","Types"],"EventType"]}}},{"EDValue":{"edValueName":{"Ident":"drag"},"edValueType":{"tag":"TypeConstructor","contents":[["DOM","Event","Types"],"EventType"]}}},{"EDValue":{"edValueName":{"Ident":"dragend"},"edValueType":{"tag":"TypeConstructor","contents":[["DOM","Event","Types"],"EventType"]}}},{"EDValue":{"edValueName":{"Ident":"dragenter"},"edValueType":{"tag":"TypeConstructor","contents":[["DOM","Event","Types"],"EventType"]}}},{"EDValue":{"edValueName":{"Ident":"dragexit"},"edValueType":{"tag":"TypeConstructor","contents":[["DOM","Event","Types"],"EventType"]}}},{"EDValue":{"edValueName":{"Ident":"dragleave"},"edValueType":{"tag":"TypeConstructor","contents":[["DOM","Event","Types"],"EventType"]}}},{"EDValue":{"edValueName":{"Ident":"dragover"},"edValueType":{"tag":"TypeConstructor","contents":[["DOM","Event","Types"],"EventType"]}}},{"EDValue":{"edValueName":{"Ident":"dragstart"},"edValueType":{"tag":"TypeConstructor","contents":[["DOM","Event","Types"],"EventType"]}}},{"EDValue":{"edValueName":{"Ident":"drop"},"edValueType":{"tag":"TypeConstructor","contents":[["DOM","Event","Types"],"EventType"]}}},{"EDValue":{"edValueName":{"Ident":"error"},"edValueType":{"tag":"TypeConstructor","contents":[["DOM","Event","Types"],"EventType"]}}},{"EDValue":{"edValueName":{"Ident":"focus"},"edValueType":{"tag":"TypeConstructor","contents":[["DOM","Event","Types"],"EventType"]}}},{"EDValue":{"edValueName":{"Ident":"focusin"},"edValueType":{"tag":"TypeConstructor","contents":[["DOM","Event","Types"],"EventType"]}}},{"EDValue":{"edValueName":{"Ident":"focusout"},"edValueType":{"tag":"TypeConstructor","contents":[["DOM","Event","Types"],"EventType"]}}},{"EDValue":{"edValueName":{"Ident":"hashchange"},"edValueType":{"tag":"TypeConstructor","contents":[["DOM","Event","Types"],"EventType"]}}},{"EDValue":{"edValueName":{"Ident":"input"},"edValueType":{"tag":"TypeConstructor","contents":[["DOM","Event","Types"],"EventType"]}}},{"EDValue":{"edValueName":{"Ident":"invalid"},"edValueType":{"tag":"TypeConstructor","contents":[["DOM","Event","Types"],"EventType"]}}},{"EDValue":{"edValueName":{"Ident":"keydown"},"edValueType":{"tag":"TypeConstructor","contents":[["DOM","Event","Types"],"EventType"]}}},{"EDValue":{"edValueName":{"Ident":"keypress"},"edValueType":{"tag":"TypeConstructor","contents":[["DOM","Event","Types"],"EventType"]}}},{"EDValue":{"edValueName":{"Ident":"keyup"},"edValueType":{"tag":"TypeConstructor","contents":[["DOM","Event","Types"],"EventType"]}}},{"EDValue":{"edValueName":{"Ident":"load"},"edValueType":{"tag":"TypeConstructor","contents":[["DOM","Event","Types"],"EventType"]}}},{"EDValue":{"edValueName":{"Ident":"loadeddata"},"edValueType":{"tag":"TypeConstructor","contents":[["DOM","Event","Types"],"EventType"]}}},{"EDValue":{"edValueName":{"Ident":"loadedmetadata"},"edValueType":{"tag":"TypeConstructor","contents":[["DOM","Event","Types"],"EventType"]}}},{"EDValue":{"edValueName":{"Ident":"loadend"},"edValueType":{"tag":"TypeConstructor","contents":[["DOM","Event","Types"],"EventType"]}}},{"EDValue":{"edValueName":{"Ident":"loadstart"},"edValueType":{"tag":"TypeConstructor","contents":[["DOM","Event","Types"],"EventType"]}}},{"EDValue":{"edValueName":{"Ident":"message"},"edValueType":{"tag":"TypeConstructor","contents":[["DOM","Event","Types"],"EventType"]}}},{"EDValue":{"edValueName":{"Ident":"mousedown"},"edValueType":{"tag":"TypeConstructor","contents":[["DOM","Event","Types"],"EventType"]}}},{"EDValue":{"edValueName":{"Ident":"mouseenter"},"edValueType":{"tag":"TypeConstructor","contents":[["DOM","Event","Types"],"EventType"]}}},{"EDValue":{"edValueName":{"Ident":"mouseleave"},"edValueType":{"tag":"TypeConstructor","contents":[["DOM","Event","Types"],"EventType"]}}},{"EDValue":{"edValueName":{"Ident":"mousemove"},"edValueType":{"tag":"TypeConstructor","contents":[["DOM","Event","Types"],"EventType"]}}},{"EDValue":{"edValueName":{"Ident":"mouseout"},"edValueType":{"tag":"TypeConstructor","contents":[["DOM","Event","Types"],"EventType"]}}},{"EDValue":{"edValueName":{"Ident":"mouseover"},"edValueType":{"tag":"TypeConstructor","contents":[["DOM","Event","Types"],"EventType"]}}},{"EDValue":{"edValueName":{"Ident":"mouseup"},"edValueType":{"tag":"TypeConstructor","contents":[["DOM","Event","Types"],"EventType"]}}},{"EDValue":{"edValueName":{"Ident":"open"},"edValueType":{"tag":"TypeConstructor","contents":[["DOM","Event","Types"],"EventType"]}}},{"EDValue":{"edValueName":{"Ident":"pagehide"},"edValueType":{"tag":"TypeConstructor","contents":[["DOM","Event","Types"],"EventType"]}}},{"EDValue":{"edValueName":{"Ident":"pageshow"},"edValueType":{"tag":"TypeConstructor","contents":[["DOM","Event","Types"],"EventType"]}}},{"EDValue":{"edValueName":{"Ident":"paste"},"edValueType":{"tag":"TypeConstructor","contents":[["DOM","Event","Types"],"EventType"]}}},{"EDValue":{"edValueName":{"Ident":"pause"},"edValueType":{"tag":"TypeConstructor","contents":[["DOM","Event","Types"],"EventType"]}}},{"EDValue":{"edValueName":{"Ident":"play"},"edValueType":{"tag":"TypeConstructor","contents":[["DOM","Event","Types"],"EventType"]}}},{"EDValue":{"edValueName":{"Ident":"playing"},"edValueType":{"tag":"TypeConstructor","contents":[["DOM","Event","Types"],"EventType"]}}},{"EDValue":{"edValueName":{"Ident":"popstate"},"edValueType":{"tag":"TypeConstructor","contents":[["DOM","Event","Types"],"EventType"]}}},{"EDValue":{"edValueName":{"Ident":"progress"},"edValueType":{"tag":"TypeConstructor","contents":[["DOM","Event","Types"],"EventType"]}}},{"EDValue":{"edValueName":{"Ident":"ratechange"},"edValueType":{"tag":"TypeConstructor","contents":[["DOM","Event","Types"],"EventType"]}}},{"EDValue":{"edValueName":{"Ident":"readystatechange"},"edValueType":{"tag":"TypeConstructor","contents":[["DOM","Event","Types"],"EventType"]}}},{"EDValue":{"edValueName":{"Ident":"reset"},"edValueType":{"tag":"TypeConstructor","contents":[["DOM","Event","Types"],"EventType"]}}},{"EDValue":{"edValueName":{"Ident":"resize"},"edValueType":{"tag":"TypeConstructor","contents":[["DOM","Event","Types"],"EventType"]}}},{"EDValue":{"edValueName":{"Ident":"scroll"},"edValueType":{"tag":"TypeConstructor","contents":[["DOM","Event","Types"],"EventType"]}}},{"EDValue":{"edValueName":{"Ident":"seeked"},"edValueType":{"tag":"TypeConstructor","contents":[["DOM","Event","Types"],"EventType"]}}},{"EDValue":{"edValueName":{"Ident":"seeking"},"edValueType":{"tag":"TypeConstructor","contents":[["DOM","Event","Types"],"EventType"]}}},{"EDValue":{"edValueName":{"Ident":"select"},"edValueType":{"tag":"TypeConstructor","contents":[["DOM","Event","Types"],"EventType"]}}},{"EDValue":{"edValueName":{"Ident":"show"},"edValueType":{"tag":"TypeConstructor","contents":[["DOM","Event","Types"],"EventType"]}}},{"EDValue":{"edValueName":{"Ident":"stalled"},"edValueType":{"tag":"TypeConstructor","contents":[["DOM","Event","Types"],"EventType"]}}},{"EDValue":{"edValueName":{"Ident":"submit"},"edValueType":{"tag":"TypeConstructor","contents":[["DOM","Event","Types"],"EventType"]}}},{"EDValue":{"edValueName":{"Ident":"suspend"},"edValueType":{"tag":"TypeConstructor","contents":[["DOM","Event","Types"],"EventType"]}}},{"EDValue":{"edValueName":{"Ident":"timeout"},"edValueType":{"tag":"TypeConstructor","contents":[["DOM","Event","Types"],"EventType"]}}},{"EDValue":{"edValueName":{"Ident":"timeupdate"},"edValueType":{"tag":"TypeConstructor","contents":[["DOM","Event","Types"],"EventType"]}}},{"EDValue":{"edValueName":{"Ident":"touchcancel"},"edValueType":{"tag":"TypeConstructor","contents":[["DOM","Event","Types"],"EventType"]}}},{"EDValue":{"edValueName":{"Ident":"touchend"},"edValueType":{"tag":"TypeConstructor","contents":[["DOM","Event","Types"],"EventType"]}}},{"EDValue":{"edValueName":{"Ident":"touchenter"},"edValueType":{"tag":"TypeConstructor","contents":[["DOM","Event","Types"],"EventType"]}}},{"EDValue":{"edValueName":{"Ident":"touchleave"},"edValueType":{"tag":"TypeConstructor","contents":[["DOM","Event","Types"],"EventType"]}}},{"EDValue":{"edValueName":{"Ident":"touchmove"},"edValueType":{"tag":"TypeConstructor","contents":[["DOM","Event","Types"],"EventType"]}}},{"EDValue":{"edValueName":{"Ident":"touchstart"},"edValueType":{"tag":"TypeConstructor","contents":[["DOM","Event","Types"],"EventType"]}}},{"EDValue":{"edValueName":{"Ident":"transitionend"},"edValueType":{"tag":"TypeConstructor","contents":[["DOM","Event","Types"],"EventType"]}}},{"EDValue":{"edValueName":{"Ident":"unload"},"edValueType":{"tag":"TypeConstructor","contents":[["DOM","Event","Types"],"EventType"]}}},{"EDValue":{"edValueName":{"Ident":"visibilitychange"},"edValueType":{"tag":"TypeConstructor","contents":[["DOM","Event","Types"],"EventType"]}}},{"EDValue":{"edValueName":{"Ident":"wheel"},"edValueType":{"tag":"TypeConstructor","contents":[["DOM","Event","Types"],"EventType"]}}}],"efSourceSpan":{"start":[1,1],"name":"/home/dhruv/Final/bower_components/purescript-dom/src/DOM/HTML/Event/EventTypes.purs","end":[243,19]}}