{"efVersion":"0.11.6","efModuleName":["Data","Graph"],"efExports":[{"TypeRef":[{"start":[1,1],"name":"/home/dhruv/Final/bower_components/purescript-graphs/src/Data/Graph.purs","end":[115,20]},"Graph",[]]},{"ValueRef":[{"start":[1,1],"name":"/home/dhruv/Final/bower_components/purescript-graphs/src/Data/Graph.purs","end":[115,20]},{"Ident":"fromMap"}]},{"ValueRef":[{"start":[1,1],"name":"/home/dhruv/Final/bower_components/purescript-graphs/src/Data/Graph.purs","end":[115,20]},{"Ident":"lookup"}]},{"ValueRef":[{"start":[1,1],"name":"/home/dhruv/Final/bower_components/purescript-graphs/src/Data/Graph.purs","end":[115,20]},{"Ident":"outEdges"}]},{"ValueRef":[{"start":[1,1],"name":"/home/dhruv/Final/bower_components/purescript-graphs/src/Data/Graph.purs","end":[115,20]},{"Ident":"topologicalSort"}]},{"ValueRef":[{"start":[1,1],"name":"/home/dhruv/Final/bower_components/purescript-graphs/src/Data/Graph.purs","end":[115,20]},{"Ident":"unfoldGraph"}]},{"ValueRef":[{"start":[1,1],"name":"/home/dhruv/Final/bower_components/purescript-graphs/src/Data/Graph.purs","end":[115,20]},{"Ident":"vertices"}]},{"TypeInstanceRef":[{"start":[0,0],"name":"<generated>","end":[0,0]},{"Ident":"functorGraph"}]}],"efImports":[{"eiModule":["Prim"],"eiImportType":{"Implicit":[]},"eiImportedAs":null},{"eiModule":["Prim"],"eiImportType":{"Implicit":[]},"eiImportedAs":["Prim"]},{"eiModule":["Prelude"],"eiImportType":{"Implicit":[]},"eiImportedAs":null},{"eiModule":["Data","Bifunctor"],"eiImportType":{"Explicit":[{"ValueRef":[{"start":[14,24],"name":"/home/dhruv/Final/bower_components/purescript-graphs/src/Data/Graph.purs","end":[14,28]},{"Ident":"lmap"}]}]},"eiImportedAs":null},{"eiModule":["Data","CatList"],"eiImportType":{"Explicit":[{"TypeRef":[{"start":[15,22],"name":"/home/dhruv/Final/bower_components/purescript-graphs/src/Data/Graph.purs","end":[15,29]},"CatList",[]]}]},"eiImportedAs":null},{"eiModule":["Data","CatList"],"eiImportType":{"Implicit":[]},"eiImportedAs":["CL"]},{"eiModule":["Data","Foldable"],"eiImportType":{"Explicit":[{"TypeClassRef":[{"start":[17,23],"name":"/home/dhruv/Final/bower_components/purescript-graphs/src/Data/Graph.purs","end":[17,37]},"Foldable"]}]},"eiImportedAs":null},{"eiModule":["Data","List"],"eiImportType":{"Explicit":[{"TypeRef":[{"start":[18,19],"name":"/home/dhruv/Final/bower_components/purescript-graphs/src/Data/Graph.purs","end":[18,27]},"List",null]}]},"eiImportedAs":null},{"eiModule":["Data","List"],"eiImportType":{"Implicit":[]},"eiImportedAs":["L"]},{"eiModule":["Data","Map"],"eiImportType":{"Explicit":[{"TypeRef":[{"start":[20,18],"name":"/home/dhruv/Final/bower_components/purescript-graphs/src/Data/Graph.purs","end":[20,21]},"Map",[]]}]},"eiImportedAs":null},{"eiModule":["Data","Map"],"eiImportType":{"Implicit":[]},"eiImportedAs":["M"]},{"eiModule":["Data","Maybe"],"eiImportType":{"Explicit":[{"TypeRef":[{"start":[22,20],"name":"/home/dhruv/Final/bower_components/purescript-graphs/src/Data/Graph.purs","end":[22,29]},"Maybe",null]},{"ValueRef":[{"start":[22,31],"name":"/home/dhruv/Final/bower_components/purescript-graphs/src/Data/Graph.purs","end":[22,36]},{"Ident":"maybe"}]}]},"eiImportedAs":null},{"eiModule":["Data","Monoid"],"eiImportType":{"Explicit":[{"ValueRef":[{"start":[23,21],"name":"/home/dhruv/Final/bower_components/purescript-graphs/src/Data/Graph.purs","end":[23,27]},{"Ident":"mempty"}]}]},"eiImportedAs":null},{"eiModule":["Data","Tuple"],"eiImportType":{"Explicit":[{"TypeRef":[{"start":[24,20],"name":"/home/dhruv/Final/bower_components/purescript-graphs/src/Data/Graph.purs","end":[24,29]},"Tuple",null]},{"ValueRef":[{"start":[24,31],"name":"/home/dhruv/Final/bower_components/purescript-graphs/src/Data/Graph.purs","end":[24,34]},{"Ident":"fst"}]},{"ValueRef":[{"start":[24,36],"name":"/home/dhruv/Final/bower_components/purescript-graphs/src/Data/Graph.purs","end":[24,39]},{"Ident":"snd"}]}]},"eiImportedAs":null}],"efFixities":[],"efTypeFixities":[],"efDeclarations":[{"EDType":{"edTypeName":"Graph","edTypeKind":{"tag":"FunKind","contents":[{"tag":"NamedKind","contents":[["Prim"],"Type"]},{"tag":"FunKind","contents":[{"tag":"NamedKind","contents":[["Prim"],"Type"]},{"tag":"NamedKind","contents":[["Prim"],"Type"]}]}]},"edTypeDeclarationKind":{"DataType":{"args":[["k",{"tag":"NamedKind","contents":[["Prim"],"Type"]}],["v",{"tag":"NamedKind","contents":[["Prim"],"Type"]}]],"ctors":[["Graph",[{"tag":"TypeApp","contents":[{"tag":"TypeApp","contents":[{"tag":"TypeConstructor","contents":[["Data","Map"],"Map"]},{"tag":"TypeVar","contents":"k"}]},{"tag":"TypeApp","contents":[{"tag":"TypeApp","contents":[{"tag":"TypeConstructor","contents":[["Data","Tuple"],"Tuple"]},{"tag":"TypeVar","contents":"v"}]},{"tag":"TypeApp","contents":[{"tag":"TypeConstructor","contents":[["Data","List","Types"],"List"]},{"tag":"TypeVar","contents":"k"}]}]}]}]]]}}}},{"EDValue":{"edValueName":{"Ident":"fromMap"},"edValueType":{"tag":"ForAll","contents":["v",{"tag":"ForAll","contents":["k",{"tag":"TypeApp","contents":[{"tag":"TypeApp","contents":[{"tag":"TypeConstructor","contents":[["Prim"],"Function"]},{"tag":"TypeApp","contents":[{"tag":"TypeApp","contents":[{"tag":"TypeConstructor","contents":[["Data","Map"],"Map"]},{"tag":"TypeVar","contents":"k"}]},{"tag":"TypeApp","contents":[{"tag":"TypeApp","contents":[{"tag":"TypeConstructor","contents":[["Data","Tuple"],"Tuple"]},{"tag":"TypeVar","contents":"v"}]},{"tag":"TypeApp","contents":[{"tag":"TypeConstructor","contents":[["Data","List","Types"],"List"]},{"tag":"TypeVar","contents":"k"}]}]}]}]},{"tag":"TypeApp","contents":[{"tag":"TypeApp","contents":[{"tag":"TypeConstructor","contents":[["Data","Graph"],"Graph"]},{"tag":"TypeVar","contents":"k"}]},{"tag":"TypeVar","contents":"v"}]}]},32]},33]}}},{"EDValue":{"edValueName":{"Ident":"lookup"},"edValueType":{"tag":"ForAll","contents":["v",{"tag":"ForAll","contents":["k",{"tag":"ConstrainedType","contents":[{"constraintClass":[["Data","Ord"],"Ord"],"constraintArgs":[{"tag":"TypeVar","contents":"k"}],"constraintData":null},{"tag":"TypeApp","contents":[{"tag":"TypeApp","contents":[{"tag":"TypeConstructor","contents":[["Prim"],"Function"]},{"tag":"TypeVar","contents":"k"}]},{"tag":"TypeApp","contents":[{"tag":"TypeApp","contents":[{"tag":"TypeConstructor","contents":[["Prim"],"Function"]},{"tag":"TypeApp","contents":[{"tag":"TypeApp","contents":[{"tag":"TypeConstructor","contents":[["Data","Graph"],"Graph"]},{"tag":"TypeVar","contents":"k"}]},{"tag":"TypeVar","contents":"v"}]}]},{"tag":"TypeApp","contents":[{"tag":"TypeConstructor","contents":[["Data","Maybe"],"Maybe"]},{"tag":"TypeVar","contents":"v"}]}]}]}]},22]},23]}}},{"EDValue":{"edValueName":{"Ident":"outEdges"},"edValueType":{"tag":"ForAll","contents":["v",{"tag":"ForAll","contents":["k",{"tag":"ConstrainedType","contents":[{"constraintClass":[["Data","Ord"],"Ord"],"constraintArgs":[{"tag":"TypeVar","contents":"k"}],"constraintData":null},{"tag":"TypeApp","contents":[{"tag":"TypeApp","contents":[{"tag":"TypeConstructor","contents":[["Prim"],"Function"]},{"tag":"TypeVar","contents":"k"}]},{"tag":"TypeApp","contents":[{"tag":"TypeApp","contents":[{"tag":"TypeConstructor","contents":[["Prim"],"Function"]},{"tag":"TypeApp","contents":[{"tag":"TypeApp","contents":[{"tag":"TypeConstructor","contents":[["Data","Graph"],"Graph"]},{"tag":"TypeVar","contents":"k"}]},{"tag":"TypeVar","contents":"v"}]}]},{"tag":"TypeApp","contents":[{"tag":"TypeConstructor","contents":[["Data","Maybe"],"Maybe"]},{"tag":"TypeApp","contents":[{"tag":"TypeConstructor","contents":[["Data","List","Types"],"List"]},{"tag":"TypeVar","contents":"k"}]}]}]}]}]},18]},19]}}},{"EDValue":{"edValueName":{"Ident":"topologicalSort"},"edValueType":{"tag":"ForAll","contents":["v",{"tag":"ForAll","contents":["k",{"tag":"ConstrainedType","contents":[{"constraintClass":[["Data","Ord"],"Ord"],"constraintArgs":[{"tag":"TypeVar","contents":"k"}],"constraintData":null},{"tag":"TypeApp","contents":[{"tag":"TypeApp","contents":[{"tag":"TypeConstructor","contents":[["Prim"],"Function"]},{"tag":"TypeApp","contents":[{"tag":"TypeApp","contents":[{"tag":"TypeConstructor","contents":[["Data","Graph"],"Graph"]},{"tag":"TypeVar","contents":"k"}]},{"tag":"TypeVar","contents":"v"}]}]},{"tag":"TypeApp","contents":[{"tag":"TypeConstructor","contents":[["Data","List","Types"],"List"]},{"tag":"TypeVar","contents":"k"}]}]}]},12]},13]}}},{"EDValue":{"edValueName":{"Ident":"unfoldGraph"},"edValueType":{"tag":"ForAll","contents":["out",{"tag":"ForAll","contents":["v",{"tag":"ForAll","contents":["k",{"tag":"ForAll","contents":["f",{"tag":"ConstrainedType","contents":[{"constraintClass":[["Data","Ord"],"Ord"],"constraintArgs":[{"tag":"TypeVar","contents":"k"}],"constraintData":null},{"tag":"ConstrainedType","contents":[{"constraintClass":[["Data","Functor"],"Functor"],"constraintArgs":[{"tag":"TypeVar","contents":"f"}],"constraintData":null},{"tag":"ConstrainedType","contents":[{"constraintClass":[["Data","Foldable"],"Foldable"],"constraintArgs":[{"tag":"TypeVar","contents":"f"}],"constraintData":null},{"tag":"ConstrainedType","contents":[{"constraintClass":[["Data","Foldable"],"Foldable"],"constraintArgs":[{"tag":"TypeVar","contents":"out"}],"constraintData":null},{"tag":"TypeApp","contents":[{"tag":"TypeApp","contents":[{"tag":"TypeConstructor","contents":[["Prim"],"Function"]},{"tag":"TypeApp","contents":[{"tag":"TypeVar","contents":"f"},{"tag":"TypeVar","contents":"k"}]}]},{"tag":"TypeApp","contents":[{"tag":"TypeApp","contents":[{"tag":"TypeConstructor","contents":[["Prim"],"Function"]},{"tag":"TypeApp","contents":[{"tag":"TypeApp","contents":[{"tag":"TypeConstructor","contents":[["Prim"],"Function"]},{"tag":"TypeVar","contents":"k"}]},{"tag":"TypeVar","contents":"v"}]}]},{"tag":"TypeApp","contents":[{"tag":"TypeApp","contents":[{"tag":"TypeConstructor","contents":[["Prim"],"Function"]},{"tag":"TypeApp","contents":[{"tag":"TypeApp","contents":[{"tag":"TypeConstructor","contents":[["Prim"],"Function"]},{"tag":"TypeVar","contents":"k"}]},{"tag":"TypeApp","contents":[{"tag":"TypeVar","contents":"out"},{"tag":"TypeVar","contents":"k"}]}]}]},{"tag":"TypeApp","contents":[{"tag":"TypeApp","contents":[{"tag":"TypeConstructor","contents":[["Data","Graph"],"Graph"]},{"tag":"TypeVar","contents":"k"}]},{"tag":"TypeVar","contents":"v"}]}]}]}]}]}]}]}]},4]},5]},6]},7]}}},{"EDValue":{"edValueName":{"Ident":"vertices"},"edValueType":{"tag":"ForAll","contents":["v",{"tag":"ForAll","contents":["k",{"tag":"TypeApp","contents":[{"tag":"TypeApp","contents":[{"tag":"TypeConstructor","contents":[["Prim"],"Function"]},{"tag":"TypeApp","contents":[{"tag":"TypeApp","contents":[{"tag":"TypeConstructor","contents":[["Data","Graph"],"Graph"]},{"tag":"TypeVar","contents":"k"}]},{"tag":"TypeVar","contents":"v"}]}]},{"tag":"TypeApp","contents":[{"tag":"TypeConstructor","contents":[["Data","List","Types"],"List"]},{"tag":"TypeVar","contents":"v"}]}]},0]},1]}}},{"EDInstance":{"edInstanceClassName":[["Data","Functor"],"Functor"],"edInstanceName":{"Ident":"functorGraph"},"edInstanceTypes":[{"tag":"TypeApp","contents":[{"tag":"TypeConstructor","contents":[["Data","Graph"],"Graph"]},{"tag":"TypeVar","contents":"k"}]}],"edInstanceConstraints":[]}}],"efSourceSpan":{"start":[1,1],"name":"/home/dhruv/Final/bower_components/purescript-graphs/src/Data/Graph.purs","end":[115,20]}}