{"efVersion":"0.11.6","efModuleName":["DOM","Websocket","Event","MessageEvent"],"efExports":[{"ValueRef":[{"start":[1,1],"name":"/home/dhruv/Final/bower_components/purescript-dom/src/DOM/Websocket/Event/MessageEvent.purs","end":[8,47]},{"Ident":"data_"}]},{"ValueRef":[{"start":[1,1],"name":"/home/dhruv/Final/bower_components/purescript-dom/src/DOM/Websocket/Event/MessageEvent.purs","end":[8,47]},{"Ident":"lastEventId"}]},{"ValueRef":[{"start":[1,1],"name":"/home/dhruv/Final/bower_components/purescript-dom/src/DOM/Websocket/Event/MessageEvent.purs","end":[8,47]},{"Ident":"origin"}]}],"efImports":[{"eiModule":["Prim"],"eiImportType":{"Implicit":[]},"eiImportedAs":null},{"eiModule":["Prim"],"eiImportType":{"Implicit":[]},"eiImportedAs":["Prim"]},{"eiModule":["Data","Foreign"],"eiImportType":{"Explicit":[{"TypeRef":[{"start":[3,22],"name":"/home/dhruv/Final/bower_components/purescript-dom/src/DOM/Websocket/Event/MessageEvent.purs","end":[3,29]},"Foreign",[]]}]},"eiImportedAs":null},{"eiModule":["DOM","Websocket","Event","Types"],"eiImportType":{"Explicit":[{"TypeRef":[{"start":[4,35],"name":"/home/dhruv/Final/bower_components/purescript-dom/src/DOM/Websocket/Event/MessageEvent.purs","end":[4,47]},"MessageEvent",[]]}]},"eiImportedAs":null}],"efFixities":[],"efTypeFixities":[],"efDeclarations":[{"EDValue":{"edValueName":{"Ident":"data_"},"edValueType":{"tag":"TypeApp","contents":[{"tag":"TypeApp","contents":[{"tag":"TypeConstructor","contents":[["Prim"],"Function"]},{"tag":"TypeConstructor","contents":[["DOM","Websocket","Event","Types"],"MessageEvent"]}]},{"tag":"TypeConstructor","contents":[["Data","Foreign"],"Foreign"]}]}}},{"EDValue":{"edValueName":{"Ident":"lastEventId"},"edValueType":{"tag":"TypeApp","contents":[{"tag":"TypeApp","contents":[{"tag":"TypeConstructor","contents":[["Prim"],"Function"]},{"tag":"TypeConstructor","contents":[["DOM","Websocket","Event","Types"],"MessageEvent"]}]},{"tag":"TypeConstructor","contents":[["Prim"],"String"]}]}}},{"EDValue":{"edValueName":{"Ident":"origin"},"edValueType":{"tag":"TypeApp","contents":[{"tag":"TypeApp","contents":[{"tag":"TypeConstructor","contents":[["Prim"],"Function"]},{"tag":"TypeConstructor","contents":[["DOM","Websocket","Event","Types"],"MessageEvent"]}]},{"tag":"TypeConstructor","contents":[["Prim"],"String"]}]}}}],"efSourceSpan":{"start":[1,1],"name":"/home/dhruv/Final/bower_components/purescript-dom/src/DOM/Websocket/Event/MessageEvent.purs","end":[8,47]}}