{"efVersion":"0.11.6","efModuleName":["DOM","Node","Types"],"efExports":[{"TypeRef":[{"start":[1,1],"name":"/home/dhruv/Final/bower_components/purescript-dom/src/DOM/Node/Types.purs","end":[103,22]},"CharacterData",[]]},{"TypeRef":[{"start":[1,1],"name":"/home/dhruv/Final/bower_components/purescript-dom/src/DOM/Node/Types.purs","end":[103,22]},"ChildNode",[]]},{"TypeRef":[{"start":[1,1],"name":"/home/dhruv/Final/bower_components/purescript-dom/src/DOM/Node/Types.purs","end":[103,22]},"Comment",[]]},{"TypeRef":[{"start":[1,1],"name":"/home/dhruv/Final/bower_components/purescript-dom/src/DOM/Node/Types.purs","end":[103,22]},"DOMTokenList",[]]},{"TypeRef":[{"start":[1,1],"name":"/home/dhruv/Final/bower_components/purescript-dom/src/DOM/Node/Types.purs","end":[103,22]},"Document",[]]},{"TypeRef":[{"start":[1,1],"name":"/home/dhruv/Final/bower_components/purescript-dom/src/DOM/Node/Types.purs","end":[103,22]},"DocumentFragment",[]]},{"TypeRef":[{"start":[1,1],"name":"/home/dhruv/Final/bower_components/purescript-dom/src/DOM/Node/Types.purs","end":[103,22]},"DocumentType",[]]},{"TypeRef":[{"start":[1,1],"name":"/home/dhruv/Final/bower_components/purescript-dom/src/DOM/Node/Types.purs","end":[103,22]},"Element",[]]},{"TypeRef":[{"start":[1,1],"name":"/home/dhruv/Final/bower_components/purescript-dom/src/DOM/Node/Types.purs","end":[103,22]},"ElementId",["ElementId"]]},{"TypeRef":[{"start":[1,1],"name":"/home/dhruv/Final/bower_components/purescript-dom/src/DOM/Node/Types.purs","end":[103,22]},"HTMLCollection",[]]},{"TypeRef":[{"start":[1,1],"name":"/home/dhruv/Final/bower_components/purescript-dom/src/DOM/Node/Types.purs","end":[103,22]},"Node",[]]},{"TypeRef":[{"start":[1,1],"name":"/home/dhruv/Final/bower_components/purescript-dom/src/DOM/Node/Types.purs","end":[103,22]},"NodeList",[]]},{"TypeRef":[{"start":[1,1],"name":"/home/dhruv/Final/bower_components/purescript-dom/src/DOM/Node/Types.purs","end":[103,22]},"NonDocumentTypeChildNode",[]]},{"TypeRef":[{"start":[1,1],"name":"/home/dhruv/Final/bower_components/purescript-dom/src/DOM/Node/Types.purs","end":[103,22]},"NonElementParentNode",[]]},{"TypeRef":[{"start":[1,1],"name":"/home/dhruv/Final/bower_components/purescript-dom/src/DOM/Node/Types.purs","end":[103,22]},"ParentNode",[]]},{"TypeRef":[{"start":[1,1],"name":"/home/dhruv/Final/bower_components/purescript-dom/src/DOM/Node/Types.purs","end":[103,22]},"ProcessingInstruction",[]]},{"TypeRef":[{"start":[1,1],"name":"/home/dhruv/Final/bower_components/purescript-dom/src/DOM/Node/Types.purs","end":[103,22]},"Text",[]]},{"ValueRef":[{"start":[1,1],"name":"/home/dhruv/Final/bower_components/purescript-dom/src/DOM/Node/Types.purs","end":[103,22]},{"Ident":"characterDataToNonDocumentTypeChildNode"}]},{"ValueRef":[{"start":[1,1],"name":"/home/dhruv/Final/bower_components/purescript-dom/src/DOM/Node/Types.purs","end":[103,22]},{"Ident":"commentToNode"}]},{"ValueRef":[{"start":[1,1],"name":"/home/dhruv/Final/bower_components/purescript-dom/src/DOM/Node/Types.purs","end":[103,22]},{"Ident":"documentFragmentToNode"}]},{"ValueRef":[{"start":[1,1],"name":"/home/dhruv/Final/bower_components/purescript-dom/src/DOM/Node/Types.purs","end":[103,22]},{"Ident":"documentFragmentToNonElementParentNode"}]},{"ValueRef":[{"start":[1,1],"name":"/home/dhruv/Final/bower_components/purescript-dom/src/DOM/Node/Types.purs","end":[103,22]},{"Ident":"documentFragmentToParentNode"}]},{"ValueRef":[{"start":[1,1],"name":"/home/dhruv/Final/bower_components/purescript-dom/src/DOM/Node/Types.purs","end":[103,22]},{"Ident":"documentToEventTarget"}]},{"ValueRef":[{"start":[1,1],"name":"/home/dhruv/Final/bower_components/purescript-dom/src/DOM/Node/Types.purs","end":[103,22]},{"Ident":"documentToNode"}]},{"ValueRef":[{"start":[1,1],"name":"/home/dhruv/Final/bower_components/purescript-dom/src/DOM/Node/Types.purs","end":[103,22]},{"Ident":"documentToNonElementParentNode"}]},{"ValueRef":[{"start":[1,1],"name":"/home/dhruv/Final/bower_components/purescript-dom/src/DOM/Node/Types.purs","end":[103,22]},{"Ident":"documentToParentNode"}]},{"ValueRef":[{"start":[1,1],"name":"/home/dhruv/Final/bower_components/purescript-dom/src/DOM/Node/Types.purs","end":[103,22]},{"Ident":"documentTypeToNode"}]},{"ValueRef":[{"start":[1,1],"name":"/home/dhruv/Final/bower_components/purescript-dom/src/DOM/Node/Types.purs","end":[103,22]},{"Ident":"elementToEventTarget"}]},{"ValueRef":[{"start":[1,1],"name":"/home/dhruv/Final/bower_components/purescript-dom/src/DOM/Node/Types.purs","end":[103,22]},{"Ident":"elementToNode"}]},{"ValueRef":[{"start":[1,1],"name":"/home/dhruv/Final/bower_components/purescript-dom/src/DOM/Node/Types.purs","end":[103,22]},{"Ident":"elementToNonDocumentTypeChildNode"}]},{"ValueRef":[{"start":[1,1],"name":"/home/dhruv/Final/bower_components/purescript-dom/src/DOM/Node/Types.purs","end":[103,22]},{"Ident":"elementToParentNode"}]},{"ValueRef":[{"start":[1,1],"name":"/home/dhruv/Final/bower_components/purescript-dom/src/DOM/Node/Types.purs","end":[103,22]},{"Ident":"processingInstructionToNode"}]},{"ValueRef":[{"start":[1,1],"name":"/home/dhruv/Final/bower_components/purescript-dom/src/DOM/Node/Types.purs","end":[103,22]},{"Ident":"readDocument"}]},{"ValueRef":[{"start":[1,1],"name":"/home/dhruv/Final/bower_components/purescript-dom/src/DOM/Node/Types.purs","end":[103,22]},{"Ident":"readElement"}]},{"ValueRef":[{"start":[1,1],"name":"/home/dhruv/Final/bower_components/purescript-dom/src/DOM/Node/Types.purs","end":[103,22]},{"Ident":"readNode"}]},{"ValueRef":[{"start":[1,1],"name":"/home/dhruv/Final/bower_components/purescript-dom/src/DOM/Node/Types.purs","end":[103,22]},{"Ident":"textToNode"}]},{"TypeInstanceRef":[{"start":[0,0],"name":"<generated>","end":[0,0]},{"Ident":"newtypeElementId"}]},{"TypeInstanceRef":[{"start":[0,0],"name":"<generated>","end":[0,0]},{"Ident":"eqElementId"}]},{"TypeInstanceRef":[{"start":[0,0],"name":"<generated>","end":[0,0]},{"Ident":"oOrdElementId"}]}],"efImports":[{"eiModule":["Prim"],"eiImportType":{"Implicit":[]},"eiImportedAs":null},{"eiModule":["Prim"],"eiImportType":{"Implicit":[]},"eiImportedAs":["Prim"]},{"eiModule":["Prelude"],"eiImportType":{"Implicit":[]},"eiImportedAs":null},{"eiModule":["Data","Foreign"],"eiImportType":{"Explicit":[{"TypeRef":[{"start":[6,22],"name":"/home/dhruv/Final/bower_components/purescript-dom/src/DOM/Node/Types.purs","end":[6,23]},"F",[]]},{"TypeRef":[{"start":[6,25],"name":"/home/dhruv/Final/bower_components/purescript-dom/src/DOM/Node/Types.purs","end":[6,32]},"Foreign",[]]}]},"eiImportedAs":null},{"eiModule":["Data","Newtype"],"eiImportType":{"Explicit":[{"TypeClassRef":[{"start":[7,22],"name":"/home/dhruv/Final/bower_components/purescript-dom/src/DOM/Node/Types.purs","end":[7,35]},"Newtype"]}]},"eiImportedAs":null},{"eiModule":["DOM","Event","Types"],"eiImportType":{"Explicit":[{"TypeRef":[{"start":[9,25],"name":"/home/dhruv/Final/bower_components/purescript-dom/src/DOM/Node/Types.purs","end":[9,36]},"EventTarget",[]]}]},"eiImportedAs":null},{"eiModule":["Unsafe","Coerce"],"eiImportType":{"Explicit":[{"ValueRef":[{"start":[11,23],"name":"/home/dhruv/Final/bower_components/purescript-dom/src/DOM/Node/Types.purs","end":[11,35]},{"Ident":"unsafeCoerce"}]}]},"eiImportedAs":null},{"eiModule":["DOM","Util","FFI"],"eiImportType":{"Explicit":[{"ValueRef":[{"start":[12,22],"name":"/home/dhruv/Final/bower_components/purescript-dom/src/DOM/Node/Types.purs","end":[12,43]},{"Ident":"unsafeReadProtoTagged"}]}]},"eiImportedAs":null}],"efFixities":[],"efTypeFixities":[],"efDeclarations":[{"EDType":{"edTypeName":"CharacterData","edTypeKind":{"tag":"NamedKind","contents":[["Prim"],"Type"]},"edTypeDeclarationKind":"ExternData"}},{"EDType":{"edTypeName":"ChildNode","edTypeKind":{"tag":"NamedKind","contents":[["Prim"],"Type"]},"edTypeDeclarationKind":"ExternData"}},{"EDType":{"edTypeName":"Comment","edTypeKind":{"tag":"NamedKind","contents":[["Prim"],"Type"]},"edTypeDeclarationKind":"ExternData"}},{"EDType":{"edTypeName":"DOMTokenList","edTypeKind":{"tag":"NamedKind","contents":[["Prim"],"Type"]},"edTypeDeclarationKind":"ExternData"}},{"EDType":{"edTypeName":"Document","edTypeKind":{"tag":"NamedKind","contents":[["Prim"],"Type"]},"edTypeDeclarationKind":"ExternData"}},{"EDType":{"edTypeName":"DocumentFragment","edTypeKind":{"tag":"NamedKind","contents":[["Prim"],"Type"]},"edTypeDeclarationKind":"ExternData"}},{"EDType":{"edTypeName":"DocumentType","edTypeKind":{"tag":"NamedKind","contents":[["Prim"],"Type"]},"edTypeDeclarationKind":"ExternData"}},{"EDType":{"edTypeName":"Element","edTypeKind":{"tag":"NamedKind","contents":[["Prim"],"Type"]},"edTypeDeclarationKind":"ExternData"}},{"EDType":{"edTypeName":"ElementId","edTypeKind":{"tag":"NamedKind","contents":[["Prim"],"Type"]},"edTypeDeclarationKind":{"DataType":{"args":[],"ctors":[["ElementId",[{"tag":"TypeConstructor","contents":[["Prim"],"String"]}]]]}}}},{"EDDataConstructor":{"edDataCtorName":"ElementId","edDataCtorOrigin":"newtype","edDataCtorTypeCtor":"ElementId","edDataCtorType":{"tag":"TypeApp","contents":[{"tag":"TypeApp","contents":[{"tag":"TypeConstructor","contents":[["Prim"],"Function"]},{"tag":"TypeConstructor","contents":[["Prim"],"String"]}]},{"tag":"TypeConstructor","contents":[["DOM","Node","Types"],"ElementId"]}]},"edDataCtorFields":[{"Ident":"value0"}]}},{"EDType":{"edTypeName":"HTMLCollection","edTypeKind":{"tag":"NamedKind","contents":[["Prim"],"Type"]},"edTypeDeclarationKind":"ExternData"}},{"EDType":{"edTypeName":"Node","edTypeKind":{"tag":"NamedKind","contents":[["Prim"],"Type"]},"edTypeDeclarationKind":"ExternData"}},{"EDType":{"edTypeName":"NodeList","edTypeKind":{"tag":"NamedKind","contents":[["Prim"],"Type"]},"edTypeDeclarationKind":"ExternData"}},{"EDType":{"edTypeName":"NonDocumentTypeChildNode","edTypeKind":{"tag":"NamedKind","contents":[["Prim"],"Type"]},"edTypeDeclarationKind":"ExternData"}},{"EDType":{"edTypeName":"NonElementParentNode","edTypeKind":{"tag":"NamedKind","contents":[["Prim"],"Type"]},"edTypeDeclarationKind":"ExternData"}},{"EDType":{"edTypeName":"ParentNode","edTypeKind":{"tag":"NamedKind","contents":[["Prim"],"Type"]},"edTypeDeclarationKind":"ExternData"}},{"EDType":{"edTypeName":"ProcessingInstruction","edTypeKind":{"tag":"NamedKind","contents":[["Prim"],"Type"]},"edTypeDeclarationKind":"ExternData"}},{"EDType":{"edTypeName":"Text","edTypeKind":{"tag":"NamedKind","contents":[["Prim"],"Type"]},"edTypeDeclarationKind":"ExternData"}},{"EDValue":{"edValueName":{"Ident":"characterDataToNonDocumentTypeChildNode"},"edValueType":{"tag":"TypeApp","contents":[{"tag":"TypeApp","contents":[{"tag":"TypeConstructor","contents":[["Prim"],"Function"]},{"tag":"TypeConstructor","contents":[["DOM","Node","Types"],"CharacterData"]}]},{"tag":"TypeConstructor","contents":[["DOM","Node","Types"],"NonDocumentTypeChildNode"]}]}}},{"EDValue":{"edValueName":{"Ident":"commentToNode"},"edValueType":{"tag":"TypeApp","contents":[{"tag":"TypeApp","contents":[{"tag":"TypeConstructor","contents":[["Prim"],"Function"]},{"tag":"TypeConstructor","contents":[["DOM","Node","Types"],"Comment"]}]},{"tag":"TypeConstructor","contents":[["DOM","Node","Types"],"Node"]}]}}},{"EDValue":{"edValueName":{"Ident":"documentFragmentToNode"},"edValueType":{"tag":"TypeApp","contents":[{"tag":"TypeApp","contents":[{"tag":"TypeConstructor","contents":[["Prim"],"Function"]},{"tag":"TypeConstructor","contents":[["DOM","Node","Types"],"DocumentFragment"]}]},{"tag":"TypeConstructor","contents":[["DOM","Node","Types"],"Node"]}]}}},{"EDValue":{"edValueName":{"Ident":"documentFragmentToNonElementParentNode"},"edValueType":{"tag":"TypeApp","contents":[{"tag":"TypeApp","contents":[{"tag":"TypeConstructor","contents":[["Prim"],"Function"]},{"tag":"TypeConstructor","contents":[["DOM","Node","Types"],"DocumentFragment"]}]},{"tag":"TypeConstructor","contents":[["DOM","Node","Types"],"NonElementParentNode"]}]}}},{"EDValue":{"edValueName":{"Ident":"documentFragmentToParentNode"},"edValueType":{"tag":"TypeApp","contents":[{"tag":"TypeApp","contents":[{"tag":"TypeConstructor","contents":[["Prim"],"Function"]},{"tag":"TypeConstructor","contents":[["DOM","Node","Types"],"DocumentFragment"]}]},{"tag":"TypeConstructor","contents":[["DOM","Node","Types"],"ParentNode"]}]}}},{"EDValue":{"edValueName":{"Ident":"documentToEventTarget"},"edValueType":{"tag":"TypeApp","contents":[{"tag":"TypeApp","contents":[{"tag":"TypeConstructor","contents":[["Prim"],"Function"]},{"tag":"TypeConstructor","contents":[["DOM","Node","Types"],"Document"]}]},{"tag":"TypeConstructor","contents":[["DOM","Event","Types"],"EventTarget"]}]}}},{"EDValue":{"edValueName":{"Ident":"documentToNode"},"edValueType":{"tag":"TypeApp","contents":[{"tag":"TypeApp","contents":[{"tag":"TypeConstructor","contents":[["Prim"],"Function"]},{"tag":"TypeConstructor","contents":[["DOM","Node","Types"],"Document"]}]},{"tag":"TypeConstructor","contents":[["DOM","Node","Types"],"Node"]}]}}},{"EDValue":{"edValueName":{"Ident":"documentToNonElementParentNode"},"edValueType":{"tag":"TypeApp","contents":[{"tag":"TypeApp","contents":[{"tag":"TypeConstructor","contents":[["Prim"],"Function"]},{"tag":"TypeConstructor","contents":[["DOM","Node","Types"],"Document"]}]},{"tag":"TypeConstructor","contents":[["DOM","Node","Types"],"NonElementParentNode"]}]}}},{"EDValue":{"edValueName":{"Ident":"documentToParentNode"},"edValueType":{"tag":"TypeApp","contents":[{"tag":"TypeApp","contents":[{"tag":"TypeConstructor","contents":[["Prim"],"Function"]},{"tag":"TypeConstructor","contents":[["DOM","Node","Types"],"Document"]}]},{"tag":"TypeConstructor","contents":[["DOM","Node","Types"],"ParentNode"]}]}}},{"EDValue":{"edValueName":{"Ident":"documentTypeToNode"},"edValueType":{"tag":"TypeApp","contents":[{"tag":"TypeApp","contents":[{"tag":"TypeConstructor","contents":[["Prim"],"Function"]},{"tag":"TypeConstructor","contents":[["DOM","Node","Types"],"DocumentType"]}]},{"tag":"TypeConstructor","contents":[["DOM","Node","Types"],"Node"]}]}}},{"EDValue":{"edValueName":{"Ident":"elementToEventTarget"},"edValueType":{"tag":"TypeApp","contents":[{"tag":"TypeApp","contents":[{"tag":"TypeConstructor","contents":[["Prim"],"Function"]},{"tag":"TypeConstructor","contents":[["DOM","Node","Types"],"Element"]}]},{"tag":"TypeConstructor","contents":[["DOM","Event","Types"],"EventTarget"]}]}}},{"EDValue":{"edValueName":{"Ident":"elementToNode"},"edValueType":{"tag":"TypeApp","contents":[{"tag":"TypeApp","contents":[{"tag":"TypeConstructor","contents":[["Prim"],"Function"]},{"tag":"TypeConstructor","contents":[["DOM","Node","Types"],"Element"]}]},{"tag":"TypeConstructor","contents":[["DOM","Node","Types"],"Node"]}]}}},{"EDValue":{"edValueName":{"Ident":"elementToNonDocumentTypeChildNode"},"edValueType":{"tag":"TypeApp","contents":[{"tag":"TypeApp","contents":[{"tag":"TypeConstructor","contents":[["Prim"],"Function"]},{"tag":"TypeConstructor","contents":[["DOM","Node","Types"],"Element"]}]},{"tag":"TypeConstructor","contents":[["DOM","Node","Types"],"NonDocumentTypeChildNode"]}]}}},{"EDValue":{"edValueName":{"Ident":"elementToParentNode"},"edValueType":{"tag":"TypeApp","contents":[{"tag":"TypeApp","contents":[{"tag":"TypeConstructor","contents":[["Prim"],"Function"]},{"tag":"TypeConstructor","contents":[["DOM","Node","Types"],"Element"]}]},{"tag":"TypeConstructor","contents":[["DOM","Node","Types"],"ParentNode"]}]}}},{"EDValue":{"edValueName":{"Ident":"processingInstructionToNode"},"edValueType":{"tag":"TypeApp","contents":[{"tag":"TypeApp","contents":[{"tag":"TypeConstructor","contents":[["Prim"],"Function"]},{"tag":"TypeConstructor","contents":[["DOM","Node","Types"],"ProcessingInstruction"]}]},{"tag":"TypeConstructor","contents":[["DOM","Node","Types"],"Node"]}]}}},{"EDValue":{"edValueName":{"Ident":"readDocument"},"edValueType":{"tag":"TypeApp","contents":[{"tag":"TypeApp","contents":[{"tag":"TypeConstructor","contents":[["Prim"],"Function"]},{"tag":"TypeConstructor","contents":[["Data","Foreign"],"Foreign"]}]},{"tag":"TypeApp","contents":[{"tag":"TypeApp","contents":[{"tag":"TypeApp","contents":[{"tag":"TypeConstructor","contents":[["Control","Monad","Except","Trans"],"ExceptT"]},{"tag":"TypeApp","contents":[{"tag":"TypeConstructor","contents":[["Data","List","Types"],"NonEmptyList"]},{"tag":"TypeConstructor","contents":[["Data","Foreign"],"ForeignError"]}]}]},{"tag":"TypeConstructor","contents":[["Data","Identity"],"Identity"]}]},{"tag":"TypeConstructor","contents":[["DOM","Node","Types"],"Document"]}]}]}}},{"EDValue":{"edValueName":{"Ident":"readElement"},"edValueType":{"tag":"TypeApp","contents":[{"tag":"TypeApp","contents":[{"tag":"TypeConstructor","contents":[["Prim"],"Function"]},{"tag":"TypeConstructor","contents":[["Data","Foreign"],"Foreign"]}]},{"tag":"TypeApp","contents":[{"tag":"TypeApp","contents":[{"tag":"TypeApp","contents":[{"tag":"TypeConstructor","contents":[["Control","Monad","Except","Trans"],"ExceptT"]},{"tag":"TypeApp","contents":[{"tag":"TypeConstructor","contents":[["Data","List","Types"],"NonEmptyList"]},{"tag":"TypeConstructor","contents":[["Data","Foreign"],"ForeignError"]}]}]},{"tag":"TypeConstructor","contents":[["Data","Identity"],"Identity"]}]},{"tag":"TypeConstructor","contents":[["DOM","Node","Types"],"Element"]}]}]}}},{"EDValue":{"edValueName":{"Ident":"readNode"},"edValueType":{"tag":"TypeApp","contents":[{"tag":"TypeApp","contents":[{"tag":"TypeConstructor","contents":[["Prim"],"Function"]},{"tag":"TypeConstructor","contents":[["Data","Foreign"],"Foreign"]}]},{"tag":"TypeApp","contents":[{"tag":"TypeApp","contents":[{"tag":"TypeApp","contents":[{"tag":"TypeConstructor","contents":[["Control","Monad","Except","Trans"],"ExceptT"]},{"tag":"TypeApp","contents":[{"tag":"TypeConstructor","contents":[["Data","List","Types"],"NonEmptyList"]},{"tag":"TypeConstructor","contents":[["Data","Foreign"],"ForeignError"]}]}]},{"tag":"TypeConstructor","contents":[["Data","Identity"],"Identity"]}]},{"tag":"TypeConstructor","contents":[["DOM","Node","Types"],"Node"]}]}]}}},{"EDValue":{"edValueName":{"Ident":"textToNode"},"edValueType":{"tag":"TypeApp","contents":[{"tag":"TypeApp","contents":[{"tag":"TypeConstructor","contents":[["Prim"],"Function"]},{"tag":"TypeConstructor","contents":[["DOM","Node","Types"],"Text"]}]},{"tag":"TypeConstructor","contents":[["DOM","Node","Types"],"Node"]}]}}},{"EDInstance":{"edInstanceClassName":[["Data","Newtype"],"Newtype"],"edInstanceName":{"Ident":"newtypeElementId"},"edInstanceTypes":[{"tag":"TypeConstructor","contents":[["DOM","Node","Types"],"ElementId"]},{"tag":"TypeConstructor","contents":[["Prim"],"String"]}],"edInstanceConstraints":[]}},{"EDInstance":{"edInstanceClassName":[["Data","Eq"],"Eq"],"edInstanceName":{"Ident":"eqElementId"},"edInstanceTypes":[{"tag":"TypeConstructor","contents":[["DOM","Node","Types"],"ElementId"]}],"edInstanceConstraints":[]}},{"EDInstance":{"edInstanceClassName":[["Data","Ord"],"Ord"],"edInstanceName":{"Ident":"oOrdElementId"},"edInstanceTypes":[{"tag":"TypeConstructor","contents":[["DOM","Node","Types"],"ElementId"]}],"edInstanceConstraints":[]}}],"efSourceSpan":{"start":[1,1],"name":"/home/dhruv/Final/bower_components/purescript-dom/src/DOM/Node/Types.purs","end":[103,22]}}