{"efVersion":"0.11.6","efModuleName":["Color","Scheme","X11"],"efExports":[{"ValueRef":[{"start":[1,1],"name":"/home/dhruv/Final/bower_components/purescript-colors/src/Color/Scheme/X11.purs","end":[442,27]},{"Ident":"aliceblue"}]},{"ValueRef":[{"start":[1,1],"name":"/home/dhruv/Final/bower_components/purescript-colors/src/Color/Scheme/X11.purs","end":[442,27]},{"Ident":"antiquewhite"}]},{"ValueRef":[{"start":[1,1],"name":"/home/dhruv/Final/bower_components/purescript-colors/src/Color/Scheme/X11.purs","end":[442,27]},{"Ident":"aqua"}]},{"ValueRef":[{"start":[1,1],"name":"/home/dhruv/Final/bower_components/purescript-colors/src/Color/Scheme/X11.purs","end":[442,27]},{"Ident":"aquamarine"}]},{"ValueRef":[{"start":[1,1],"name":"/home/dhruv/Final/bower_components/purescript-colors/src/Color/Scheme/X11.purs","end":[442,27]},{"Ident":"azure"}]},{"ValueRef":[{"start":[1,1],"name":"/home/dhruv/Final/bower_components/purescript-colors/src/Color/Scheme/X11.purs","end":[442,27]},{"Ident":"beige"}]},{"ValueRef":[{"start":[1,1],"name":"/home/dhruv/Final/bower_components/purescript-colors/src/Color/Scheme/X11.purs","end":[442,27]},{"Ident":"bisque"}]},{"ValueRef":[{"start":[1,1],"name":"/home/dhruv/Final/bower_components/purescript-colors/src/Color/Scheme/X11.purs","end":[442,27]},{"Ident":"blanchedalmond"}]},{"ValueRef":[{"start":[1,1],"name":"/home/dhruv/Final/bower_components/purescript-colors/src/Color/Scheme/X11.purs","end":[442,27]},{"Ident":"blue"}]},{"ValueRef":[{"start":[1,1],"name":"/home/dhruv/Final/bower_components/purescript-colors/src/Color/Scheme/X11.purs","end":[442,27]},{"Ident":"blueviolet"}]},{"ValueRef":[{"start":[1,1],"name":"/home/dhruv/Final/bower_components/purescript-colors/src/Color/Scheme/X11.purs","end":[442,27]},{"Ident":"brown"}]},{"ValueRef":[{"start":[1,1],"name":"/home/dhruv/Final/bower_components/purescript-colors/src/Color/Scheme/X11.purs","end":[442,27]},{"Ident":"burlywood"}]},{"ValueRef":[{"start":[1,1],"name":"/home/dhruv/Final/bower_components/purescript-colors/src/Color/Scheme/X11.purs","end":[442,27]},{"Ident":"cadetblue"}]},{"ValueRef":[{"start":[1,1],"name":"/home/dhruv/Final/bower_components/purescript-colors/src/Color/Scheme/X11.purs","end":[442,27]},{"Ident":"chartreuse"}]},{"ValueRef":[{"start":[1,1],"name":"/home/dhruv/Final/bower_components/purescript-colors/src/Color/Scheme/X11.purs","end":[442,27]},{"Ident":"chocolate"}]},{"ValueRef":[{"start":[1,1],"name":"/home/dhruv/Final/bower_components/purescript-colors/src/Color/Scheme/X11.purs","end":[442,27]},{"Ident":"coral"}]},{"ValueRef":[{"start":[1,1],"name":"/home/dhruv/Final/bower_components/purescript-colors/src/Color/Scheme/X11.purs","end":[442,27]},{"Ident":"cornflowerblue"}]},{"ValueRef":[{"start":[1,1],"name":"/home/dhruv/Final/bower_components/purescript-colors/src/Color/Scheme/X11.purs","end":[442,27]},{"Ident":"cornsilk"}]},{"ValueRef":[{"start":[1,1],"name":"/home/dhruv/Final/bower_components/purescript-colors/src/Color/Scheme/X11.purs","end":[442,27]},{"Ident":"crimson"}]},{"ValueRef":[{"start":[1,1],"name":"/home/dhruv/Final/bower_components/purescript-colors/src/Color/Scheme/X11.purs","end":[442,27]},{"Ident":"cyan"}]},{"ValueRef":[{"start":[1,1],"name":"/home/dhruv/Final/bower_components/purescript-colors/src/Color/Scheme/X11.purs","end":[442,27]},{"Ident":"darkblue"}]},{"ValueRef":[{"start":[1,1],"name":"/home/dhruv/Final/bower_components/purescript-colors/src/Color/Scheme/X11.purs","end":[442,27]},{"Ident":"darkcyan"}]},{"ValueRef":[{"start":[1,1],"name":"/home/dhruv/Final/bower_components/purescript-colors/src/Color/Scheme/X11.purs","end":[442,27]},{"Ident":"darkgoldenrod"}]},{"ValueRef":[{"start":[1,1],"name":"/home/dhruv/Final/bower_components/purescript-colors/src/Color/Scheme/X11.purs","end":[442,27]},{"Ident":"darkgray"}]},{"ValueRef":[{"start":[1,1],"name":"/home/dhruv/Final/bower_components/purescript-colors/src/Color/Scheme/X11.purs","end":[442,27]},{"Ident":"darkgreen"}]},{"ValueRef":[{"start":[1,1],"name":"/home/dhruv/Final/bower_components/purescript-colors/src/Color/Scheme/X11.purs","end":[442,27]},{"Ident":"darkgrey"}]},{"ValueRef":[{"start":[1,1],"name":"/home/dhruv/Final/bower_components/purescript-colors/src/Color/Scheme/X11.purs","end":[442,27]},{"Ident":"darkkhaki"}]},{"ValueRef":[{"start":[1,1],"name":"/home/dhruv/Final/bower_components/purescript-colors/src/Color/Scheme/X11.purs","end":[442,27]},{"Ident":"darkmagenta"}]},{"ValueRef":[{"start":[1,1],"name":"/home/dhruv/Final/bower_components/purescript-colors/src/Color/Scheme/X11.purs","end":[442,27]},{"Ident":"darkolivegreen"}]},{"ValueRef":[{"start":[1,1],"name":"/home/dhruv/Final/bower_components/purescript-colors/src/Color/Scheme/X11.purs","end":[442,27]},{"Ident":"darkorange"}]},{"ValueRef":[{"start":[1,1],"name":"/home/dhruv/Final/bower_components/purescript-colors/src/Color/Scheme/X11.purs","end":[442,27]},{"Ident":"darkorchid"}]},{"ValueRef":[{"start":[1,1],"name":"/home/dhruv/Final/bower_components/purescript-colors/src/Color/Scheme/X11.purs","end":[442,27]},{"Ident":"darkred"}]},{"ValueRef":[{"start":[1,1],"name":"/home/dhruv/Final/bower_components/purescript-colors/src/Color/Scheme/X11.purs","end":[442,27]},{"Ident":"darksalmon"}]},{"ValueRef":[{"start":[1,1],"name":"/home/dhruv/Final/bower_components/purescript-colors/src/Color/Scheme/X11.purs","end":[442,27]},{"Ident":"darkseagreen"}]},{"ValueRef":[{"start":[1,1],"name":"/home/dhruv/Final/bower_components/purescript-colors/src/Color/Scheme/X11.purs","end":[442,27]},{"Ident":"darkslateblue"}]},{"ValueRef":[{"start":[1,1],"name":"/home/dhruv/Final/bower_components/purescript-colors/src/Color/Scheme/X11.purs","end":[442,27]},{"Ident":"darkslategray"}]},{"ValueRef":[{"start":[1,1],"name":"/home/dhruv/Final/bower_components/purescript-colors/src/Color/Scheme/X11.purs","end":[442,27]},{"Ident":"darkslategrey"}]},{"ValueRef":[{"start":[1,1],"name":"/home/dhruv/Final/bower_components/purescript-colors/src/Color/Scheme/X11.purs","end":[442,27]},{"Ident":"darkturquoise"}]},{"ValueRef":[{"start":[1,1],"name":"/home/dhruv/Final/bower_components/purescript-colors/src/Color/Scheme/X11.purs","end":[442,27]},{"Ident":"darkviolet"}]},{"ValueRef":[{"start":[1,1],"name":"/home/dhruv/Final/bower_components/purescript-colors/src/Color/Scheme/X11.purs","end":[442,27]},{"Ident":"deeppink"}]},{"ValueRef":[{"start":[1,1],"name":"/home/dhruv/Final/bower_components/purescript-colors/src/Color/Scheme/X11.purs","end":[442,27]},{"Ident":"deepskyblue"}]},{"ValueRef":[{"start":[1,1],"name":"/home/dhruv/Final/bower_components/purescript-colors/src/Color/Scheme/X11.purs","end":[442,27]},{"Ident":"dimgray"}]},{"ValueRef":[{"start":[1,1],"name":"/home/dhruv/Final/bower_components/purescript-colors/src/Color/Scheme/X11.purs","end":[442,27]},{"Ident":"dimgrey"}]},{"ValueRef":[{"start":[1,1],"name":"/home/dhruv/Final/bower_components/purescript-colors/src/Color/Scheme/X11.purs","end":[442,27]},{"Ident":"dodgerblue"}]},{"ValueRef":[{"start":[1,1],"name":"/home/dhruv/Final/bower_components/purescript-colors/src/Color/Scheme/X11.purs","end":[442,27]},{"Ident":"firebrick"}]},{"ValueRef":[{"start":[1,1],"name":"/home/dhruv/Final/bower_components/purescript-colors/src/Color/Scheme/X11.purs","end":[442,27]},{"Ident":"floralwhite"}]},{"ValueRef":[{"start":[1,1],"name":"/home/dhruv/Final/bower_components/purescript-colors/src/Color/Scheme/X11.purs","end":[442,27]},{"Ident":"forestgreen"}]},{"ValueRef":[{"start":[1,1],"name":"/home/dhruv/Final/bower_components/purescript-colors/src/Color/Scheme/X11.purs","end":[442,27]},{"Ident":"fuchsia"}]},{"ValueRef":[{"start":[1,1],"name":"/home/dhruv/Final/bower_components/purescript-colors/src/Color/Scheme/X11.purs","end":[442,27]},{"Ident":"gainsboro"}]},{"ValueRef":[{"start":[1,1],"name":"/home/dhruv/Final/bower_components/purescript-colors/src/Color/Scheme/X11.purs","end":[442,27]},{"Ident":"ghostwhite"}]},{"ValueRef":[{"start":[1,1],"name":"/home/dhruv/Final/bower_components/purescript-colors/src/Color/Scheme/X11.purs","end":[442,27]},{"Ident":"gold"}]},{"ValueRef":[{"start":[1,1],"name":"/home/dhruv/Final/bower_components/purescript-colors/src/Color/Scheme/X11.purs","end":[442,27]},{"Ident":"goldenrod"}]},{"ValueRef":[{"start":[1,1],"name":"/home/dhruv/Final/bower_components/purescript-colors/src/Color/Scheme/X11.purs","end":[442,27]},{"Ident":"gray"}]},{"ValueRef":[{"start":[1,1],"name":"/home/dhruv/Final/bower_components/purescript-colors/src/Color/Scheme/X11.purs","end":[442,27]},{"Ident":"green"}]},{"ValueRef":[{"start":[1,1],"name":"/home/dhruv/Final/bower_components/purescript-colors/src/Color/Scheme/X11.purs","end":[442,27]},{"Ident":"greenyellow"}]},{"ValueRef":[{"start":[1,1],"name":"/home/dhruv/Final/bower_components/purescript-colors/src/Color/Scheme/X11.purs","end":[442,27]},{"Ident":"grey"}]},{"ValueRef":[{"start":[1,1],"name":"/home/dhruv/Final/bower_components/purescript-colors/src/Color/Scheme/X11.purs","end":[442,27]},{"Ident":"honeydew"}]},{"ValueRef":[{"start":[1,1],"name":"/home/dhruv/Final/bower_components/purescript-colors/src/Color/Scheme/X11.purs","end":[442,27]},{"Ident":"hotpink"}]},{"ValueRef":[{"start":[1,1],"name":"/home/dhruv/Final/bower_components/purescript-colors/src/Color/Scheme/X11.purs","end":[442,27]},{"Ident":"indianred"}]},{"ValueRef":[{"start":[1,1],"name":"/home/dhruv/Final/bower_components/purescript-colors/src/Color/Scheme/X11.purs","end":[442,27]},{"Ident":"indigo"}]},{"ValueRef":[{"start":[1,1],"name":"/home/dhruv/Final/bower_components/purescript-colors/src/Color/Scheme/X11.purs","end":[442,27]},{"Ident":"ivory"}]},{"ValueRef":[{"start":[1,1],"name":"/home/dhruv/Final/bower_components/purescript-colors/src/Color/Scheme/X11.purs","end":[442,27]},{"Ident":"khaki"}]},{"ValueRef":[{"start":[1,1],"name":"/home/dhruv/Final/bower_components/purescript-colors/src/Color/Scheme/X11.purs","end":[442,27]},{"Ident":"lavender"}]},{"ValueRef":[{"start":[1,1],"name":"/home/dhruv/Final/bower_components/purescript-colors/src/Color/Scheme/X11.purs","end":[442,27]},{"Ident":"lavenderblush"}]},{"ValueRef":[{"start":[1,1],"name":"/home/dhruv/Final/bower_components/purescript-colors/src/Color/Scheme/X11.purs","end":[442,27]},{"Ident":"lawngreen"}]},{"ValueRef":[{"start":[1,1],"name":"/home/dhruv/Final/bower_components/purescript-colors/src/Color/Scheme/X11.purs","end":[442,27]},{"Ident":"lemonchiffon"}]},{"ValueRef":[{"start":[1,1],"name":"/home/dhruv/Final/bower_components/purescript-colors/src/Color/Scheme/X11.purs","end":[442,27]},{"Ident":"lightblue"}]},{"ValueRef":[{"start":[1,1],"name":"/home/dhruv/Final/bower_components/purescript-colors/src/Color/Scheme/X11.purs","end":[442,27]},{"Ident":"lightcoral"}]},{"ValueRef":[{"start":[1,1],"name":"/home/dhruv/Final/bower_components/purescript-colors/src/Color/Scheme/X11.purs","end":[442,27]},{"Ident":"lightcyan"}]},{"ValueRef":[{"start":[1,1],"name":"/home/dhruv/Final/bower_components/purescript-colors/src/Color/Scheme/X11.purs","end":[442,27]},{"Ident":"lightgoldenrodyellow"}]},{"ValueRef":[{"start":[1,1],"name":"/home/dhruv/Final/bower_components/purescript-colors/src/Color/Scheme/X11.purs","end":[442,27]},{"Ident":"lightgray"}]},{"ValueRef":[{"start":[1,1],"name":"/home/dhruv/Final/bower_components/purescript-colors/src/Color/Scheme/X11.purs","end":[442,27]},{"Ident":"lightgreen"}]},{"ValueRef":[{"start":[1,1],"name":"/home/dhruv/Final/bower_components/purescript-colors/src/Color/Scheme/X11.purs","end":[442,27]},{"Ident":"lightgrey"}]},{"ValueRef":[{"start":[1,1],"name":"/home/dhruv/Final/bower_components/purescript-colors/src/Color/Scheme/X11.purs","end":[442,27]},{"Ident":"lightpink"}]},{"ValueRef":[{"start":[1,1],"name":"/home/dhruv/Final/bower_components/purescript-colors/src/Color/Scheme/X11.purs","end":[442,27]},{"Ident":"lightsalmon"}]},{"ValueRef":[{"start":[1,1],"name":"/home/dhruv/Final/bower_components/purescript-colors/src/Color/Scheme/X11.purs","end":[442,27]},{"Ident":"lightseagreen"}]},{"ValueRef":[{"start":[1,1],"name":"/home/dhruv/Final/bower_components/purescript-colors/src/Color/Scheme/X11.purs","end":[442,27]},{"Ident":"lightskyblue"}]},{"ValueRef":[{"start":[1,1],"name":"/home/dhruv/Final/bower_components/purescript-colors/src/Color/Scheme/X11.purs","end":[442,27]},{"Ident":"lightslategray"}]},{"ValueRef":[{"start":[1,1],"name":"/home/dhruv/Final/bower_components/purescript-colors/src/Color/Scheme/X11.purs","end":[442,27]},{"Ident":"lightslategrey"}]},{"ValueRef":[{"start":[1,1],"name":"/home/dhruv/Final/bower_components/purescript-colors/src/Color/Scheme/X11.purs","end":[442,27]},{"Ident":"lightsteelblue"}]},{"ValueRef":[{"start":[1,1],"name":"/home/dhruv/Final/bower_components/purescript-colors/src/Color/Scheme/X11.purs","end":[442,27]},{"Ident":"lightyellow"}]},{"ValueRef":[{"start":[1,1],"name":"/home/dhruv/Final/bower_components/purescript-colors/src/Color/Scheme/X11.purs","end":[442,27]},{"Ident":"lime"}]},{"ValueRef":[{"start":[1,1],"name":"/home/dhruv/Final/bower_components/purescript-colors/src/Color/Scheme/X11.purs","end":[442,27]},{"Ident":"limegreen"}]},{"ValueRef":[{"start":[1,1],"name":"/home/dhruv/Final/bower_components/purescript-colors/src/Color/Scheme/X11.purs","end":[442,27]},{"Ident":"linen"}]},{"ValueRef":[{"start":[1,1],"name":"/home/dhruv/Final/bower_components/purescript-colors/src/Color/Scheme/X11.purs","end":[442,27]},{"Ident":"magenta"}]},{"ValueRef":[{"start":[1,1],"name":"/home/dhruv/Final/bower_components/purescript-colors/src/Color/Scheme/X11.purs","end":[442,27]},{"Ident":"maroon"}]},{"ValueRef":[{"start":[1,1],"name":"/home/dhruv/Final/bower_components/purescript-colors/src/Color/Scheme/X11.purs","end":[442,27]},{"Ident":"mediumaquamarine"}]},{"ValueRef":[{"start":[1,1],"name":"/home/dhruv/Final/bower_components/purescript-colors/src/Color/Scheme/X11.purs","end":[442,27]},{"Ident":"mediumblue"}]},{"ValueRef":[{"start":[1,1],"name":"/home/dhruv/Final/bower_components/purescript-colors/src/Color/Scheme/X11.purs","end":[442,27]},{"Ident":"mediumorchid"}]},{"ValueRef":[{"start":[1,1],"name":"/home/dhruv/Final/bower_components/purescript-colors/src/Color/Scheme/X11.purs","end":[442,27]},{"Ident":"mediumpurple"}]},{"ValueRef":[{"start":[1,1],"name":"/home/dhruv/Final/bower_components/purescript-colors/src/Color/Scheme/X11.purs","end":[442,27]},{"Ident":"mediumseagreen"}]},{"ValueRef":[{"start":[1,1],"name":"/home/dhruv/Final/bower_components/purescript-colors/src/Color/Scheme/X11.purs","end":[442,27]},{"Ident":"mediumslateblue"}]},{"ValueRef":[{"start":[1,1],"name":"/home/dhruv/Final/bower_components/purescript-colors/src/Color/Scheme/X11.purs","end":[442,27]},{"Ident":"mediumspringgreen"}]},{"ValueRef":[{"start":[1,1],"name":"/home/dhruv/Final/bower_components/purescript-colors/src/Color/Scheme/X11.purs","end":[442,27]},{"Ident":"mediumturquoise"}]},{"ValueRef":[{"start":[1,1],"name":"/home/dhruv/Final/bower_components/purescript-colors/src/Color/Scheme/X11.purs","end":[442,27]},{"Ident":"mediumvioletred"}]},{"ValueRef":[{"start":[1,1],"name":"/home/dhruv/Final/bower_components/purescript-colors/src/Color/Scheme/X11.purs","end":[442,27]},{"Ident":"midnightblue"}]},{"ValueRef":[{"start":[1,1],"name":"/home/dhruv/Final/bower_components/purescript-colors/src/Color/Scheme/X11.purs","end":[442,27]},{"Ident":"mintcream"}]},{"ValueRef":[{"start":[1,1],"name":"/home/dhruv/Final/bower_components/purescript-colors/src/Color/Scheme/X11.purs","end":[442,27]},{"Ident":"mistyrose"}]},{"ValueRef":[{"start":[1,1],"name":"/home/dhruv/Final/bower_components/purescript-colors/src/Color/Scheme/X11.purs","end":[442,27]},{"Ident":"moccasin"}]},{"ValueRef":[{"start":[1,1],"name":"/home/dhruv/Final/bower_components/purescript-colors/src/Color/Scheme/X11.purs","end":[442,27]},{"Ident":"navajowhite"}]},{"ValueRef":[{"start":[1,1],"name":"/home/dhruv/Final/bower_components/purescript-colors/src/Color/Scheme/X11.purs","end":[442,27]},{"Ident":"navy"}]},{"ValueRef":[{"start":[1,1],"name":"/home/dhruv/Final/bower_components/purescript-colors/src/Color/Scheme/X11.purs","end":[442,27]},{"Ident":"oldlace"}]},{"ValueRef":[{"start":[1,1],"name":"/home/dhruv/Final/bower_components/purescript-colors/src/Color/Scheme/X11.purs","end":[442,27]},{"Ident":"olive"}]},{"ValueRef":[{"start":[1,1],"name":"/home/dhruv/Final/bower_components/purescript-colors/src/Color/Scheme/X11.purs","end":[442,27]},{"Ident":"olivedrab"}]},{"ValueRef":[{"start":[1,1],"name":"/home/dhruv/Final/bower_components/purescript-colors/src/Color/Scheme/X11.purs","end":[442,27]},{"Ident":"orange"}]},{"ValueRef":[{"start":[1,1],"name":"/home/dhruv/Final/bower_components/purescript-colors/src/Color/Scheme/X11.purs","end":[442,27]},{"Ident":"orangered"}]},{"ValueRef":[{"start":[1,1],"name":"/home/dhruv/Final/bower_components/purescript-colors/src/Color/Scheme/X11.purs","end":[442,27]},{"Ident":"orchid"}]},{"ValueRef":[{"start":[1,1],"name":"/home/dhruv/Final/bower_components/purescript-colors/src/Color/Scheme/X11.purs","end":[442,27]},{"Ident":"palegoldenrod"}]},{"ValueRef":[{"start":[1,1],"name":"/home/dhruv/Final/bower_components/purescript-colors/src/Color/Scheme/X11.purs","end":[442,27]},{"Ident":"palegreen"}]},{"ValueRef":[{"start":[1,1],"name":"/home/dhruv/Final/bower_components/purescript-colors/src/Color/Scheme/X11.purs","end":[442,27]},{"Ident":"paleturquoise"}]},{"ValueRef":[{"start":[1,1],"name":"/home/dhruv/Final/bower_components/purescript-colors/src/Color/Scheme/X11.purs","end":[442,27]},{"Ident":"palevioletred"}]},{"ValueRef":[{"start":[1,1],"name":"/home/dhruv/Final/bower_components/purescript-colors/src/Color/Scheme/X11.purs","end":[442,27]},{"Ident":"papayawhip"}]},{"ValueRef":[{"start":[1,1],"name":"/home/dhruv/Final/bower_components/purescript-colors/src/Color/Scheme/X11.purs","end":[442,27]},{"Ident":"peachpuff"}]},{"ValueRef":[{"start":[1,1],"name":"/home/dhruv/Final/bower_components/purescript-colors/src/Color/Scheme/X11.purs","end":[442,27]},{"Ident":"peru"}]},{"ValueRef":[{"start":[1,1],"name":"/home/dhruv/Final/bower_components/purescript-colors/src/Color/Scheme/X11.purs","end":[442,27]},{"Ident":"pink"}]},{"ValueRef":[{"start":[1,1],"name":"/home/dhruv/Final/bower_components/purescript-colors/src/Color/Scheme/X11.purs","end":[442,27]},{"Ident":"plum"}]},{"ValueRef":[{"start":[1,1],"name":"/home/dhruv/Final/bower_components/purescript-colors/src/Color/Scheme/X11.purs","end":[442,27]},{"Ident":"powderblue"}]},{"ValueRef":[{"start":[1,1],"name":"/home/dhruv/Final/bower_components/purescript-colors/src/Color/Scheme/X11.purs","end":[442,27]},{"Ident":"purple"}]},{"ValueRef":[{"start":[1,1],"name":"/home/dhruv/Final/bower_components/purescript-colors/src/Color/Scheme/X11.purs","end":[442,27]},{"Ident":"red"}]},{"ValueRef":[{"start":[1,1],"name":"/home/dhruv/Final/bower_components/purescript-colors/src/Color/Scheme/X11.purs","end":[442,27]},{"Ident":"rosybrown"}]},{"ValueRef":[{"start":[1,1],"name":"/home/dhruv/Final/bower_components/purescript-colors/src/Color/Scheme/X11.purs","end":[442,27]},{"Ident":"royalblue"}]},{"ValueRef":[{"start":[1,1],"name":"/home/dhruv/Final/bower_components/purescript-colors/src/Color/Scheme/X11.purs","end":[442,27]},{"Ident":"saddlebrown"}]},{"ValueRef":[{"start":[1,1],"name":"/home/dhruv/Final/bower_components/purescript-colors/src/Color/Scheme/X11.purs","end":[442,27]},{"Ident":"salmon"}]},{"ValueRef":[{"start":[1,1],"name":"/home/dhruv/Final/bower_components/purescript-colors/src/Color/Scheme/X11.purs","end":[442,27]},{"Ident":"sandybrown"}]},{"ValueRef":[{"start":[1,1],"name":"/home/dhruv/Final/bower_components/purescript-colors/src/Color/Scheme/X11.purs","end":[442,27]},{"Ident":"seagreen"}]},{"ValueRef":[{"start":[1,1],"name":"/home/dhruv/Final/bower_components/purescript-colors/src/Color/Scheme/X11.purs","end":[442,27]},{"Ident":"seashell"}]},{"ValueRef":[{"start":[1,1],"name":"/home/dhruv/Final/bower_components/purescript-colors/src/Color/Scheme/X11.purs","end":[442,27]},{"Ident":"sienna"}]},{"ValueRef":[{"start":[1,1],"name":"/home/dhruv/Final/bower_components/purescript-colors/src/Color/Scheme/X11.purs","end":[442,27]},{"Ident":"silver"}]},{"ValueRef":[{"start":[1,1],"name":"/home/dhruv/Final/bower_components/purescript-colors/src/Color/Scheme/X11.purs","end":[442,27]},{"Ident":"skyblue"}]},{"ValueRef":[{"start":[1,1],"name":"/home/dhruv/Final/bower_components/purescript-colors/src/Color/Scheme/X11.purs","end":[442,27]},{"Ident":"slateblue"}]},{"ValueRef":[{"start":[1,1],"name":"/home/dhruv/Final/bower_components/purescript-colors/src/Color/Scheme/X11.purs","end":[442,27]},{"Ident":"slategray"}]},{"ValueRef":[{"start":[1,1],"name":"/home/dhruv/Final/bower_components/purescript-colors/src/Color/Scheme/X11.purs","end":[442,27]},{"Ident":"slategrey"}]},{"ValueRef":[{"start":[1,1],"name":"/home/dhruv/Final/bower_components/purescript-colors/src/Color/Scheme/X11.purs","end":[442,27]},{"Ident":"snow"}]},{"ValueRef":[{"start":[1,1],"name":"/home/dhruv/Final/bower_components/purescript-colors/src/Color/Scheme/X11.purs","end":[442,27]},{"Ident":"springgreen"}]},{"ValueRef":[{"start":[1,1],"name":"/home/dhruv/Final/bower_components/purescript-colors/src/Color/Scheme/X11.purs","end":[442,27]},{"Ident":"steelblue"}]},{"ValueRef":[{"start":[1,1],"name":"/home/dhruv/Final/bower_components/purescript-colors/src/Color/Scheme/X11.purs","end":[442,27]},{"Ident":"tan"}]},{"ValueRef":[{"start":[1,1],"name":"/home/dhruv/Final/bower_components/purescript-colors/src/Color/Scheme/X11.purs","end":[442,27]},{"Ident":"teal"}]},{"ValueRef":[{"start":[1,1],"name":"/home/dhruv/Final/bower_components/purescript-colors/src/Color/Scheme/X11.purs","end":[442,27]},{"Ident":"thistle"}]},{"ValueRef":[{"start":[1,1],"name":"/home/dhruv/Final/bower_components/purescript-colors/src/Color/Scheme/X11.purs","end":[442,27]},{"Ident":"tomato"}]},{"ValueRef":[{"start":[1,1],"name":"/home/dhruv/Final/bower_components/purescript-colors/src/Color/Scheme/X11.purs","end":[442,27]},{"Ident":"turquoise"}]},{"ValueRef":[{"start":[1,1],"name":"/home/dhruv/Final/bower_components/purescript-colors/src/Color/Scheme/X11.purs","end":[442,27]},{"Ident":"violet"}]},{"ValueRef":[{"start":[1,1],"name":"/home/dhruv/Final/bower_components/purescript-colors/src/Color/Scheme/X11.purs","end":[442,27]},{"Ident":"wheat"}]},{"ValueRef":[{"start":[1,1],"name":"/home/dhruv/Final/bower_components/purescript-colors/src/Color/Scheme/X11.purs","end":[442,27]},{"Ident":"whitesmoke"}]},{"ValueRef":[{"start":[1,1],"name":"/home/dhruv/Final/bower_components/purescript-colors/src/Color/Scheme/X11.purs","end":[442,27]},{"Ident":"yellow"}]},{"ValueRef":[{"start":[1,1],"name":"/home/dhruv/Final/bower_components/purescript-colors/src/Color/Scheme/X11.purs","end":[442,27]},{"Ident":"yellowgreen"}]}],"efImports":[{"eiModule":["Prim"],"eiImportType":{"Implicit":[]},"eiImportedAs":null},{"eiModule":["Prim"],"eiImportType":{"Implicit":[]},"eiImportedAs":["Prim"]},{"eiModule":["Color"],"eiImportType":{"Explicit":[{"TypeRef":[{"start":[7,15],"name":"/home/dhruv/Final/bower_components/purescript-colors/src/Color/Scheme/X11.purs","end":[7,20]},"Color",[]]},{"ValueRef":[{"start":[7,22],"name":"/home/dhruv/Final/bower_components/purescript-colors/src/Color/Scheme/X11.purs","end":[7,25]},{"Ident":"rgb"}]}]},"eiImportedAs":null}],"efFixities":[],"efTypeFixities":[],"efDeclarations":[{"EDValue":{"edValueName":{"Ident":"aliceblue"},"edValueType":{"tag":"TypeConstructor","contents":[["Color"],"Color"]}}},{"EDValue":{"edValueName":{"Ident":"antiquewhite"},"edValueType":{"tag":"TypeConstructor","contents":[["Color"],"Color"]}}},{"EDValue":{"edValueName":{"Ident":"aqua"},"edValueType":{"tag":"TypeConstructor","contents":[["Color"],"Color"]}}},{"EDValue":{"edValueName":{"Ident":"aquamarine"},"edValueType":{"tag":"TypeConstructor","contents":[["Color"],"Color"]}}},{"EDValue":{"edValueName":{"Ident":"azure"},"edValueType":{"tag":"TypeConstructor","contents":[["Color"],"Color"]}}},{"EDValue":{"edValueName":{"Ident":"beige"},"edValueType":{"tag":"TypeConstructor","contents":[["Color"],"Color"]}}},{"EDValue":{"edValueName":{"Ident":"bisque"},"edValueType":{"tag":"TypeConstructor","contents":[["Color"],"Color"]}}},{"EDValue":{"edValueName":{"Ident":"blanchedalmond"},"edValueType":{"tag":"TypeConstructor","contents":[["Color"],"Color"]}}},{"EDValue":{"edValueName":{"Ident":"blue"},"edValueType":{"tag":"TypeConstructor","contents":[["Color"],"Color"]}}},{"EDValue":{"edValueName":{"Ident":"blueviolet"},"edValueType":{"tag":"TypeConstructor","contents":[["Color"],"Color"]}}},{"EDValue":{"edValueName":{"Ident":"brown"},"edValueType":{"tag":"TypeConstructor","contents":[["Color"],"Color"]}}},{"EDValue":{"edValueName":{"Ident":"burlywood"},"edValueType":{"tag":"TypeConstructor","contents":[["Color"],"Color"]}}},{"EDValue":{"edValueName":{"Ident":"cadetblue"},"edValueType":{"tag":"TypeConstructor","contents":[["Color"],"Color"]}}},{"EDValue":{"edValueName":{"Ident":"chartreuse"},"edValueType":{"tag":"TypeConstructor","contents":[["Color"],"Color"]}}},{"EDValue":{"edValueName":{"Ident":"chocolate"},"edValueType":{"tag":"TypeConstructor","contents":[["Color"],"Color"]}}},{"EDValue":{"edValueName":{"Ident":"coral"},"edValueType":{"tag":"TypeConstructor","contents":[["Color"],"Color"]}}},{"EDValue":{"edValueName":{"Ident":"cornflowerblue"},"edValueType":{"tag":"TypeConstructor","contents":[["Color"],"Color"]}}},{"EDValue":{"edValueName":{"Ident":"cornsilk"},"edValueType":{"tag":"TypeConstructor","contents":[["Color"],"Color"]}}},{"EDValue":{"edValueName":{"Ident":"crimson"},"edValueType":{"tag":"TypeConstructor","contents":[["Color"],"Color"]}}},{"EDValue":{"edValueName":{"Ident":"cyan"},"edValueType":{"tag":"TypeConstructor","contents":[["Color"],"Color"]}}},{"EDValue":{"edValueName":{"Ident":"darkblue"},"edValueType":{"tag":"TypeConstructor","contents":[["Color"],"Color"]}}},{"EDValue":{"edValueName":{"Ident":"darkcyan"},"edValueType":{"tag":"TypeConstructor","contents":[["Color"],"Color"]}}},{"EDValue":{"edValueName":{"Ident":"darkgoldenrod"},"edValueType":{"tag":"TypeConstructor","contents":[["Color"],"Color"]}}},{"EDValue":{"edValueName":{"Ident":"darkgray"},"edValueType":{"tag":"TypeConstructor","contents":[["Color"],"Color"]}}},{"EDValue":{"edValueName":{"Ident":"darkgreen"},"edValueType":{"tag":"TypeConstructor","contents":[["Color"],"Color"]}}},{"EDValue":{"edValueName":{"Ident":"darkgrey"},"edValueType":{"tag":"TypeConstructor","contents":[["Color"],"Color"]}}},{"EDValue":{"edValueName":{"Ident":"darkkhaki"},"edValueType":{"tag":"TypeConstructor","contents":[["Color"],"Color"]}}},{"EDValue":{"edValueName":{"Ident":"darkmagenta"},"edValueType":{"tag":"TypeConstructor","contents":[["Color"],"Color"]}}},{"EDValue":{"edValueName":{"Ident":"darkolivegreen"},"edValueType":{"tag":"TypeConstructor","contents":[["Color"],"Color"]}}},{"EDValue":{"edValueName":{"Ident":"darkorange"},"edValueType":{"tag":"TypeConstructor","contents":[["Color"],"Color"]}}},{"EDValue":{"edValueName":{"Ident":"darkorchid"},"edValueType":{"tag":"TypeConstructor","contents":[["Color"],"Color"]}}},{"EDValue":{"edValueName":{"Ident":"darkred"},"edValueType":{"tag":"TypeConstructor","contents":[["Color"],"Color"]}}},{"EDValue":{"edValueName":{"Ident":"darksalmon"},"edValueType":{"tag":"TypeConstructor","contents":[["Color"],"Color"]}}},{"EDValue":{"edValueName":{"Ident":"darkseagreen"},"edValueType":{"tag":"TypeConstructor","contents":[["Color"],"Color"]}}},{"EDValue":{"edValueName":{"Ident":"darkslateblue"},"edValueType":{"tag":"TypeConstructor","contents":[["Color"],"Color"]}}},{"EDValue":{"edValueName":{"Ident":"darkslategray"},"edValueType":{"tag":"TypeConstructor","contents":[["Color"],"Color"]}}},{"EDValue":{"edValueName":{"Ident":"darkslategrey"},"edValueType":{"tag":"TypeConstructor","contents":[["Color"],"Color"]}}},{"EDValue":{"edValueName":{"Ident":"darkturquoise"},"edValueType":{"tag":"TypeConstructor","contents":[["Color"],"Color"]}}},{"EDValue":{"edValueName":{"Ident":"darkviolet"},"edValueType":{"tag":"TypeConstructor","contents":[["Color"],"Color"]}}},{"EDValue":{"edValueName":{"Ident":"deeppink"},"edValueType":{"tag":"TypeConstructor","contents":[["Color"],"Color"]}}},{"EDValue":{"edValueName":{"Ident":"deepskyblue"},"edValueType":{"tag":"TypeConstructor","contents":[["Color"],"Color"]}}},{"EDValue":{"edValueName":{"Ident":"dimgray"},"edValueType":{"tag":"TypeConstructor","contents":[["Color"],"Color"]}}},{"EDValue":{"edValueName":{"Ident":"dimgrey"},"edValueType":{"tag":"TypeConstructor","contents":[["Color"],"Color"]}}},{"EDValue":{"edValueName":{"Ident":"dodgerblue"},"edValueType":{"tag":"TypeConstructor","contents":[["Color"],"Color"]}}},{"EDValue":{"edValueName":{"Ident":"firebrick"},"edValueType":{"tag":"TypeConstructor","contents":[["Color"],"Color"]}}},{"EDValue":{"edValueName":{"Ident":"floralwhite"},"edValueType":{"tag":"TypeConstructor","contents":[["Color"],"Color"]}}},{"EDValue":{"edValueName":{"Ident":"forestgreen"},"edValueType":{"tag":"TypeConstructor","contents":[["Color"],"Color"]}}},{"EDValue":{"edValueName":{"Ident":"fuchsia"},"edValueType":{"tag":"TypeConstructor","contents":[["Color"],"Color"]}}},{"EDValue":{"edValueName":{"Ident":"gainsboro"},"edValueType":{"tag":"TypeConstructor","contents":[["Color"],"Color"]}}},{"EDValue":{"edValueName":{"Ident":"ghostwhite"},"edValueType":{"tag":"TypeConstructor","contents":[["Color"],"Color"]}}},{"EDValue":{"edValueName":{"Ident":"gold"},"edValueType":{"tag":"TypeConstructor","contents":[["Color"],"Color"]}}},{"EDValue":{"edValueName":{"Ident":"goldenrod"},"edValueType":{"tag":"TypeConstructor","contents":[["Color"],"Color"]}}},{"EDValue":{"edValueName":{"Ident":"gray"},"edValueType":{"tag":"TypeConstructor","contents":[["Color"],"Color"]}}},{"EDValue":{"edValueName":{"Ident":"green"},"edValueType":{"tag":"TypeConstructor","contents":[["Color"],"Color"]}}},{"EDValue":{"edValueName":{"Ident":"greenyellow"},"edValueType":{"tag":"TypeConstructor","contents":[["Color"],"Color"]}}},{"EDValue":{"edValueName":{"Ident":"grey"},"edValueType":{"tag":"TypeConstructor","contents":[["Color"],"Color"]}}},{"EDValue":{"edValueName":{"Ident":"honeydew"},"edValueType":{"tag":"TypeConstructor","contents":[["Color"],"Color"]}}},{"EDValue":{"edValueName":{"Ident":"hotpink"},"edValueType":{"tag":"TypeConstructor","contents":[["Color"],"Color"]}}},{"EDValue":{"edValueName":{"Ident":"indianred"},"edValueType":{"tag":"TypeConstructor","contents":[["Color"],"Color"]}}},{"EDValue":{"edValueName":{"Ident":"indigo"},"edValueType":{"tag":"TypeConstructor","contents":[["Color"],"Color"]}}},{"EDValue":{"edValueName":{"Ident":"ivory"},"edValueType":{"tag":"TypeConstructor","contents":[["Color"],"Color"]}}},{"EDValue":{"edValueName":{"Ident":"khaki"},"edValueType":{"tag":"TypeConstructor","contents":[["Color"],"Color"]}}},{"EDValue":{"edValueName":{"Ident":"lavender"},"edValueType":{"tag":"TypeConstructor","contents":[["Color"],"Color"]}}},{"EDValue":{"edValueName":{"Ident":"lavenderblush"},"edValueType":{"tag":"TypeConstructor","contents":[["Color"],"Color"]}}},{"EDValue":{"edValueName":{"Ident":"lawngreen"},"edValueType":{"tag":"TypeConstructor","contents":[["Color"],"Color"]}}},{"EDValue":{"edValueName":{"Ident":"lemonchiffon"},"edValueType":{"tag":"TypeConstructor","contents":[["Color"],"Color"]}}},{"EDValue":{"edValueName":{"Ident":"lightblue"},"edValueType":{"tag":"TypeConstructor","contents":[["Color"],"Color"]}}},{"EDValue":{"edValueName":{"Ident":"lightcoral"},"edValueType":{"tag":"TypeConstructor","contents":[["Color"],"Color"]}}},{"EDValue":{"edValueName":{"Ident":"lightcyan"},"edValueType":{"tag":"TypeConstructor","contents":[["Color"],"Color"]}}},{"EDValue":{"edValueName":{"Ident":"lightgoldenrodyellow"},"edValueType":{"tag":"TypeConstructor","contents":[["Color"],"Color"]}}},{"EDValue":{"edValueName":{"Ident":"lightgray"},"edValueType":{"tag":"TypeConstructor","contents":[["Color"],"Color"]}}},{"EDValue":{"edValueName":{"Ident":"lightgreen"},"edValueType":{"tag":"TypeConstructor","contents":[["Color"],"Color"]}}},{"EDValue":{"edValueName":{"Ident":"lightgrey"},"edValueType":{"tag":"TypeConstructor","contents":[["Color"],"Color"]}}},{"EDValue":{"edValueName":{"Ident":"lightpink"},"edValueType":{"tag":"TypeConstructor","contents":[["Color"],"Color"]}}},{"EDValue":{"edValueName":{"Ident":"lightsalmon"},"edValueType":{"tag":"TypeConstructor","contents":[["Color"],"Color"]}}},{"EDValue":{"edValueName":{"Ident":"lightseagreen"},"edValueType":{"tag":"TypeConstructor","contents":[["Color"],"Color"]}}},{"EDValue":{"edValueName":{"Ident":"lightskyblue"},"edValueType":{"tag":"TypeConstructor","contents":[["Color"],"Color"]}}},{"EDValue":{"edValueName":{"Ident":"lightslategray"},"edValueType":{"tag":"TypeConstructor","contents":[["Color"],"Color"]}}},{"EDValue":{"edValueName":{"Ident":"lightslategrey"},"edValueType":{"tag":"TypeConstructor","contents":[["Color"],"Color"]}}},{"EDValue":{"edValueName":{"Ident":"lightsteelblue"},"edValueType":{"tag":"TypeConstructor","contents":[["Color"],"Color"]}}},{"EDValue":{"edValueName":{"Ident":"lightyellow"},"edValueType":{"tag":"TypeConstructor","contents":[["Color"],"Color"]}}},{"EDValue":{"edValueName":{"Ident":"lime"},"edValueType":{"tag":"TypeConstructor","contents":[["Color"],"Color"]}}},{"EDValue":{"edValueName":{"Ident":"limegreen"},"edValueType":{"tag":"TypeConstructor","contents":[["Color"],"Color"]}}},{"EDValue":{"edValueName":{"Ident":"linen"},"edValueType":{"tag":"TypeConstructor","contents":[["Color"],"Color"]}}},{"EDValue":{"edValueName":{"Ident":"magenta"},"edValueType":{"tag":"TypeConstructor","contents":[["Color"],"Color"]}}},{"EDValue":{"edValueName":{"Ident":"maroon"},"edValueType":{"tag":"TypeConstructor","contents":[["Color"],"Color"]}}},{"EDValue":{"edValueName":{"Ident":"mediumaquamarine"},"edValueType":{"tag":"TypeConstructor","contents":[["Color"],"Color"]}}},{"EDValue":{"edValueName":{"Ident":"mediumblue"},"edValueType":{"tag":"TypeConstructor","contents":[["Color"],"Color"]}}},{"EDValue":{"edValueName":{"Ident":"mediumorchid"},"edValueType":{"tag":"TypeConstructor","contents":[["Color"],"Color"]}}},{"EDValue":{"edValueName":{"Ident":"mediumpurple"},"edValueType":{"tag":"TypeConstructor","contents":[["Color"],"Color"]}}},{"EDValue":{"edValueName":{"Ident":"mediumseagreen"},"edValueType":{"tag":"TypeConstructor","contents":[["Color"],"Color"]}}},{"EDValue":{"edValueName":{"Ident":"mediumslateblue"},"edValueType":{"tag":"TypeConstructor","contents":[["Color"],"Color"]}}},{"EDValue":{"edValueName":{"Ident":"mediumspringgreen"},"edValueType":{"tag":"TypeConstructor","contents":[["Color"],"Color"]}}},{"EDValue":{"edValueName":{"Ident":"mediumturquoise"},"edValueType":{"tag":"TypeConstructor","contents":[["Color"],"Color"]}}},{"EDValue":{"edValueName":{"Ident":"mediumvioletred"},"edValueType":{"tag":"TypeConstructor","contents":[["Color"],"Color"]}}},{"EDValue":{"edValueName":{"Ident":"midnightblue"},"edValueType":{"tag":"TypeConstructor","contents":[["Color"],"Color"]}}},{"EDValue":{"edValueName":{"Ident":"mintcream"},"edValueType":{"tag":"TypeConstructor","contents":[["Color"],"Color"]}}},{"EDValue":{"edValueName":{"Ident":"mistyrose"},"edValueType":{"tag":"TypeConstructor","contents":[["Color"],"Color"]}}},{"EDValue":{"edValueName":{"Ident":"moccasin"},"edValueType":{"tag":"TypeConstructor","contents":[["Color"],"Color"]}}},{"EDValue":{"edValueName":{"Ident":"navajowhite"},"edValueType":{"tag":"TypeConstructor","contents":[["Color"],"Color"]}}},{"EDValue":{"edValueName":{"Ident":"navy"},"edValueType":{"tag":"TypeConstructor","contents":[["Color"],"Color"]}}},{"EDValue":{"edValueName":{"Ident":"oldlace"},"edValueType":{"tag":"TypeConstructor","contents":[["Color"],"Color"]}}},{"EDValue":{"edValueName":{"Ident":"olive"},"edValueType":{"tag":"TypeConstructor","contents":[["Color"],"Color"]}}},{"EDValue":{"edValueName":{"Ident":"olivedrab"},"edValueType":{"tag":"TypeConstructor","contents":[["Color"],"Color"]}}},{"EDValue":{"edValueName":{"Ident":"orange"},"edValueType":{"tag":"TypeConstructor","contents":[["Color"],"Color"]}}},{"EDValue":{"edValueName":{"Ident":"orangered"},"edValueType":{"tag":"TypeConstructor","contents":[["Color"],"Color"]}}},{"EDValue":{"edValueName":{"Ident":"orchid"},"edValueType":{"tag":"TypeConstructor","contents":[["Color"],"Color"]}}},{"EDValue":{"edValueName":{"Ident":"palegoldenrod"},"edValueType":{"tag":"TypeConstructor","contents":[["Color"],"Color"]}}},{"EDValue":{"edValueName":{"Ident":"palegreen"},"edValueType":{"tag":"TypeConstructor","contents":[["Color"],"Color"]}}},{"EDValue":{"edValueName":{"Ident":"paleturquoise"},"edValueType":{"tag":"TypeConstructor","contents":[["Color"],"Color"]}}},{"EDValue":{"edValueName":{"Ident":"palevioletred"},"edValueType":{"tag":"TypeConstructor","contents":[["Color"],"Color"]}}},{"EDValue":{"edValueName":{"Ident":"papayawhip"},"edValueType":{"tag":"TypeConstructor","contents":[["Color"],"Color"]}}},{"EDValue":{"edValueName":{"Ident":"peachpuff"},"edValueType":{"tag":"TypeConstructor","contents":[["Color"],"Color"]}}},{"EDValue":{"edValueName":{"Ident":"peru"},"edValueType":{"tag":"TypeConstructor","contents":[["Color"],"Color"]}}},{"EDValue":{"edValueName":{"Ident":"pink"},"edValueType":{"tag":"TypeConstructor","contents":[["Color"],"Color"]}}},{"EDValue":{"edValueName":{"Ident":"plum"},"edValueType":{"tag":"TypeConstructor","contents":[["Color"],"Color"]}}},{"EDValue":{"edValueName":{"Ident":"powderblue"},"edValueType":{"tag":"TypeConstructor","contents":[["Color"],"Color"]}}},{"EDValue":{"edValueName":{"Ident":"purple"},"edValueType":{"tag":"TypeConstructor","contents":[["Color"],"Color"]}}},{"EDValue":{"edValueName":{"Ident":"red"},"edValueType":{"tag":"TypeConstructor","contents":[["Color"],"Color"]}}},{"EDValue":{"edValueName":{"Ident":"rosybrown"},"edValueType":{"tag":"TypeConstructor","contents":[["Color"],"Color"]}}},{"EDValue":{"edValueName":{"Ident":"royalblue"},"edValueType":{"tag":"TypeConstructor","contents":[["Color"],"Color"]}}},{"EDValue":{"edValueName":{"Ident":"saddlebrown"},"edValueType":{"tag":"TypeConstructor","contents":[["Color"],"Color"]}}},{"EDValue":{"edValueName":{"Ident":"salmon"},"edValueType":{"tag":"TypeConstructor","contents":[["Color"],"Color"]}}},{"EDValue":{"edValueName":{"Ident":"sandybrown"},"edValueType":{"tag":"TypeConstructor","contents":[["Color"],"Color"]}}},{"EDValue":{"edValueName":{"Ident":"seagreen"},"edValueType":{"tag":"TypeConstructor","contents":[["Color"],"Color"]}}},{"EDValue":{"edValueName":{"Ident":"seashell"},"edValueType":{"tag":"TypeConstructor","contents":[["Color"],"Color"]}}},{"EDValue":{"edValueName":{"Ident":"sienna"},"edValueType":{"tag":"TypeConstructor","contents":[["Color"],"Color"]}}},{"EDValue":{"edValueName":{"Ident":"silver"},"edValueType":{"tag":"TypeConstructor","contents":[["Color"],"Color"]}}},{"EDValue":{"edValueName":{"Ident":"skyblue"},"edValueType":{"tag":"TypeConstructor","contents":[["Color"],"Color"]}}},{"EDValue":{"edValueName":{"Ident":"slateblue"},"edValueType":{"tag":"TypeConstructor","contents":[["Color"],"Color"]}}},{"EDValue":{"edValueName":{"Ident":"slategray"},"edValueType":{"tag":"TypeConstructor","contents":[["Color"],"Color"]}}},{"EDValue":{"edValueName":{"Ident":"slategrey"},"edValueType":{"tag":"TypeConstructor","contents":[["Color"],"Color"]}}},{"EDValue":{"edValueName":{"Ident":"snow"},"edValueType":{"tag":"TypeConstructor","contents":[["Color"],"Color"]}}},{"EDValue":{"edValueName":{"Ident":"springgreen"},"edValueType":{"tag":"TypeConstructor","contents":[["Color"],"Color"]}}},{"EDValue":{"edValueName":{"Ident":"steelblue"},"edValueType":{"tag":"TypeConstructor","contents":[["Color"],"Color"]}}},{"EDValue":{"edValueName":{"Ident":"tan"},"edValueType":{"tag":"TypeConstructor","contents":[["Color"],"Color"]}}},{"EDValue":{"edValueName":{"Ident":"teal"},"edValueType":{"tag":"TypeConstructor","contents":[["Color"],"Color"]}}},{"EDValue":{"edValueName":{"Ident":"thistle"},"edValueType":{"tag":"TypeConstructor","contents":[["Color"],"Color"]}}},{"EDValue":{"edValueName":{"Ident":"tomato"},"edValueType":{"tag":"TypeConstructor","contents":[["Color"],"Color"]}}},{"EDValue":{"edValueName":{"Ident":"turquoise"},"edValueType":{"tag":"TypeConstructor","contents":[["Color"],"Color"]}}},{"EDValue":{"edValueName":{"Ident":"violet"},"edValueType":{"tag":"TypeConstructor","contents":[["Color"],"Color"]}}},{"EDValue":{"edValueName":{"Ident":"wheat"},"edValueType":{"tag":"TypeConstructor","contents":[["Color"],"Color"]}}},{"EDValue":{"edValueName":{"Ident":"whitesmoke"},"edValueType":{"tag":"TypeConstructor","contents":[["Color"],"Color"]}}},{"EDValue":{"edValueName":{"Ident":"yellow"},"edValueType":{"tag":"TypeConstructor","contents":[["Color"],"Color"]}}},{"EDValue":{"edValueName":{"Ident":"yellowgreen"},"edValueType":{"tag":"TypeConstructor","contents":[["Color"],"Color"]}}}],"efSourceSpan":{"start":[1,1],"name":"/home/dhruv/Final/bower_components/purescript-colors/src/Color/Scheme/X11.purs","end":[442,27]}}