{"efVersion":"0.11.6","efModuleName":["Control","MonadZero"],"efExports":[{"ReExportRef":[{"start":[1,1],"name":"/home/dhruv/Final/bower_components/purescript-control/src/Control/MonadZero.purs","end":[56,15]},["Control","Alt"],{"TypeClassRef":[{"start":[1,1],"name":"/home/dhruv/Final/bower_components/purescript-control/src/Control/MonadZero.purs","end":[56,15]},"Alt"]}]},{"ReExportRef":[{"start":[1,1],"name":"/home/dhruv/Final/bower_components/purescript-control/src/Control/MonadZero.purs","end":[56,15]},["Control","Alternative"],{"TypeClassRef":[{"start":[1,1],"name":"/home/dhruv/Final/bower_components/purescript-control/src/Control/MonadZero.purs","end":[56,15]},"Alternative"]}]},{"ReExportRef":[{"start":[1,1],"name":"/home/dhruv/Final/bower_components/purescript-control/src/Control/MonadZero.purs","end":[56,15]},["Control","Applicative"],{"TypeClassRef":[{"start":[1,1],"name":"/home/dhruv/Final/bower_components/purescript-control/src/Control/MonadZero.purs","end":[56,15]},"Applicative"]}]},{"ReExportRef":[{"start":[1,1],"name":"/home/dhruv/Final/bower_components/purescript-control/src/Control/MonadZero.purs","end":[56,15]},["Control","Apply"],{"TypeClassRef":[{"start":[1,1],"name":"/home/dhruv/Final/bower_components/purescript-control/src/Control/MonadZero.purs","end":[56,15]},"Apply"]}]},{"ReExportRef":[{"start":[1,1],"name":"/home/dhruv/Final/bower_components/purescript-control/src/Control/MonadZero.purs","end":[56,15]},["Control","Bind"],{"TypeClassRef":[{"start":[1,1],"name":"/home/dhruv/Final/bower_components/purescript-control/src/Control/MonadZero.purs","end":[56,15]},"Bind"]}]},{"ReExportRef":[{"start":[1,1],"name":"/home/dhruv/Final/bower_components/purescript-control/src/Control/MonadZero.purs","end":[56,15]},["Data","Functor"],{"TypeClassRef":[{"start":[1,1],"name":"/home/dhruv/Final/bower_components/purescript-control/src/Control/MonadZero.purs","end":[56,15]},"Functor"]}]},{"ReExportRef":[{"start":[1,1],"name":"/home/dhruv/Final/bower_components/purescript-control/src/Control/MonadZero.purs","end":[56,15]},["Control","Monad"],{"TypeClassRef":[{"start":[1,1],"name":"/home/dhruv/Final/bower_components/purescript-control/src/Control/MonadZero.purs","end":[56,15]},"Monad"]}]},{"TypeClassRef":[{"start":[1,1],"name":"/home/dhruv/Final/bower_components/purescript-control/src/Control/MonadZero.purs","end":[56,15]},"MonadZero"]},{"ReExportRef":[{"start":[1,1],"name":"/home/dhruv/Final/bower_components/purescript-control/src/Control/MonadZero.purs","end":[56,15]},["Control","Plus"],{"TypeClassRef":[{"start":[1,1],"name":"/home/dhruv/Final/bower_components/purescript-control/src/Control/MonadZero.purs","end":[56,15]},"Plus"]}]},{"ReExportRef":[{"start":[1,1],"name":"/home/dhruv/Final/bower_components/purescript-control/src/Control/MonadZero.purs","end":[56,15]},["Control","Alt"],{"ValueRef":[{"start":[1,1],"name":"/home/dhruv/Final/bower_components/purescript-control/src/Control/MonadZero.purs","end":[56,15]},{"Ident":"alt"}]}]},{"ReExportRef":[{"start":[1,1],"name":"/home/dhruv/Final/bower_components/purescript-control/src/Control/MonadZero.purs","end":[56,15]},["Control","Monad"],{"ValueRef":[{"start":[1,1],"name":"/home/dhruv/Final/bower_components/purescript-control/src/Control/MonadZero.purs","end":[56,15]},{"Ident":"ap"}]}]},{"ReExportRef":[{"start":[1,1],"name":"/home/dhruv/Final/bower_components/purescript-control/src/Control/MonadZero.purs","end":[56,15]},["Control","Apply"],{"ValueRef":[{"start":[1,1],"name":"/home/dhruv/Final/bower_components/purescript-control/src/Control/MonadZero.purs","end":[56,15]},{"Ident":"apply"}]}]},{"ReExportRef":[{"start":[1,1],"name":"/home/dhruv/Final/bower_components/purescript-control/src/Control/MonadZero.purs","end":[56,15]},["Control","Bind"],{"ValueRef":[{"start":[1,1],"name":"/home/dhruv/Final/bower_components/purescript-control/src/Control/MonadZero.purs","end":[56,15]},{"Ident":"bind"}]}]},{"ReExportRef":[{"start":[1,1],"name":"/home/dhruv/Final/bower_components/purescript-control/src/Control/MonadZero.purs","end":[56,15]},["Control","Plus"],{"ValueRef":[{"start":[1,1],"name":"/home/dhruv/Final/bower_components/purescript-control/src/Control/MonadZero.purs","end":[56,15]},{"Ident":"empty"}]}]},{"ValueRef":[{"start":[1,1],"name":"/home/dhruv/Final/bower_components/purescript-control/src/Control/MonadZero.purs","end":[56,15]},{"Ident":"guard"}]},{"ReExportRef":[{"start":[1,1],"name":"/home/dhruv/Final/bower_components/purescript-control/src/Control/MonadZero.purs","end":[56,15]},["Control","Bind"],{"ValueRef":[{"start":[1,1],"name":"/home/dhruv/Final/bower_components/purescript-control/src/Control/MonadZero.purs","end":[56,15]},{"Ident":"ifM"}]}]},{"ReExportRef":[{"start":[1,1],"name":"/home/dhruv/Final/bower_components/purescript-control/src/Control/MonadZero.purs","end":[56,15]},["Control","Bind"],{"ValueRef":[{"start":[1,1],"name":"/home/dhruv/Final/bower_components/purescript-control/src/Control/MonadZero.purs","end":[56,15]},{"Ident":"join"}]}]},{"ReExportRef":[{"start":[1,1],"name":"/home/dhruv/Final/bower_components/purescript-control/src/Control/MonadZero.purs","end":[56,15]},["Control","Applicative"],{"ValueRef":[{"start":[1,1],"name":"/home/dhruv/Final/bower_components/purescript-control/src/Control/MonadZero.purs","end":[56,15]},{"Ident":"liftA1"}]}]},{"ReExportRef":[{"start":[1,1],"name":"/home/dhruv/Final/bower_components/purescript-control/src/Control/MonadZero.purs","end":[56,15]},["Control","Monad"],{"ValueRef":[{"start":[1,1],"name":"/home/dhruv/Final/bower_components/purescript-control/src/Control/MonadZero.purs","end":[56,15]},{"Ident":"liftM1"}]}]},{"ReExportRef":[{"start":[1,1],"name":"/home/dhruv/Final/bower_components/purescript-control/src/Control/MonadZero.purs","end":[56,15]},["Data","Functor"],{"ValueRef":[{"start":[1,1],"name":"/home/dhruv/Final/bower_components/purescript-control/src/Control/MonadZero.purs","end":[56,15]},{"Ident":"map"}]}]},{"ReExportRef":[{"start":[1,1],"name":"/home/dhruv/Final/bower_components/purescript-control/src/Control/MonadZero.purs","end":[56,15]},["Control","Applicative"],{"ValueRef":[{"start":[1,1],"name":"/home/dhruv/Final/bower_components/purescript-control/src/Control/MonadZero.purs","end":[56,15]},{"Ident":"pure"}]}]},{"ReExportRef":[{"start":[1,1],"name":"/home/dhruv/Final/bower_components/purescript-control/src/Control/MonadZero.purs","end":[56,15]},["Control","Applicative"],{"ValueRef":[{"start":[1,1],"name":"/home/dhruv/Final/bower_components/purescript-control/src/Control/MonadZero.purs","end":[56,15]},{"Ident":"unless"}]}]},{"ReExportRef":[{"start":[1,1],"name":"/home/dhruv/Final/bower_components/purescript-control/src/Control/MonadZero.purs","end":[56,15]},["Data","Functor"],{"ValueRef":[{"start":[1,1],"name":"/home/dhruv/Final/bower_components/purescript-control/src/Control/MonadZero.purs","end":[56,15]},{"Ident":"void"}]}]},{"ReExportRef":[{"start":[1,1],"name":"/home/dhruv/Final/bower_components/purescript-control/src/Control/MonadZero.purs","end":[56,15]},["Control","Applicative"],{"ValueRef":[{"start":[1,1],"name":"/home/dhruv/Final/bower_components/purescript-control/src/Control/MonadZero.purs","end":[56,15]},{"Ident":"when"}]}]},{"ReExportRef":[{"start":[1,1],"name":"/home/dhruv/Final/bower_components/purescript-control/src/Control/MonadZero.purs","end":[56,15]},["Data","Functor"],{"ValueOpRef":[{"start":[1,1],"name":"/home/dhruv/Final/bower_components/purescript-control/src/Control/MonadZero.purs","end":[56,15]},"$>"]}]},{"ReExportRef":[{"start":[1,1],"name":"/home/dhruv/Final/bower_components/purescript-control/src/Control/MonadZero.purs","end":[56,15]},["Control","Apply"],{"ValueOpRef":[{"start":[1,1],"name":"/home/dhruv/Final/bower_components/purescript-control/src/Control/MonadZero.purs","end":[56,15]},"*>"]}]},{"ReExportRef":[{"start":[1,1],"name":"/home/dhruv/Final/bower_components/purescript-control/src/Control/MonadZero.purs","end":[56,15]},["Data","Functor"],{"ValueOpRef":[{"start":[1,1],"name":"/home/dhruv/Final/bower_components/purescript-control/src/Control/MonadZero.purs","end":[56,15]},"<#>"]}]},{"ReExportRef":[{"start":[1,1],"name":"/home/dhruv/Final/bower_components/purescript-control/src/Control/MonadZero.purs","end":[56,15]},["Data","Functor"],{"ValueOpRef":[{"start":[1,1],"name":"/home/dhruv/Final/bower_components/purescript-control/src/Control/MonadZero.purs","end":[56,15]},"<$"]}]},{"ReExportRef":[{"start":[1,1],"name":"/home/dhruv/Final/bower_components/purescript-control/src/Control/MonadZero.purs","end":[56,15]},["Data","Functor"],{"ValueOpRef":[{"start":[1,1],"name":"/home/dhruv/Final/bower_components/purescript-control/src/Control/MonadZero.purs","end":[56,15]},"<$>"]}]},{"ReExportRef":[{"start":[1,1],"name":"/home/dhruv/Final/bower_components/purescript-control/src/Control/MonadZero.purs","end":[56,15]},["Control","Apply"],{"ValueOpRef":[{"start":[1,1],"name":"/home/dhruv/Final/bower_components/purescript-control/src/Control/MonadZero.purs","end":[56,15]},"<*"]}]},{"ReExportRef":[{"start":[1,1],"name":"/home/dhruv/Final/bower_components/purescript-control/src/Control/MonadZero.purs","end":[56,15]},["Control","Apply"],{"ValueOpRef":[{"start":[1,1],"name":"/home/dhruv/Final/bower_components/purescript-control/src/Control/MonadZero.purs","end":[56,15]},"<*>"]}]},{"ReExportRef":[{"start":[1,1],"name":"/home/dhruv/Final/bower_components/purescript-control/src/Control/MonadZero.purs","end":[56,15]},["Control","Bind"],{"ValueOpRef":[{"start":[1,1],"name":"/home/dhruv/Final/bower_components/purescript-control/src/Control/MonadZero.purs","end":[56,15]},"<=<"]}]},{"ReExportRef":[{"start":[1,1],"name":"/home/dhruv/Final/bower_components/purescript-control/src/Control/MonadZero.purs","end":[56,15]},["Control","Alt"],{"ValueOpRef":[{"start":[1,1],"name":"/home/dhruv/Final/bower_components/purescript-control/src/Control/MonadZero.purs","end":[56,15]},"<|>"]}]},{"ReExportRef":[{"start":[1,1],"name":"/home/dhruv/Final/bower_components/purescript-control/src/Control/MonadZero.purs","end":[56,15]},["Control","Bind"],{"ValueOpRef":[{"start":[1,1],"name":"/home/dhruv/Final/bower_components/purescript-control/src/Control/MonadZero.purs","end":[56,15]},"=<<"]}]},{"ReExportRef":[{"start":[1,1],"name":"/home/dhruv/Final/bower_components/purescript-control/src/Control/MonadZero.purs","end":[56,15]},["Control","Bind"],{"ValueOpRef":[{"start":[1,1],"name":"/home/dhruv/Final/bower_components/purescript-control/src/Control/MonadZero.purs","end":[56,15]},">=>"]}]},{"ReExportRef":[{"start":[1,1],"name":"/home/dhruv/Final/bower_components/purescript-control/src/Control/MonadZero.purs","end":[56,15]},["Control","Bind"],{"ValueOpRef":[{"start":[1,1],"name":"/home/dhruv/Final/bower_components/purescript-control/src/Control/MonadZero.purs","end":[56,15]},">>="]}]},{"ModuleRef":[{"start":[4,5],"name":"/home/dhruv/Final/bower_components/purescript-control/src/Control/MonadZero.purs","end":[4,23]},["Control","Alt"]]},{"ModuleRef":[{"start":[5,5],"name":"/home/dhruv/Final/bower_components/purescript-control/src/Control/MonadZero.purs","end":[5,31]},["Control","Alternative"]]},{"ModuleRef":[{"start":[6,5],"name":"/home/dhruv/Final/bower_components/purescript-control/src/Control/MonadZero.purs","end":[6,31]},["Control","Applicative"]]},{"ModuleRef":[{"start":[7,5],"name":"/home/dhruv/Final/bower_components/purescript-control/src/Control/MonadZero.purs","end":[7,25]},["Control","Apply"]]},{"ModuleRef":[{"start":[8,5],"name":"/home/dhruv/Final/bower_components/purescript-control/src/Control/MonadZero.purs","end":[8,24]},["Control","Bind"]]},{"ModuleRef":[{"start":[9,5],"name":"/home/dhruv/Final/bower_components/purescript-control/src/Control/MonadZero.purs","end":[9,25]},["Control","Monad"]]},{"ModuleRef":[{"start":[10,5],"name":"/home/dhruv/Final/bower_components/purescript-control/src/Control/MonadZero.purs","end":[10,24]},["Control","Plus"]]},{"ModuleRef":[{"start":[11,5],"name":"/home/dhruv/Final/bower_components/purescript-control/src/Control/MonadZero.purs","end":[11,24]},["Data","Functor"]]},{"TypeInstanceRef":[{"start":[0,0],"name":"<generated>","end":[0,0]},{"Ident":"monadZeroArray"}]}],"efImports":[{"eiModule":["Prim"],"eiImportType":{"Implicit":[]},"eiImportedAs":null},{"eiModule":["Prim"],"eiImportType":{"Implicit":[]},"eiImportedAs":["Prim"]},{"eiModule":["Control","Alt"],"eiImportType":{"Explicit":[{"TypeClassRef":[{"start":[14,21],"name":"/home/dhruv/Final/bower_components/purescript-control/src/Control/MonadZero.purs","end":[14,30]},"Alt"]},{"ValueRef":[{"start":[14,32],"name":"/home/dhruv/Final/bower_components/purescript-control/src/Control/MonadZero.purs","end":[14,35]},{"Ident":"alt"}]},{"ValueOpRef":[{"start":[14,37],"name":"/home/dhruv/Final/bower_components/purescript-control/src/Control/MonadZero.purs","end":[14,42]},"<|>"]}]},"eiImportedAs":null},{"eiModule":["Control","Alternative"],"eiImportType":{"Explicit":[{"TypeClassRef":[{"start":[15,29],"name":"/home/dhruv/Final/bower_components/purescript-control/src/Control/MonadZero.purs","end":[15,46]},"Alternative"]}]},"eiImportedAs":null},{"eiModule":["Control","Applicative"],"eiImportType":{"Explicit":[{"TypeClassRef":[{"start":[16,29],"name":"/home/dhruv/Final/bower_components/purescript-control/src/Control/MonadZero.purs","end":[16,46]},"Applicative"]},{"ValueRef":[{"start":[16,48],"name":"/home/dhruv/Final/bower_components/purescript-control/src/Control/MonadZero.purs","end":[16,52]},{"Ident":"pure"}]},{"ValueRef":[{"start":[16,54],"name":"/home/dhruv/Final/bower_components/purescript-control/src/Control/MonadZero.purs","end":[16,60]},{"Ident":"liftA1"}]},{"ValueRef":[{"start":[16,62],"name":"/home/dhruv/Final/bower_components/purescript-control/src/Control/MonadZero.purs","end":[16,68]},{"Ident":"unless"}]},{"ValueRef":[{"start":[16,70],"name":"/home/dhruv/Final/bower_components/purescript-control/src/Control/MonadZero.purs","end":[16,74]},{"Ident":"when"}]}]},"eiImportedAs":null},{"eiModule":["Control","Apply"],"eiImportType":{"Explicit":[{"TypeClassRef":[{"start":[17,23],"name":"/home/dhruv/Final/bower_components/purescript-control/src/Control/MonadZero.purs","end":[17,34]},"Apply"]},{"ValueRef":[{"start":[17,36],"name":"/home/dhruv/Final/bower_components/purescript-control/src/Control/MonadZero.purs","end":[17,41]},{"Ident":"apply"}]},{"ValueOpRef":[{"start":[17,43],"name":"/home/dhruv/Final/bower_components/purescript-control/src/Control/MonadZero.purs","end":[17,47]},"*>"]},{"ValueOpRef":[{"start":[17,49],"name":"/home/dhruv/Final/bower_components/purescript-control/src/Control/MonadZero.purs","end":[17,53]},"<*"]},{"ValueOpRef":[{"start":[17,55],"name":"/home/dhruv/Final/bower_components/purescript-control/src/Control/MonadZero.purs","end":[17,60]},"<*>"]}]},"eiImportedAs":null},{"eiModule":["Control","Bind"],"eiImportType":{"Explicit":[{"TypeClassRef":[{"start":[18,22],"name":"/home/dhruv/Final/bower_components/purescript-control/src/Control/MonadZero.purs","end":[18,32]},"Bind"]},{"ValueRef":[{"start":[18,34],"name":"/home/dhruv/Final/bower_components/purescript-control/src/Control/MonadZero.purs","end":[18,38]},{"Ident":"bind"}]},{"ValueRef":[{"start":[18,40],"name":"/home/dhruv/Final/bower_components/purescript-control/src/Control/MonadZero.purs","end":[18,43]},{"Ident":"ifM"}]},{"ValueRef":[{"start":[18,45],"name":"/home/dhruv/Final/bower_components/purescript-control/src/Control/MonadZero.purs","end":[18,49]},{"Ident":"join"}]},{"ValueOpRef":[{"start":[18,51],"name":"/home/dhruv/Final/bower_components/purescript-control/src/Control/MonadZero.purs","end":[18,56]},"<=<"]},{"ValueOpRef":[{"start":[18,58],"name":"/home/dhruv/Final/bower_components/purescript-control/src/Control/MonadZero.purs","end":[18,63]},"=<<"]},{"ValueOpRef":[{"start":[18,65],"name":"/home/dhruv/Final/bower_components/purescript-control/src/Control/MonadZero.purs","end":[18,70]},">=>"]},{"ValueOpRef":[{"start":[18,72],"name":"/home/dhruv/Final/bower_components/purescript-control/src/Control/MonadZero.purs","end":[18,77]},">>="]}]},"eiImportedAs":null},{"eiModule":["Control","Monad"],"eiImportType":{"Explicit":[{"TypeClassRef":[{"start":[19,23],"name":"/home/dhruv/Final/bower_components/purescript-control/src/Control/MonadZero.purs","end":[19,34]},"Monad"]},{"ValueRef":[{"start":[19,36],"name":"/home/dhruv/Final/bower_components/purescript-control/src/Control/MonadZero.purs","end":[19,38]},{"Ident":"ap"}]},{"ValueRef":[{"start":[19,40],"name":"/home/dhruv/Final/bower_components/purescript-control/src/Control/MonadZero.purs","end":[19,46]},{"Ident":"liftM1"}]}]},"eiImportedAs":null},{"eiModule":["Control","Plus"],"eiImportType":{"Explicit":[{"TypeClassRef":[{"start":[20,22],"name":"/home/dhruv/Final/bower_components/purescript-control/src/Control/MonadZero.purs","end":[20,32]},"Plus"]},{"ValueRef":[{"start":[20,34],"name":"/home/dhruv/Final/bower_components/purescript-control/src/Control/MonadZero.purs","end":[20,39]},{"Ident":"empty"}]}]},"eiImportedAs":null},{"eiModule":["Data","Functor"],"eiImportType":{"Explicit":[{"TypeClassRef":[{"start":[22,22],"name":"/home/dhruv/Final/bower_components/purescript-control/src/Control/MonadZero.purs","end":[22,35]},"Functor"]},{"ValueRef":[{"start":[22,37],"name":"/home/dhruv/Final/bower_components/purescript-control/src/Control/MonadZero.purs","end":[22,40]},{"Ident":"map"}]},{"ValueRef":[{"start":[22,42],"name":"/home/dhruv/Final/bower_components/purescript-control/src/Control/MonadZero.purs","end":[22,46]},{"Ident":"void"}]},{"ValueOpRef":[{"start":[22,48],"name":"/home/dhruv/Final/bower_components/purescript-control/src/Control/MonadZero.purs","end":[22,52]},"$>"]},{"ValueOpRef":[{"start":[22,54],"name":"/home/dhruv/Final/bower_components/purescript-control/src/Control/MonadZero.purs","end":[22,59]},"<#>"]},{"ValueOpRef":[{"start":[22,61],"name":"/home/dhruv/Final/bower_components/purescript-control/src/Control/MonadZero.purs","end":[22,65]},"<$"]},{"ValueOpRef":[{"start":[22,67],"name":"/home/dhruv/Final/bower_components/purescript-control/src/Control/MonadZero.purs","end":[22,72]},"<$>"]}]},"eiImportedAs":null},{"eiModule":["Data","Unit"],"eiImportType":{"Explicit":[{"TypeRef":[{"start":[23,19],"name":"/home/dhruv/Final/bower_components/purescript-control/src/Control/MonadZero.purs","end":[23,23]},"Unit",[]]},{"ValueRef":[{"start":[23,25],"name":"/home/dhruv/Final/bower_components/purescript-control/src/Control/MonadZero.purs","end":[23,29]},{"Ident":"unit"}]}]},"eiImportedAs":null}],"efFixities":[],"efTypeFixities":[],"efDeclarations":[{"EDType":{"edTypeName":"MonadZero","edTypeKind":{"tag":"FunKind","contents":[{"tag":"FunKind","contents":[{"tag":"NamedKind","contents":[["Prim"],"Type"]},{"tag":"NamedKind","contents":[["Prim"],"Type"]}]},{"tag":"NamedKind","contents":[["Prim"],"Type"]}]},"edTypeDeclarationKind":"TypeSynonym"}},{"EDTypeSynonym":{"edTypeSynonymName":"MonadZero","edTypeSynonymArguments":[["m",null]],"edTypeSynonymType":{"tag":"TypeApp","contents":[{"tag":"TypeConstructor","contents":[["Prim"],"Record"]},{"tag":"RCons","contents":["Monad0",{"tag":"TypeApp","contents":[{"tag":"TypeApp","contents":[{"tag":"TypeConstructor","contents":[["Prim"],"Function"]},{"tag":"TypeApp","contents":[{"tag":"TypeConstructor","contents":[["Prim"],"Record"]},{"tag":"REmpty"}]}]},{"tag":"TypeApp","contents":[{"tag":"TypeConstructor","contents":[["Control","Monad"],"Monad"]},{"tag":"TypeVar","contents":"m"}]}]},{"tag":"RCons","contents":["Alternative1",{"tag":"TypeApp","contents":[{"tag":"TypeApp","contents":[{"tag":"TypeConstructor","contents":[["Prim"],"Function"]},{"tag":"TypeApp","contents":[{"tag":"TypeConstructor","contents":[["Prim"],"Record"]},{"tag":"REmpty"}]}]},{"tag":"TypeApp","contents":[{"tag":"TypeConstructor","contents":[["Control","Alternative"],"Alternative"]},{"tag":"TypeVar","contents":"m"}]}]},{"tag":"REmpty"}]}]}]}}},{"EDClass":{"edClassName":"MonadZero","edClassTypeArguments":[["m",null]],"edClassMembers":[],"edClassConstraints":[{"constraintClass":[["Control","Monad"],"Monad"],"constraintArgs":[{"tag":"TypeVar","contents":"m"}],"constraintData":null},{"constraintClass":[["Control","Alternative"],"Alternative"],"constraintArgs":[{"tag":"TypeVar","contents":"m"}],"constraintData":null}],"edFunctionalDependencies":[]}},{"EDValue":{"edValueName":{"Ident":"guard"},"edValueType":{"tag":"ForAll","contents":["m",{"tag":"ConstrainedType","contents":[{"constraintClass":[["Control","MonadZero"],"MonadZero"],"constraintArgs":[{"tag":"TypeVar","contents":"m"}],"constraintData":null},{"tag":"TypeApp","contents":[{"tag":"TypeApp","contents":[{"tag":"TypeConstructor","contents":[["Prim"],"Function"]},{"tag":"TypeConstructor","contents":[["Prim"],"Boolean"]}]},{"tag":"TypeApp","contents":[{"tag":"TypeVar","contents":"m"},{"tag":"TypeConstructor","contents":[["Data","Unit"],"Unit"]}]}]}]},20]}}},{"EDInstance":{"edInstanceClassName":[["Control","MonadZero"],"MonadZero"],"edInstanceName":{"Ident":"monadZeroArray"},"edInstanceTypes":[{"tag":"TypeConstructor","contents":[["Prim"],"Array"]}],"edInstanceConstraints":[]}}],"efSourceSpan":{"start":[1,1],"name":"/home/dhruv/Final/bower_components/purescript-control/src/Control/MonadZero.purs","end":[56,15]}}