{"efVersion":"0.11.6","efModuleName":["DOM","Event","Types"],"efExports":[{"TypeRef":[{"start":[1,1],"name":"/home/dhruv/Final/bower_components/purescript-dom/src/DOM/Event/Types.purs","end":[158,39]},"ClipboardEvent",[]]},{"TypeRef":[{"start":[1,1],"name":"/home/dhruv/Final/bower_components/purescript-dom/src/DOM/Event/Types.purs","end":[158,39]},"CompositionEvent",[]]},{"TypeRef":[{"start":[1,1],"name":"/home/dhruv/Final/bower_components/purescript-dom/src/DOM/Event/Types.purs","end":[158,39]},"CustomEvent",[]]},{"TypeRef":[{"start":[1,1],"name":"/home/dhruv/Final/bower_components/purescript-dom/src/DOM/Event/Types.purs","end":[158,39]},"Event",[]]},{"TypeRef":[{"start":[1,1],"name":"/home/dhruv/Final/bower_components/purescript-dom/src/DOM/Event/Types.purs","end":[158,39]},"EventTarget",[]]},{"TypeRef":[{"start":[1,1],"name":"/home/dhruv/Final/bower_components/purescript-dom/src/DOM/Event/Types.purs","end":[158,39]},"EventType",["EventType"]]},{"TypeRef":[{"start":[1,1],"name":"/home/dhruv/Final/bower_components/purescript-dom/src/DOM/Event/Types.purs","end":[158,39]},"FocusEvent",[]]},{"TypeRef":[{"start":[1,1],"name":"/home/dhruv/Final/bower_components/purescript-dom/src/DOM/Event/Types.purs","end":[158,39]},"InputEvent",[]]},{"TypeRef":[{"start":[1,1],"name":"/home/dhruv/Final/bower_components/purescript-dom/src/DOM/Event/Types.purs","end":[158,39]},"KeyboardEvent",[]]},{"TypeRef":[{"start":[1,1],"name":"/home/dhruv/Final/bower_components/purescript-dom/src/DOM/Event/Types.purs","end":[158,39]},"MouseEvent",[]]},{"TypeRef":[{"start":[1,1],"name":"/home/dhruv/Final/bower_components/purescript-dom/src/DOM/Event/Types.purs","end":[158,39]},"ProgressEvent",[]]},{"TypeRef":[{"start":[1,1],"name":"/home/dhruv/Final/bower_components/purescript-dom/src/DOM/Event/Types.purs","end":[158,39]},"TouchEvent",[]]},{"TypeRef":[{"start":[1,1],"name":"/home/dhruv/Final/bower_components/purescript-dom/src/DOM/Event/Types.purs","end":[158,39]},"UIEvent",[]]},{"TypeRef":[{"start":[1,1],"name":"/home/dhruv/Final/bower_components/purescript-dom/src/DOM/Event/Types.purs","end":[158,39]},"WheelEvent",[]]},{"ValueRef":[{"start":[1,1],"name":"/home/dhruv/Final/bower_components/purescript-dom/src/DOM/Event/Types.purs","end":[158,39]},{"Ident":"clipboardEventToEvent"}]},{"ValueRef":[{"start":[1,1],"name":"/home/dhruv/Final/bower_components/purescript-dom/src/DOM/Event/Types.purs","end":[158,39]},{"Ident":"compositionEventToEvent"}]},{"ValueRef":[{"start":[1,1],"name":"/home/dhruv/Final/bower_components/purescript-dom/src/DOM/Event/Types.purs","end":[158,39]},{"Ident":"customEventToEvent"}]},{"ValueRef":[{"start":[1,1],"name":"/home/dhruv/Final/bower_components/purescript-dom/src/DOM/Event/Types.purs","end":[158,39]},{"Ident":"focusEventToEvent"}]},{"ValueRef":[{"start":[1,1],"name":"/home/dhruv/Final/bower_components/purescript-dom/src/DOM/Event/Types.purs","end":[158,39]},{"Ident":"inputEventToEvent"}]},{"ValueRef":[{"start":[1,1],"name":"/home/dhruv/Final/bower_components/purescript-dom/src/DOM/Event/Types.purs","end":[158,39]},{"Ident":"keyboardEventToEvent"}]},{"ValueRef":[{"start":[1,1],"name":"/home/dhruv/Final/bower_components/purescript-dom/src/DOM/Event/Types.purs","end":[158,39]},{"Ident":"mouseEventToEvent"}]},{"ValueRef":[{"start":[1,1],"name":"/home/dhruv/Final/bower_components/purescript-dom/src/DOM/Event/Types.purs","end":[158,39]},{"Ident":"progressEventToEvent"}]},{"ValueRef":[{"start":[1,1],"name":"/home/dhruv/Final/bower_components/purescript-dom/src/DOM/Event/Types.purs","end":[158,39]},{"Ident":"readClipboardEvent"}]},{"ValueRef":[{"start":[1,1],"name":"/home/dhruv/Final/bower_components/purescript-dom/src/DOM/Event/Types.purs","end":[158,39]},{"Ident":"readCompositionEvent"}]},{"ValueRef":[{"start":[1,1],"name":"/home/dhruv/Final/bower_components/purescript-dom/src/DOM/Event/Types.purs","end":[158,39]},{"Ident":"readCustomEvent"}]},{"ValueRef":[{"start":[1,1],"name":"/home/dhruv/Final/bower_components/purescript-dom/src/DOM/Event/Types.purs","end":[158,39]},{"Ident":"readEventTarget"}]},{"ValueRef":[{"start":[1,1],"name":"/home/dhruv/Final/bower_components/purescript-dom/src/DOM/Event/Types.purs","end":[158,39]},{"Ident":"readFocusEvent"}]},{"ValueRef":[{"start":[1,1],"name":"/home/dhruv/Final/bower_components/purescript-dom/src/DOM/Event/Types.purs","end":[158,39]},{"Ident":"readInputEvent"}]},{"ValueRef":[{"start":[1,1],"name":"/home/dhruv/Final/bower_components/purescript-dom/src/DOM/Event/Types.purs","end":[158,39]},{"Ident":"readKeyboardEvent"}]},{"ValueRef":[{"start":[1,1],"name":"/home/dhruv/Final/bower_components/purescript-dom/src/DOM/Event/Types.purs","end":[158,39]},{"Ident":"readMouseEvent"}]},{"ValueRef":[{"start":[1,1],"name":"/home/dhruv/Final/bower_components/purescript-dom/src/DOM/Event/Types.purs","end":[158,39]},{"Ident":"readProgressEvent"}]},{"ValueRef":[{"start":[1,1],"name":"/home/dhruv/Final/bower_components/purescript-dom/src/DOM/Event/Types.purs","end":[158,39]},{"Ident":"readTouchEvent"}]},{"ValueRef":[{"start":[1,1],"name":"/home/dhruv/Final/bower_components/purescript-dom/src/DOM/Event/Types.purs","end":[158,39]},{"Ident":"readUIEvent"}]},{"ValueRef":[{"start":[1,1],"name":"/home/dhruv/Final/bower_components/purescript-dom/src/DOM/Event/Types.purs","end":[158,39]},{"Ident":"readWheelEvent"}]},{"ValueRef":[{"start":[1,1],"name":"/home/dhruv/Final/bower_components/purescript-dom/src/DOM/Event/Types.purs","end":[158,39]},{"Ident":"touchEventToEvent"}]},{"ValueRef":[{"start":[1,1],"name":"/home/dhruv/Final/bower_components/purescript-dom/src/DOM/Event/Types.purs","end":[158,39]},{"Ident":"uiEventToEvent"}]},{"ValueRef":[{"start":[1,1],"name":"/home/dhruv/Final/bower_components/purescript-dom/src/DOM/Event/Types.purs","end":[158,39]},{"Ident":"wheelEventToEvent"}]},{"TypeInstanceRef":[{"start":[0,0],"name":"<generated>","end":[0,0]},{"Ident":"newtypeEventType"}]},{"TypeInstanceRef":[{"start":[0,0],"name":"<generated>","end":[0,0]},{"Ident":"eqEventType"}]},{"TypeInstanceRef":[{"start":[0,0],"name":"<generated>","end":[0,0]},{"Ident":"ordEventType"}]}],"efImports":[{"eiModule":["Prim"],"eiImportType":{"Implicit":[]},"eiImportedAs":null},{"eiModule":["Prim"],"eiImportType":{"Implicit":[]},"eiImportedAs":["Prim"]},{"eiModule":["Prelude"],"eiImportType":{"Implicit":[]},"eiImportedAs":null},{"eiModule":["Data","Bifunctor"],"eiImportType":{"Explicit":[{"ValueRef":[{"start":[42,24],"name":"/home/dhruv/Final/bower_components/purescript-dom/src/DOM/Event/Types.purs","end":[42,28]},{"Ident":"lmap"}]}]},"eiImportedAs":null},{"eiModule":["Data","Either"],"eiImportType":{"Explicit":[{"TypeRef":[{"start":[43,21],"name":"/home/dhruv/Final/bower_components/purescript-dom/src/DOM/Event/Types.purs","end":[43,31]},"Either",null]}]},"eiImportedAs":null},{"eiModule":["Data","Foreign"],"eiImportType":{"Explicit":[{"TypeRef":[{"start":[44,22],"name":"/home/dhruv/Final/bower_components/purescript-dom/src/DOM/Event/Types.purs","end":[44,23]},"F",[]]},{"TypeRef":[{"start":[44,25],"name":"/home/dhruv/Final/bower_components/purescript-dom/src/DOM/Event/Types.purs","end":[44,32]},"Foreign",[]]},{"TypeRef":[{"start":[44,34],"name":"/home/dhruv/Final/bower_components/purescript-dom/src/DOM/Event/Types.purs","end":[44,60]},"ForeignError",["ForeignError"]]},{"ValueRef":[{"start":[44,62],"name":"/home/dhruv/Final/bower_components/purescript-dom/src/DOM/Event/Types.purs","end":[44,78]},{"Ident":"unsafeReadTagged"}]}]},"eiImportedAs":null},{"eiModule":["Data","Newtype"],"eiImportType":{"Explicit":[{"TypeClassRef":[{"start":[45,22],"name":"/home/dhruv/Final/bower_components/purescript-dom/src/DOM/Event/Types.purs","end":[45,35]},"Newtype"]},{"ValueRef":[{"start":[45,37],"name":"/home/dhruv/Final/bower_components/purescript-dom/src/DOM/Event/Types.purs","end":[45,41]},{"Ident":"wrap"}]}]},"eiImportedAs":null},{"eiModule":["Unsafe","Coerce"],"eiImportType":{"Implicit":[]},"eiImportedAs":["U"]}],"efFixities":[],"efTypeFixities":[],"efDeclarations":[{"EDType":{"edTypeName":"ClipboardEvent","edTypeKind":{"tag":"NamedKind","contents":[["Prim"],"Type"]},"edTypeDeclarationKind":"ExternData"}},{"EDType":{"edTypeName":"CompositionEvent","edTypeKind":{"tag":"NamedKind","contents":[["Prim"],"Type"]},"edTypeDeclarationKind":"ExternData"}},{"EDType":{"edTypeName":"CustomEvent","edTypeKind":{"tag":"NamedKind","contents":[["Prim"],"Type"]},"edTypeDeclarationKind":"ExternData"}},{"EDType":{"edTypeName":"Event","edTypeKind":{"tag":"NamedKind","contents":[["Prim"],"Type"]},"edTypeDeclarationKind":"ExternData"}},{"EDType":{"edTypeName":"EventTarget","edTypeKind":{"tag":"NamedKind","contents":[["Prim"],"Type"]},"edTypeDeclarationKind":"ExternData"}},{"EDType":{"edTypeName":"EventType","edTypeKind":{"tag":"NamedKind","contents":[["Prim"],"Type"]},"edTypeDeclarationKind":{"DataType":{"args":[],"ctors":[["EventType",[{"tag":"TypeConstructor","contents":[["Prim"],"String"]}]]]}}}},{"EDDataConstructor":{"edDataCtorName":"EventType","edDataCtorOrigin":"newtype","edDataCtorTypeCtor":"EventType","edDataCtorType":{"tag":"TypeApp","contents":[{"tag":"TypeApp","contents":[{"tag":"TypeConstructor","contents":[["Prim"],"Function"]},{"tag":"TypeConstructor","contents":[["Prim"],"String"]}]},{"tag":"TypeConstructor","contents":[["DOM","Event","Types"],"EventType"]}]},"edDataCtorFields":[{"Ident":"value0"}]}},{"EDType":{"edTypeName":"FocusEvent","edTypeKind":{"tag":"NamedKind","contents":[["Prim"],"Type"]},"edTypeDeclarationKind":"ExternData"}},{"EDType":{"edTypeName":"InputEvent","edTypeKind":{"tag":"NamedKind","contents":[["Prim"],"Type"]},"edTypeDeclarationKind":"ExternData"}},{"EDType":{"edTypeName":"KeyboardEvent","edTypeKind":{"tag":"NamedKind","contents":[["Prim"],"Type"]},"edTypeDeclarationKind":"ExternData"}},{"EDType":{"edTypeName":"MouseEvent","edTypeKind":{"tag":"NamedKind","contents":[["Prim"],"Type"]},"edTypeDeclarationKind":"ExternData"}},{"EDType":{"edTypeName":"ProgressEvent","edTypeKind":{"tag":"NamedKind","contents":[["Prim"],"Type"]},"edTypeDeclarationKind":"ExternData"}},{"EDType":{"edTypeName":"TouchEvent","edTypeKind":{"tag":"NamedKind","contents":[["Prim"],"Type"]},"edTypeDeclarationKind":"ExternData"}},{"EDType":{"edTypeName":"UIEvent","edTypeKind":{"tag":"NamedKind","contents":[["Prim"],"Type"]},"edTypeDeclarationKind":"ExternData"}},{"EDType":{"edTypeName":"WheelEvent","edTypeKind":{"tag":"NamedKind","contents":[["Prim"],"Type"]},"edTypeDeclarationKind":"ExternData"}},{"EDValue":{"edValueName":{"Ident":"clipboardEventToEvent"},"edValueType":{"tag":"TypeApp","contents":[{"tag":"TypeApp","contents":[{"tag":"TypeConstructor","contents":[["Prim"],"Function"]},{"tag":"TypeConstructor","contents":[["DOM","Event","Types"],"ClipboardEvent"]}]},{"tag":"TypeConstructor","contents":[["DOM","Event","Types"],"Event"]}]}}},{"EDValue":{"edValueName":{"Ident":"compositionEventToEvent"},"edValueType":{"tag":"TypeApp","contents":[{"tag":"TypeApp","contents":[{"tag":"TypeConstructor","contents":[["Prim"],"Function"]},{"tag":"TypeConstructor","contents":[["DOM","Event","Types"],"CompositionEvent"]}]},{"tag":"TypeConstructor","contents":[["DOM","Event","Types"],"Event"]}]}}},{"EDValue":{"edValueName":{"Ident":"customEventToEvent"},"edValueType":{"tag":"TypeApp","contents":[{"tag":"TypeApp","contents":[{"tag":"TypeConstructor","contents":[["Prim"],"Function"]},{"tag":"TypeConstructor","contents":[["DOM","Event","Types"],"CustomEvent"]}]},{"tag":"TypeConstructor","contents":[["DOM","Event","Types"],"Event"]}]}}},{"EDValue":{"edValueName":{"Ident":"focusEventToEvent"},"edValueType":{"tag":"TypeApp","contents":[{"tag":"TypeApp","contents":[{"tag":"TypeConstructor","contents":[["Prim"],"Function"]},{"tag":"TypeConstructor","contents":[["DOM","Event","Types"],"FocusEvent"]}]},{"tag":"TypeConstructor","contents":[["DOM","Event","Types"],"Event"]}]}}},{"EDValue":{"edValueName":{"Ident":"inputEventToEvent"},"edValueType":{"tag":"TypeApp","contents":[{"tag":"TypeApp","contents":[{"tag":"TypeConstructor","contents":[["Prim"],"Function"]},{"tag":"TypeConstructor","contents":[["DOM","Event","Types"],"InputEvent"]}]},{"tag":"TypeConstructor","contents":[["DOM","Event","Types"],"Event"]}]}}},{"EDValue":{"edValueName":{"Ident":"keyboardEventToEvent"},"edValueType":{"tag":"TypeApp","contents":[{"tag":"TypeApp","contents":[{"tag":"TypeConstructor","contents":[["Prim"],"Function"]},{"tag":"TypeConstructor","contents":[["DOM","Event","Types"],"KeyboardEvent"]}]},{"tag":"TypeConstructor","contents":[["DOM","Event","Types"],"Event"]}]}}},{"EDValue":{"edValueName":{"Ident":"mouseEventToEvent"},"edValueType":{"tag":"TypeApp","contents":[{"tag":"TypeApp","contents":[{"tag":"TypeConstructor","contents":[["Prim"],"Function"]},{"tag":"TypeConstructor","contents":[["DOM","Event","Types"],"MouseEvent"]}]},{"tag":"TypeConstructor","contents":[["DOM","Event","Types"],"Event"]}]}}},{"EDValue":{"edValueName":{"Ident":"progressEventToEvent"},"edValueType":{"tag":"TypeApp","contents":[{"tag":"TypeApp","contents":[{"tag":"TypeConstructor","contents":[["Prim"],"Function"]},{"tag":"TypeConstructor","contents":[["DOM","Event","Types"],"ProgressEvent"]}]},{"tag":"TypeConstructor","contents":[["DOM","Event","Types"],"Event"]}]}}},{"EDValue":{"edValueName":{"Ident":"readClipboardEvent"},"edValueType":{"tag":"TypeApp","contents":[{"tag":"TypeApp","contents":[{"tag":"TypeConstructor","contents":[["Prim"],"Function"]},{"tag":"TypeConstructor","contents":[["Data","Foreign"],"Foreign"]}]},{"tag":"TypeApp","contents":[{"tag":"TypeApp","contents":[{"tag":"TypeApp","contents":[{"tag":"TypeConstructor","contents":[["Control","Monad","Except","Trans"],"ExceptT"]},{"tag":"TypeApp","contents":[{"tag":"TypeConstructor","contents":[["Data","List","Types"],"NonEmptyList"]},{"tag":"TypeConstructor","contents":[["Data","Foreign"],"ForeignError"]}]}]},{"tag":"TypeConstructor","contents":[["Data","Identity"],"Identity"]}]},{"tag":"TypeConstructor","contents":[["DOM","Event","Types"],"ClipboardEvent"]}]}]}}},{"EDValue":{"edValueName":{"Ident":"readCompositionEvent"},"edValueType":{"tag":"TypeApp","contents":[{"tag":"TypeApp","contents":[{"tag":"TypeConstructor","contents":[["Prim"],"Function"]},{"tag":"TypeConstructor","contents":[["Data","Foreign"],"Foreign"]}]},{"tag":"TypeApp","contents":[{"tag":"TypeApp","contents":[{"tag":"TypeApp","contents":[{"tag":"TypeConstructor","contents":[["Control","Monad","Except","Trans"],"ExceptT"]},{"tag":"TypeApp","contents":[{"tag":"TypeConstructor","contents":[["Data","List","Types"],"NonEmptyList"]},{"tag":"TypeConstructor","contents":[["Data","Foreign"],"ForeignError"]}]}]},{"tag":"TypeConstructor","contents":[["Data","Identity"],"Identity"]}]},{"tag":"TypeConstructor","contents":[["DOM","Event","Types"],"CompositionEvent"]}]}]}}},{"EDValue":{"edValueName":{"Ident":"readCustomEvent"},"edValueType":{"tag":"TypeApp","contents":[{"tag":"TypeApp","contents":[{"tag":"TypeConstructor","contents":[["Prim"],"Function"]},{"tag":"TypeConstructor","contents":[["Data","Foreign"],"Foreign"]}]},{"tag":"TypeApp","contents":[{"tag":"TypeApp","contents":[{"tag":"TypeApp","contents":[{"tag":"TypeConstructor","contents":[["Control","Monad","Except","Trans"],"ExceptT"]},{"tag":"TypeApp","contents":[{"tag":"TypeConstructor","contents":[["Data","List","Types"],"NonEmptyList"]},{"tag":"TypeConstructor","contents":[["Data","Foreign"],"ForeignError"]}]}]},{"tag":"TypeConstructor","contents":[["Data","Identity"],"Identity"]}]},{"tag":"TypeConstructor","contents":[["DOM","Event","Types"],"CustomEvent"]}]}]}}},{"EDValue":{"edValueName":{"Ident":"readEventTarget"},"edValueType":{"tag":"TypeApp","contents":[{"tag":"TypeApp","contents":[{"tag":"TypeConstructor","contents":[["Prim"],"Function"]},{"tag":"TypeConstructor","contents":[["Data","Foreign"],"Foreign"]}]},{"tag":"TypeApp","contents":[{"tag":"TypeApp","contents":[{"tag":"TypeApp","contents":[{"tag":"TypeConstructor","contents":[["Control","Monad","Except","Trans"],"ExceptT"]},{"tag":"TypeApp","contents":[{"tag":"TypeConstructor","contents":[["Data","List","Types"],"NonEmptyList"]},{"tag":"TypeConstructor","contents":[["Data","Foreign"],"ForeignError"]}]}]},{"tag":"TypeConstructor","contents":[["Data","Identity"],"Identity"]}]},{"tag":"TypeConstructor","contents":[["DOM","Event","Types"],"EventTarget"]}]}]}}},{"EDValue":{"edValueName":{"Ident":"readFocusEvent"},"edValueType":{"tag":"TypeApp","contents":[{"tag":"TypeApp","contents":[{"tag":"TypeConstructor","contents":[["Prim"],"Function"]},{"tag":"TypeConstructor","contents":[["Data","Foreign"],"Foreign"]}]},{"tag":"TypeApp","contents":[{"tag":"TypeApp","contents":[{"tag":"TypeApp","contents":[{"tag":"TypeConstructor","contents":[["Control","Monad","Except","Trans"],"ExceptT"]},{"tag":"TypeApp","contents":[{"tag":"TypeConstructor","contents":[["Data","List","Types"],"NonEmptyList"]},{"tag":"TypeConstructor","contents":[["Data","Foreign"],"ForeignError"]}]}]},{"tag":"TypeConstructor","contents":[["Data","Identity"],"Identity"]}]},{"tag":"TypeConstructor","contents":[["DOM","Event","Types"],"FocusEvent"]}]}]}}},{"EDValue":{"edValueName":{"Ident":"readInputEvent"},"edValueType":{"tag":"TypeApp","contents":[{"tag":"TypeApp","contents":[{"tag":"TypeConstructor","contents":[["Prim"],"Function"]},{"tag":"TypeConstructor","contents":[["Data","Foreign"],"Foreign"]}]},{"tag":"TypeApp","contents":[{"tag":"TypeApp","contents":[{"tag":"TypeApp","contents":[{"tag":"TypeConstructor","contents":[["Control","Monad","Except","Trans"],"ExceptT"]},{"tag":"TypeApp","contents":[{"tag":"TypeConstructor","contents":[["Data","List","Types"],"NonEmptyList"]},{"tag":"TypeConstructor","contents":[["Data","Foreign"],"ForeignError"]}]}]},{"tag":"TypeConstructor","contents":[["Data","Identity"],"Identity"]}]},{"tag":"TypeConstructor","contents":[["DOM","Event","Types"],"InputEvent"]}]}]}}},{"EDValue":{"edValueName":{"Ident":"readKeyboardEvent"},"edValueType":{"tag":"TypeApp","contents":[{"tag":"TypeApp","contents":[{"tag":"TypeConstructor","contents":[["Prim"],"Function"]},{"tag":"TypeConstructor","contents":[["Data","Foreign"],"Foreign"]}]},{"tag":"TypeApp","contents":[{"tag":"TypeApp","contents":[{"tag":"TypeApp","contents":[{"tag":"TypeConstructor","contents":[["Control","Monad","Except","Trans"],"ExceptT"]},{"tag":"TypeApp","contents":[{"tag":"TypeConstructor","contents":[["Data","List","Types"],"NonEmptyList"]},{"tag":"TypeConstructor","contents":[["Data","Foreign"],"ForeignError"]}]}]},{"tag":"TypeConstructor","contents":[["Data","Identity"],"Identity"]}]},{"tag":"TypeConstructor","contents":[["DOM","Event","Types"],"KeyboardEvent"]}]}]}}},{"EDValue":{"edValueName":{"Ident":"readMouseEvent"},"edValueType":{"tag":"TypeApp","contents":[{"tag":"TypeApp","contents":[{"tag":"TypeConstructor","contents":[["Prim"],"Function"]},{"tag":"TypeConstructor","contents":[["Data","Foreign"],"Foreign"]}]},{"tag":"TypeApp","contents":[{"tag":"TypeApp","contents":[{"tag":"TypeApp","contents":[{"tag":"TypeConstructor","contents":[["Control","Monad","Except","Trans"],"ExceptT"]},{"tag":"TypeApp","contents":[{"tag":"TypeConstructor","contents":[["Data","List","Types"],"NonEmptyList"]},{"tag":"TypeConstructor","contents":[["Data","Foreign"],"ForeignError"]}]}]},{"tag":"TypeConstructor","contents":[["Data","Identity"],"Identity"]}]},{"tag":"TypeConstructor","contents":[["DOM","Event","Types"],"MouseEvent"]}]}]}}},{"EDValue":{"edValueName":{"Ident":"readProgressEvent"},"edValueType":{"tag":"TypeApp","contents":[{"tag":"TypeApp","contents":[{"tag":"TypeConstructor","contents":[["Prim"],"Function"]},{"tag":"TypeConstructor","contents":[["Data","Foreign"],"Foreign"]}]},{"tag":"TypeApp","contents":[{"tag":"TypeApp","contents":[{"tag":"TypeApp","contents":[{"tag":"TypeConstructor","contents":[["Control","Monad","Except","Trans"],"ExceptT"]},{"tag":"TypeApp","contents":[{"tag":"TypeConstructor","contents":[["Data","List","Types"],"NonEmptyList"]},{"tag":"TypeConstructor","contents":[["Data","Foreign"],"ForeignError"]}]}]},{"tag":"TypeConstructor","contents":[["Data","Identity"],"Identity"]}]},{"tag":"TypeConstructor","contents":[["DOM","Event","Types"],"ProgressEvent"]}]}]}}},{"EDValue":{"edValueName":{"Ident":"readTouchEvent"},"edValueType":{"tag":"TypeApp","contents":[{"tag":"TypeApp","contents":[{"tag":"TypeConstructor","contents":[["Prim"],"Function"]},{"tag":"TypeConstructor","contents":[["Data","Foreign"],"Foreign"]}]},{"tag":"TypeApp","contents":[{"tag":"TypeApp","contents":[{"tag":"TypeApp","contents":[{"tag":"TypeConstructor","contents":[["Control","Monad","Except","Trans"],"ExceptT"]},{"tag":"TypeApp","contents":[{"tag":"TypeConstructor","contents":[["Data","List","Types"],"NonEmptyList"]},{"tag":"TypeConstructor","contents":[["Data","Foreign"],"ForeignError"]}]}]},{"tag":"TypeConstructor","contents":[["Data","Identity"],"Identity"]}]},{"tag":"TypeConstructor","contents":[["DOM","Event","Types"],"TouchEvent"]}]}]}}},{"EDValue":{"edValueName":{"Ident":"readUIEvent"},"edValueType":{"tag":"TypeApp","contents":[{"tag":"TypeApp","contents":[{"tag":"TypeConstructor","contents":[["Prim"],"Function"]},{"tag":"TypeConstructor","contents":[["Data","Foreign"],"Foreign"]}]},{"tag":"TypeApp","contents":[{"tag":"TypeApp","contents":[{"tag":"TypeApp","contents":[{"tag":"TypeConstructor","contents":[["Control","Monad","Except","Trans"],"ExceptT"]},{"tag":"TypeApp","contents":[{"tag":"TypeConstructor","contents":[["Data","List","Types"],"NonEmptyList"]},{"tag":"TypeConstructor","contents":[["Data","Foreign"],"ForeignError"]}]}]},{"tag":"TypeConstructor","contents":[["Data","Identity"],"Identity"]}]},{"tag":"TypeConstructor","contents":[["DOM","Event","Types"],"UIEvent"]}]}]}}},{"EDValue":{"edValueName":{"Ident":"readWheelEvent"},"edValueType":{"tag":"TypeApp","contents":[{"tag":"TypeApp","contents":[{"tag":"TypeConstructor","contents":[["Prim"],"Function"]},{"tag":"TypeConstructor","contents":[["Data","Foreign"],"Foreign"]}]},{"tag":"TypeApp","contents":[{"tag":"TypeApp","contents":[{"tag":"TypeApp","contents":[{"tag":"TypeConstructor","contents":[["Control","Monad","Except","Trans"],"ExceptT"]},{"tag":"TypeApp","contents":[{"tag":"TypeConstructor","contents":[["Data","List","Types"],"NonEmptyList"]},{"tag":"TypeConstructor","contents":[["Data","Foreign"],"ForeignError"]}]}]},{"tag":"TypeConstructor","contents":[["Data","Identity"],"Identity"]}]},{"tag":"TypeConstructor","contents":[["DOM","Event","Types"],"WheelEvent"]}]}]}}},{"EDValue":{"edValueName":{"Ident":"touchEventToEvent"},"edValueType":{"tag":"TypeApp","contents":[{"tag":"TypeApp","contents":[{"tag":"TypeConstructor","contents":[["Prim"],"Function"]},{"tag":"TypeConstructor","contents":[["DOM","Event","Types"],"TouchEvent"]}]},{"tag":"TypeConstructor","contents":[["DOM","Event","Types"],"Event"]}]}}},{"EDValue":{"edValueName":{"Ident":"uiEventToEvent"},"edValueType":{"tag":"TypeApp","contents":[{"tag":"TypeApp","contents":[{"tag":"TypeConstructor","contents":[["Prim"],"Function"]},{"tag":"TypeConstructor","contents":[["DOM","Event","Types"],"UIEvent"]}]},{"tag":"TypeConstructor","contents":[["DOM","Event","Types"],"Event"]}]}}},{"EDValue":{"edValueName":{"Ident":"wheelEventToEvent"},"edValueType":{"tag":"TypeApp","contents":[{"tag":"TypeApp","contents":[{"tag":"TypeConstructor","contents":[["Prim"],"Function"]},{"tag":"TypeConstructor","contents":[["DOM","Event","Types"],"WheelEvent"]}]},{"tag":"TypeConstructor","contents":[["DOM","Event","Types"],"Event"]}]}}},{"EDInstance":{"edInstanceClassName":[["Data","Newtype"],"Newtype"],"edInstanceName":{"Ident":"newtypeEventType"},"edInstanceTypes":[{"tag":"TypeConstructor","contents":[["DOM","Event","Types"],"EventType"]},{"tag":"TypeConstructor","contents":[["Prim"],"String"]}],"edInstanceConstraints":[]}},{"EDInstance":{"edInstanceClassName":[["Data","Eq"],"Eq"],"edInstanceName":{"Ident":"eqEventType"},"edInstanceTypes":[{"tag":"TypeConstructor","contents":[["DOM","Event","Types"],"EventType"]}],"edInstanceConstraints":[]}},{"EDInstance":{"edInstanceClassName":[["Data","Ord"],"Ord"],"edInstanceName":{"Ident":"ordEventType"},"edInstanceTypes":[{"tag":"TypeConstructor","contents":[["DOM","Event","Types"],"EventType"]}],"edInstanceConstraints":[]}}],"efSourceSpan":{"start":[1,1],"name":"/home/dhruv/Final/bower_components/purescript-dom/src/DOM/Event/Types.purs","end":[158,39]}}