{"efVersion":"0.11.6","efModuleName":["DOM","File","Blob"],"efExports":[{"TypeRef":[{"start":[1,1],"name":"/home/dhruv/Final/bower_components/purescript-dom/src/DOM/File/Blob.purs","end":[68,29]},"ByteIdx",[]]},{"TypeRef":[{"start":[1,1],"name":"/home/dhruv/Final/bower_components/purescript-dom/src/DOM/File/Blob.purs","end":[68,29]},"EndByte",["EndByte"]]},{"TypeRef":[{"start":[1,1],"name":"/home/dhruv/Final/bower_components/purescript-dom/src/DOM/File/Blob.purs","end":[68,29]},"StartByte",["StartByte"]]},{"ValueRef":[{"start":[1,1],"name":"/home/dhruv/Final/bower_components/purescript-dom/src/DOM/File/Blob.purs","end":[68,29]},{"Ident":"idxFromInt"}]},{"ValueRef":[{"start":[1,1],"name":"/home/dhruv/Final/bower_components/purescript-dom/src/DOM/File/Blob.purs","end":[68,29]},{"Ident":"idxFromNumber"}]},{"ValueRef":[{"start":[1,1],"name":"/home/dhruv/Final/bower_components/purescript-dom/src/DOM/File/Blob.purs","end":[68,29]},{"Ident":"size"}]},{"ValueRef":[{"start":[1,1],"name":"/home/dhruv/Final/bower_components/purescript-dom/src/DOM/File/Blob.purs","end":[68,29]},{"Ident":"slice"}]},{"ValueRef":[{"start":[1,1],"name":"/home/dhruv/Final/bower_components/purescript-dom/src/DOM/File/Blob.purs","end":[68,29]},{"Ident":"slice'"}]},{"ValueRef":[{"start":[1,1],"name":"/home/dhruv/Final/bower_components/purescript-dom/src/DOM/File/Blob.purs","end":[68,29]},{"Ident":"type_"}]}],"efImports":[{"eiModule":["Prim"],"eiImportType":{"Implicit":[]},"eiImportedAs":null},{"eiModule":["Prim"],"eiImportType":{"Implicit":[]},"eiImportedAs":["Prim"]},{"eiModule":["DOM","File","Types"],"eiImportType":{"Explicit":[{"TypeRef":[{"start":[13,24],"name":"/home/dhruv/Final/bower_components/purescript-dom/src/DOM/File/Blob.purs","end":[13,28]},"Blob",[]]}]},"eiImportedAs":null},{"eiModule":["Data","Int"],"eiImportType":{"Explicit":[{"ValueRef":[{"start":[14,18],"name":"/home/dhruv/Final/bower_components/purescript-dom/src/DOM/File/Blob.purs","end":[14,26]},{"Ident":"toNumber"}]}]},"eiImportedAs":null},{"eiModule":["Data","Maybe"],"eiImportType":{"Explicit":[{"TypeRef":[{"start":[15,20],"name":"/home/dhruv/Final/bower_components/purescript-dom/src/DOM/File/Blob.purs","end":[15,29]},"Maybe",null]}]},"eiImportedAs":null},{"eiModule":["Data","MediaType"],"eiImportType":{"Explicit":[{"TypeRef":[{"start":[16,24],"name":"/home/dhruv/Final/bower_components/purescript-dom/src/DOM/File/Blob.purs","end":[16,37]},"MediaType",null]}]},"eiImportedAs":null},{"eiModule":["Math"],"eiImportType":{"Explicit":[{"ValueRef":[{"start":[17,14],"name":"/home/dhruv/Final/bower_components/purescript-dom/src/DOM/File/Blob.purs","end":[17,19]},{"Ident":"round"}]}]},"eiImportedAs":null},{"eiModule":["Prelude"],"eiImportType":{"Explicit":[{"ValueOpRef":[{"start":[18,17],"name":"/home/dhruv/Final/bower_components/purescript-dom/src/DOM/File/Blob.purs","end":[18,21]},"=="]},{"ValueOpRef":[{"start":[18,23],"name":"/home/dhruv/Final/bower_components/purescript-dom/src/DOM/File/Blob.purs","end":[18,28]},">>>"]}]},"eiImportedAs":null},{"eiModule":["Unsafe","Coerce"],"eiImportType":{"Explicit":[{"ValueRef":[{"start":[19,23],"name":"/home/dhruv/Final/bower_components/purescript-dom/src/DOM/File/Blob.purs","end":[19,35]},{"Ident":"unsafeCoerce"}]}]},"eiImportedAs":null}],"efFixities":[],"efTypeFixities":[],"efDeclarations":[{"EDType":{"edTypeName":"ByteIdx","edTypeKind":{"tag":"NamedKind","contents":[["Prim"],"Type"]},"edTypeDeclarationKind":"ExternData"}},{"EDType":{"edTypeName":"EndByte","edTypeKind":{"tag":"NamedKind","contents":[["Prim"],"Type"]},"edTypeDeclarationKind":{"DataType":{"args":[],"ctors":[["EndByte",[{"tag":"TypeConstructor","contents":[["DOM","File","Blob"],"ByteIdx"]}]]]}}}},{"EDDataConstructor":{"edDataCtorName":"EndByte","edDataCtorOrigin":"newtype","edDataCtorTypeCtor":"EndByte","edDataCtorType":{"tag":"TypeApp","contents":[{"tag":"TypeApp","contents":[{"tag":"TypeConstructor","contents":[["Prim"],"Function"]},{"tag":"TypeConstructor","contents":[["DOM","File","Blob"],"ByteIdx"]}]},{"tag":"TypeConstructor","contents":[["DOM","File","Blob"],"EndByte"]}]},"edDataCtorFields":[{"Ident":"value0"}]}},{"EDType":{"edTypeName":"StartByte","edTypeKind":{"tag":"NamedKind","contents":[["Prim"],"Type"]},"edTypeDeclarationKind":{"DataType":{"args":[],"ctors":[["StartByte",[{"tag":"TypeConstructor","contents":[["DOM","File","Blob"],"ByteIdx"]}]]]}}}},{"EDDataConstructor":{"edDataCtorName":"StartByte","edDataCtorOrigin":"newtype","edDataCtorTypeCtor":"StartByte","edDataCtorType":{"tag":"TypeApp","contents":[{"tag":"TypeApp","contents":[{"tag":"TypeConstructor","contents":[["Prim"],"Function"]},{"tag":"TypeConstructor","contents":[["DOM","File","Blob"],"ByteIdx"]}]},{"tag":"TypeConstructor","contents":[["DOM","File","Blob"],"StartByte"]}]},"edDataCtorFields":[{"Ident":"value0"}]}},{"EDValue":{"edValueName":{"Ident":"idxFromInt"},"edValueType":{"tag":"TypeApp","contents":[{"tag":"TypeApp","contents":[{"tag":"TypeConstructor","contents":[["Prim"],"Function"]},{"tag":"TypeConstructor","contents":[["Prim"],"Int"]}]},{"tag":"TypeConstructor","contents":[["DOM","File","Blob"],"ByteIdx"]}]}}},{"EDValue":{"edValueName":{"Ident":"idxFromNumber"},"edValueType":{"tag":"TypeApp","contents":[{"tag":"TypeApp","contents":[{"tag":"TypeConstructor","contents":[["Prim"],"Function"]},{"tag":"TypeConstructor","contents":[["Prim"],"Number"]}]},{"tag":"TypeConstructor","contents":[["DOM","File","Blob"],"ByteIdx"]}]}}},{"EDValue":{"edValueName":{"Ident":"size"},"edValueType":{"tag":"TypeApp","contents":[{"tag":"TypeApp","contents":[{"tag":"TypeConstructor","contents":[["Prim"],"Function"]},{"tag":"TypeConstructor","contents":[["DOM","File","Types"],"Blob"]}]},{"tag":"TypeConstructor","contents":[["Prim"],"Number"]}]}}},{"EDValue":{"edValueName":{"Ident":"slice"},"edValueType":{"tag":"TypeApp","contents":[{"tag":"TypeApp","contents":[{"tag":"TypeConstructor","contents":[["Prim"],"Function"]},{"tag":"TypeConstructor","contents":[["Data","MediaType"],"MediaType"]}]},{"tag":"TypeApp","contents":[{"tag":"TypeApp","contents":[{"tag":"TypeConstructor","contents":[["Prim"],"Function"]},{"tag":"TypeConstructor","contents":[["DOM","File","Blob"],"StartByte"]}]},{"tag":"TypeApp","contents":[{"tag":"TypeApp","contents":[{"tag":"TypeConstructor","contents":[["Prim"],"Function"]},{"tag":"TypeConstructor","contents":[["DOM","File","Blob"],"EndByte"]}]},{"tag":"TypeApp","contents":[{"tag":"TypeApp","contents":[{"tag":"TypeConstructor","contents":[["Prim"],"Function"]},{"tag":"TypeConstructor","contents":[["DOM","File","Types"],"Blob"]}]},{"tag":"TypeConstructor","contents":[["DOM","File","Types"],"Blob"]}]}]}]}]}}},{"EDValue":{"edValueName":{"Ident":"slice'"},"edValueType":{"tag":"TypeApp","contents":[{"tag":"TypeApp","contents":[{"tag":"TypeConstructor","contents":[["Prim"],"Function"]},{"tag":"TypeConstructor","contents":[["DOM","File","Blob"],"StartByte"]}]},{"tag":"TypeApp","contents":[{"tag":"TypeApp","contents":[{"tag":"TypeConstructor","contents":[["Prim"],"Function"]},{"tag":"TypeConstructor","contents":[["DOM","File","Blob"],"EndByte"]}]},{"tag":"TypeApp","contents":[{"tag":"TypeApp","contents":[{"tag":"TypeConstructor","contents":[["Prim"],"Function"]},{"tag":"TypeConstructor","contents":[["DOM","File","Types"],"Blob"]}]},{"tag":"TypeConstructor","contents":[["DOM","File","Types"],"Blob"]}]}]}]}}},{"EDValue":{"edValueName":{"Ident":"type_"},"edValueType":{"tag":"TypeApp","contents":[{"tag":"TypeApp","contents":[{"tag":"TypeConstructor","contents":[["Prim"],"Function"]},{"tag":"TypeConstructor","contents":[["DOM","File","Types"],"Blob"]}]},{"tag":"TypeApp","contents":[{"tag":"TypeConstructor","contents":[["Data","Maybe"],"Maybe"]},{"tag":"TypeConstructor","contents":[["Data","MediaType"],"MediaType"]}]}]}}}],"efSourceSpan":{"start":[1,1],"name":"/home/dhruv/Final/bower_components/purescript-dom/src/DOM/File/Blob.purs","end":[68,29]}}