{"efVersion":"0.11.6","efModuleName":["DOM","File","FileList"],"efExports":[{"ValueRef":[{"start":[1,1],"name":"/home/dhruv/Final/bower_components/purescript-dom/src/DOM/File/FileList.purs","end":[18,28]},{"Ident":"item"}]},{"ValueRef":[{"start":[1,1],"name":"/home/dhruv/Final/bower_components/purescript-dom/src/DOM/File/FileList.purs","end":[18,28]},{"Ident":"length"}]}],"efImports":[{"eiModule":["Prim"],"eiImportType":{"Implicit":[]},"eiImportedAs":null},{"eiModule":["Prim"],"eiImportType":{"Implicit":[]},"eiImportedAs":["Prim"]},{"eiModule":["Prelude"],"eiImportType":{"Implicit":[]},"eiImportedAs":null},{"eiModule":["Data","Nullable"],"eiImportType":{"Explicit":[{"TypeRef":[{"start":[7,23],"name":"/home/dhruv/Final/bower_components/purescript-dom/src/DOM/File/FileList.purs","end":[7,31]},"Nullable",[]]},{"ValueRef":[{"start":[7,33],"name":"/home/dhruv/Final/bower_components/purescript-dom/src/DOM/File/FileList.purs","end":[7,40]},{"Ident":"toMaybe"}]}]},"eiImportedAs":null},{"eiModule":["Data","Maybe"],"eiImportType":{"Explicit":[{"TypeRef":[{"start":[8,20],"name":"/home/dhruv/Final/bower_components/purescript-dom/src/DOM/File/FileList.purs","end":[8,25]},"Maybe",[]]}]},"eiImportedAs":null},{"eiModule":["DOM","File","Types"],"eiImportType":{"Explicit":[{"TypeRef":[{"start":[9,24],"name":"/home/dhruv/Final/bower_components/purescript-dom/src/DOM/File/FileList.purs","end":[9,32]},"FileList",[]]},{"TypeRef":[{"start":[9,34],"name":"/home/dhruv/Final/bower_components/purescript-dom/src/DOM/File/FileList.purs","end":[9,38]},"File",[]]}]},"eiImportedAs":null}],"efFixities":[],"efTypeFixities":[],"efDeclarations":[{"EDValue":{"edValueName":{"Ident":"item"},"edValueType":{"tag":"TypeApp","contents":[{"tag":"TypeApp","contents":[{"tag":"TypeConstructor","contents":[["Prim"],"Function"]},{"tag":"TypeConstructor","contents":[["Prim"],"Int"]}]},{"tag":"TypeApp","contents":[{"tag":"TypeApp","contents":[{"tag":"TypeConstructor","contents":[["Prim"],"Function"]},{"tag":"TypeConstructor","contents":[["DOM","File","Types"],"FileList"]}]},{"tag":"TypeApp","contents":[{"tag":"TypeConstructor","contents":[["Data","Maybe"],"Maybe"]},{"tag":"TypeConstructor","contents":[["DOM","File","Types"],"File"]}]}]}]}}},{"EDValue":{"edValueName":{"Ident":"length"},"edValueType":{"tag":"TypeApp","contents":[{"tag":"TypeApp","contents":[{"tag":"TypeConstructor","contents":[["Prim"],"Function"]},{"tag":"TypeConstructor","contents":[["DOM","File","Types"],"FileList"]}]},{"tag":"TypeConstructor","contents":[["Prim"],"Int"]}]}}}],"efSourceSpan":{"start":[1,1],"name":"/home/dhruv/Final/bower_components/purescript-dom/src/DOM/File/FileList.purs","end":[18,28]}}