{"efVersion":"0.11.6","efModuleName":["Data","Foreign","Keys"],"efExports":[{"ValueRef":[{"start":[1,1],"name":"/home/dhruv/Final/bower_components/purescript-foreign/src/Data/Foreign/Keys.purs","end":[20,59]},{"Ident":"keys"}]}],"efImports":[{"eiModule":["Prim"],"eiImportType":{"Implicit":[]},"eiImportedAs":null},{"eiModule":["Prim"],"eiImportType":{"Implicit":[]},"eiImportedAs":["Prim"]},{"eiModule":["Prelude"],"eiImportType":{"Implicit":[]},"eiImportedAs":null},{"eiModule":["Data","Foreign"],"eiImportType":{"Explicit":[{"TypeRef":[{"start":[10,22],"name":"/home/dhruv/Final/bower_components/purescript-foreign/src/Data/Foreign/Keys.purs","end":[10,23]},"F",[]]},{"TypeRef":[{"start":[10,25],"name":"/home/dhruv/Final/bower_components/purescript-foreign/src/Data/Foreign/Keys.purs","end":[10,32]},"Foreign",[]]},{"TypeRef":[{"start":[10,34],"name":"/home/dhruv/Final/bower_components/purescript-foreign/src/Data/Foreign/Keys.purs","end":[10,50]},"ForeignError",null]},{"ValueRef":[{"start":[10,52],"name":"/home/dhruv/Final/bower_components/purescript-foreign/src/Data/Foreign/Keys.purs","end":[10,58]},{"Ident":"typeOf"}]},{"ValueRef":[{"start":[10,60],"name":"/home/dhruv/Final/bower_components/purescript-foreign/src/Data/Foreign/Keys.purs","end":[10,71]},{"Ident":"isUndefined"}]},{"ValueRef":[{"start":[10,73],"name":"/home/dhruv/Final/bower_components/purescript-foreign/src/Data/Foreign/Keys.purs","end":[10,79]},{"Ident":"isNull"}]},{"ValueRef":[{"start":[10,81],"name":"/home/dhruv/Final/bower_components/purescript-foreign/src/Data/Foreign/Keys.purs","end":[10,85]},{"Ident":"fail"}]}]},"eiImportedAs":null}],"efFixities":[],"efTypeFixities":[],"efDeclarations":[{"EDValue":{"edValueName":{"Ident":"keys"},"edValueType":{"tag":"TypeApp","contents":[{"tag":"TypeApp","contents":[{"tag":"TypeConstructor","contents":[["Prim"],"Function"]},{"tag":"TypeConstructor","contents":[["Data","Foreign"],"Foreign"]}]},{"tag":"TypeApp","contents":[{"tag":"TypeApp","contents":[{"tag":"TypeApp","contents":[{"tag":"TypeConstructor","contents":[["Control","Monad","Except","Trans"],"ExceptT"]},{"tag":"TypeApp","contents":[{"tag":"TypeConstructor","contents":[["Data","List","Types"],"NonEmptyList"]},{"tag":"TypeConstructor","contents":[["Data","Foreign"],"ForeignError"]}]}]},{"tag":"TypeConstructor","contents":[["Data","Identity"],"Identity"]}]},{"tag":"TypeApp","contents":[{"tag":"TypeConstructor","contents":[["Prim"],"Array"]},{"tag":"TypeConstructor","contents":[["Prim"],"String"]}]}]}]}}}],"efSourceSpan":{"start":[1,1],"name":"/home/dhruv/Final/bower_components/purescript-foreign/src/Data/Foreign/Keys.purs","end":[20,59]}}