{"efVersion":"0.11.6","efModuleName":["Color"],"efExports":[{"TypeRef":[{"start":[1,1],"name":"/home/dhruv/Final/bower_components/purescript-colors/src/Color.purs","end":[610,20]},"Color",[]]},{"TypeRef":[{"start":[1,1],"name":"/home/dhruv/Final/bower_components/purescript-colors/src/Color.purs","end":[610,20]},"ColorSpace",["RGB","HSL","LCh","Lab"]]},{"ValueRef":[{"start":[1,1],"name":"/home/dhruv/Final/bower_components/purescript-colors/src/Color.purs","end":[610,20]},{"Ident":"black"}]},{"ValueRef":[{"start":[1,1],"name":"/home/dhruv/Final/bower_components/purescript-colors/src/Color.purs","end":[610,20]},{"Ident":"brightness"}]},{"ValueRef":[{"start":[1,1],"name":"/home/dhruv/Final/bower_components/purescript-colors/src/Color.purs","end":[610,20]},{"Ident":"complementary"}]},{"ValueRef":[{"start":[1,1],"name":"/home/dhruv/Final/bower_components/purescript-colors/src/Color.purs","end":[610,20]},{"Ident":"contrast"}]},{"ValueRef":[{"start":[1,1],"name":"/home/dhruv/Final/bower_components/purescript-colors/src/Color.purs","end":[610,20]},{"Ident":"cssStringHSLA"}]},{"ValueRef":[{"start":[1,1],"name":"/home/dhruv/Final/bower_components/purescript-colors/src/Color.purs","end":[610,20]},{"Ident":"cssStringRGBA"}]},{"ValueRef":[{"start":[1,1],"name":"/home/dhruv/Final/bower_components/purescript-colors/src/Color.purs","end":[610,20]},{"Ident":"darken"}]},{"ValueRef":[{"start":[1,1],"name":"/home/dhruv/Final/bower_components/purescript-colors/src/Color.purs","end":[610,20]},{"Ident":"desaturate"}]},{"ValueRef":[{"start":[1,1],"name":"/home/dhruv/Final/bower_components/purescript-colors/src/Color.purs","end":[610,20]},{"Ident":"distance"}]},{"ValueRef":[{"start":[1,1],"name":"/home/dhruv/Final/bower_components/purescript-colors/src/Color.purs","end":[610,20]},{"Ident":"fromHexString"}]},{"ValueRef":[{"start":[1,1],"name":"/home/dhruv/Final/bower_components/purescript-colors/src/Color.purs","end":[610,20]},{"Ident":"fromInt"}]},{"ValueRef":[{"start":[1,1],"name":"/home/dhruv/Final/bower_components/purescript-colors/src/Color.purs","end":[610,20]},{"Ident":"graytone"}]},{"ValueRef":[{"start":[1,1],"name":"/home/dhruv/Final/bower_components/purescript-colors/src/Color.purs","end":[610,20]},{"Ident":"hsl"}]},{"ValueRef":[{"start":[1,1],"name":"/home/dhruv/Final/bower_components/purescript-colors/src/Color.purs","end":[610,20]},{"Ident":"hsla"}]},{"ValueRef":[{"start":[1,1],"name":"/home/dhruv/Final/bower_components/purescript-colors/src/Color.purs","end":[610,20]},{"Ident":"hsv"}]},{"ValueRef":[{"start":[1,1],"name":"/home/dhruv/Final/bower_components/purescript-colors/src/Color.purs","end":[610,20]},{"Ident":"hsva"}]},{"ValueRef":[{"start":[1,1],"name":"/home/dhruv/Final/bower_components/purescript-colors/src/Color.purs","end":[610,20]},{"Ident":"isLight"}]},{"ValueRef":[{"start":[1,1],"name":"/home/dhruv/Final/bower_components/purescript-colors/src/Color.purs","end":[610,20]},{"Ident":"isReadable"}]},{"ValueRef":[{"start":[1,1],"name":"/home/dhruv/Final/bower_components/purescript-colors/src/Color.purs","end":[610,20]},{"Ident":"lab"}]},{"ValueRef":[{"start":[1,1],"name":"/home/dhruv/Final/bower_components/purescript-colors/src/Color.purs","end":[610,20]},{"Ident":"lch"}]},{"ValueRef":[{"start":[1,1],"name":"/home/dhruv/Final/bower_components/purescript-colors/src/Color.purs","end":[610,20]},{"Ident":"lighten"}]},{"ValueRef":[{"start":[1,1],"name":"/home/dhruv/Final/bower_components/purescript-colors/src/Color.purs","end":[610,20]},{"Ident":"luminance"}]},{"ValueRef":[{"start":[1,1],"name":"/home/dhruv/Final/bower_components/purescript-colors/src/Color.purs","end":[610,20]},{"Ident":"mix"}]},{"ValueRef":[{"start":[1,1],"name":"/home/dhruv/Final/bower_components/purescript-colors/src/Color.purs","end":[610,20]},{"Ident":"rgb"}]},{"ValueRef":[{"start":[1,1],"name":"/home/dhruv/Final/bower_components/purescript-colors/src/Color.purs","end":[610,20]},{"Ident":"rgb'"}]},{"ValueRef":[{"start":[1,1],"name":"/home/dhruv/Final/bower_components/purescript-colors/src/Color.purs","end":[610,20]},{"Ident":"rgba"}]},{"ValueRef":[{"start":[1,1],"name":"/home/dhruv/Final/bower_components/purescript-colors/src/Color.purs","end":[610,20]},{"Ident":"rgba'"}]},{"ValueRef":[{"start":[1,1],"name":"/home/dhruv/Final/bower_components/purescript-colors/src/Color.purs","end":[610,20]},{"Ident":"rotateHue"}]},{"ValueRef":[{"start":[1,1],"name":"/home/dhruv/Final/bower_components/purescript-colors/src/Color.purs","end":[610,20]},{"Ident":"saturate"}]},{"ValueRef":[{"start":[1,1],"name":"/home/dhruv/Final/bower_components/purescript-colors/src/Color.purs","end":[610,20]},{"Ident":"textColor"}]},{"ValueRef":[{"start":[1,1],"name":"/home/dhruv/Final/bower_components/purescript-colors/src/Color.purs","end":[610,20]},{"Ident":"toGray"}]},{"ValueRef":[{"start":[1,1],"name":"/home/dhruv/Final/bower_components/purescript-colors/src/Color.purs","end":[610,20]},{"Ident":"toHSLA"}]},{"ValueRef":[{"start":[1,1],"name":"/home/dhruv/Final/bower_components/purescript-colors/src/Color.purs","end":[610,20]},{"Ident":"toHSVA"}]},{"ValueRef":[{"start":[1,1],"name":"/home/dhruv/Final/bower_components/purescript-colors/src/Color.purs","end":[610,20]},{"Ident":"toHexString"}]},{"ValueRef":[{"start":[1,1],"name":"/home/dhruv/Final/bower_components/purescript-colors/src/Color.purs","end":[610,20]},{"Ident":"toLCh"}]},{"ValueRef":[{"start":[1,1],"name":"/home/dhruv/Final/bower_components/purescript-colors/src/Color.purs","end":[610,20]},{"Ident":"toLab"}]},{"ValueRef":[{"start":[1,1],"name":"/home/dhruv/Final/bower_components/purescript-colors/src/Color.purs","end":[610,20]},{"Ident":"toRGBA"}]},{"ValueRef":[{"start":[1,1],"name":"/home/dhruv/Final/bower_components/purescript-colors/src/Color.purs","end":[610,20]},{"Ident":"toRGBA'"}]},{"ValueRef":[{"start":[1,1],"name":"/home/dhruv/Final/bower_components/purescript-colors/src/Color.purs","end":[610,20]},{"Ident":"toXYZ"}]},{"ValueRef":[{"start":[1,1],"name":"/home/dhruv/Final/bower_components/purescript-colors/src/Color.purs","end":[610,20]},{"Ident":"white"}]},{"ValueRef":[{"start":[1,1],"name":"/home/dhruv/Final/bower_components/purescript-colors/src/Color.purs","end":[610,20]},{"Ident":"xyz"}]},{"TypeInstanceRef":[{"start":[0,0],"name":"<generated>","end":[0,0]},{"Ident":"showColor"}]},{"TypeInstanceRef":[{"start":[0,0],"name":"<generated>","end":[0,0]},{"Ident":"eqColor"}]}],"efImports":[{"eiModule":["Prim"],"eiImportType":{"Implicit":[]},"eiImportedAs":null},{"eiModule":["Prim"],"eiImportType":{"Implicit":[]},"eiImportedAs":["Prim"]},{"eiModule":["Prelude"],"eiImportType":{"Implicit":[]},"eiImportedAs":null},{"eiModule":["Data","Array"],"eiImportType":{"Explicit":[{"ValueOpRef":[{"start":[69,20],"name":"/home/dhruv/Final/bower_components/purescript-colors/src/Color.purs","end":[69,24]},"!!"]}]},"eiImportedAs":null},{"eiModule":["Data","Either"],"eiImportType":{"Explicit":[{"ValueRef":[{"start":[70,21],"name":"/home/dhruv/Final/bower_components/purescript-colors/src/Color.purs","end":[70,27]},{"Ident":"either"}]}]},"eiImportedAs":null},{"eiModule":["Data","Foldable"],"eiImportType":{"Explicit":[{"ValueRef":[{"start":[71,23],"name":"/home/dhruv/Final/bower_components/purescript-colors/src/Color.purs","end":[71,32]},{"Ident":"minimumBy"}]}]},"eiImportedAs":null},{"eiModule":["Data","Int"],"eiImportType":{"Explicit":[{"ValueRef":[{"start":[72,18],"name":"/home/dhruv/Final/bower_components/purescript-colors/src/Color.purs","end":[72,26]},{"Ident":"toNumber"}]},{"ValueRef":[{"start":[72,28],"name":"/home/dhruv/Final/bower_components/purescript-colors/src/Color.purs","end":[72,33]},{"Ident":"round"}]},{"ValueRef":[{"start":[72,35],"name":"/home/dhruv/Final/bower_components/purescript-colors/src/Color.purs","end":[72,47]},{"Ident":"fromStringAs"}]},{"ValueRef":[{"start":[72,49],"name":"/home/dhruv/Final/bower_components/purescript-colors/src/Color.purs","end":[72,59]},{"Ident":"toStringAs"}]},{"ValueRef":[{"start":[72,61],"name":"/home/dhruv/Final/bower_components/purescript-colors/src/Color.purs","end":[72,72]},{"Ident":"hexadecimal"}]}]},"eiImportedAs":null},{"eiModule":["Data","Int","Bits"],"eiImportType":{"Explicit":[{"ValueOpRef":[{"start":[73,23],"name":"/home/dhruv/Final/bower_components/purescript-colors/src/Color.purs","end":[73,28]},".&."]},{"ValueRef":[{"start":[73,30],"name":"/home/dhruv/Final/bower_components/purescript-colors/src/Color.purs","end":[73,33]},{"Ident":"shr"}]}]},"eiImportedAs":null},{"eiModule":["Data","Maybe"],"eiImportType":{"Explicit":[{"TypeRef":[{"start":[74,20],"name":"/home/dhruv/Final/bower_components/purescript-colors/src/Color.purs","end":[74,29]},"Maybe",null]},{"ValueRef":[{"start":[74,31],"name":"/home/dhruv/Final/bower_components/purescript-colors/src/Color.purs","end":[74,39]},{"Ident":"fromJust"}]},{"ValueRef":[{"start":[74,41],"name":"/home/dhruv/Final/bower_components/purescript-colors/src/Color.purs","end":[74,50]},{"Ident":"fromMaybe"}]}]},"eiImportedAs":null},{"eiModule":["Data","String"],"eiImportType":{"Explicit":[{"ValueRef":[{"start":[75,21],"name":"/home/dhruv/Final/bower_components/purescript-colors/src/Color.purs","end":[75,27]},{"Ident":"length"}]}]},"eiImportedAs":null},{"eiModule":["Data","String","Regex"],"eiImportType":{"Explicit":[{"ValueRef":[{"start":[76,27],"name":"/home/dhruv/Final/bower_components/purescript-colors/src/Color.purs","end":[76,32]},{"Ident":"regex"}]},{"ValueRef":[{"start":[76,34],"name":"/home/dhruv/Final/bower_components/purescript-colors/src/Color.purs","end":[76,44]},{"Ident":"parseFlags"}]},{"ValueRef":[{"start":[76,46],"name":"/home/dhruv/Final/bower_components/purescript-colors/src/Color.purs","end":[76,51]},{"Ident":"match"}]}]},"eiImportedAs":null},{"eiModule":["Math"],"eiImportType":{"Explicit":[{"ValueRef":[{"start":[77,14],"name":"/home/dhruv/Final/bower_components/purescript-colors/src/Color.purs","end":[77,17]},{"Ident":"abs"}]},{"ValueOpRef":[{"start":[77,19],"name":"/home/dhruv/Final/bower_components/purescript-colors/src/Color.purs","end":[77,22]},"%"]},{"ValueRef":[{"start":[77,24],"name":"/home/dhruv/Final/bower_components/purescript-colors/src/Color.purs","end":[77,27]},{"Ident":"pow"}]},{"ValueRef":[{"start":[77,29],"name":"/home/dhruv/Final/bower_components/purescript-colors/src/Color.purs","end":[77,32]},{"Ident":"cos"}]},{"ValueRef":[{"start":[77,34],"name":"/home/dhruv/Final/bower_components/purescript-colors/src/Color.purs","end":[77,37]},{"Ident":"sin"}]},{"ValueRef":[{"start":[77,39],"name":"/home/dhruv/Final/bower_components/purescript-colors/src/Color.purs","end":[77,41]},{"Ident":"pi"}]},{"ValueRef":[{"start":[77,43],"name":"/home/dhruv/Final/bower_components/purescript-colors/src/Color.purs","end":[77,47]},{"Ident":"sqrt"}]},{"ValueRef":[{"start":[77,49],"name":"/home/dhruv/Final/bower_components/purescript-colors/src/Color.purs","end":[77,54]},{"Ident":"atan2"}]}]},"eiImportedAs":null},{"eiModule":["Partial","Unsafe"],"eiImportType":{"Explicit":[{"ValueRef":[{"start":[78,24],"name":"/home/dhruv/Final/bower_components/purescript-colors/src/Color.purs","end":[78,37]},{"Ident":"unsafePartial"}]}]},"eiImportedAs":null}],"efFixities":[],"efTypeFixities":[],"efDeclarations":[{"EDType":{"edTypeName":"Color","edTypeKind":{"tag":"NamedKind","contents":[["Prim"],"Type"]},"edTypeDeclarationKind":{"DataType":{"args":[],"ctors":[["HSLA",[{"tag":"TypeConstructor","contents":[["Prim"],"Number"]},{"tag":"TypeConstructor","contents":[["Prim"],"Number"]},{"tag":"TypeConstructor","contents":[["Prim"],"Number"]},{"tag":"TypeConstructor","contents":[["Prim"],"Number"]}]]]}}}},{"EDType":{"edTypeName":"ColorSpace","edTypeKind":{"tag":"NamedKind","contents":[["Prim"],"Type"]},"edTypeDeclarationKind":{"DataType":{"args":[],"ctors":[["RGB",[]],["HSL",[]],["LCh",[]],["Lab",[]]]}}}},{"EDDataConstructor":{"edDataCtorName":"RGB","edDataCtorOrigin":"data","edDataCtorTypeCtor":"ColorSpace","edDataCtorType":{"tag":"TypeConstructor","contents":[["Color"],"ColorSpace"]},"edDataCtorFields":[]}},{"EDDataConstructor":{"edDataCtorName":"HSL","edDataCtorOrigin":"data","edDataCtorTypeCtor":"ColorSpace","edDataCtorType":{"tag":"TypeConstructor","contents":[["Color"],"ColorSpace"]},"edDataCtorFields":[]}},{"EDDataConstructor":{"edDataCtorName":"LCh","edDataCtorOrigin":"data","edDataCtorTypeCtor":"ColorSpace","edDataCtorType":{"tag":"TypeConstructor","contents":[["Color"],"ColorSpace"]},"edDataCtorFields":[]}},{"EDDataConstructor":{"edDataCtorName":"Lab","edDataCtorOrigin":"data","edDataCtorTypeCtor":"ColorSpace","edDataCtorType":{"tag":"TypeConstructor","contents":[["Color"],"ColorSpace"]},"edDataCtorFields":[]}},{"EDValue":{"edValueName":{"Ident":"black"},"edValueType":{"tag":"TypeConstructor","contents":[["Color"],"Color"]}}},{"EDValue":{"edValueName":{"Ident":"brightness"},"edValueType":{"tag":"TypeApp","contents":[{"tag":"TypeApp","contents":[{"tag":"TypeConstructor","contents":[["Prim"],"Function"]},{"tag":"TypeConstructor","contents":[["Color"],"Color"]}]},{"tag":"TypeConstructor","contents":[["Prim"],"Number"]}]}}},{"EDValue":{"edValueName":{"Ident":"complementary"},"edValueType":{"tag":"TypeApp","contents":[{"tag":"TypeApp","contents":[{"tag":"TypeConstructor","contents":[["Prim"],"Function"]},{"tag":"TypeConstructor","contents":[["Color"],"Color"]}]},{"tag":"TypeConstructor","contents":[["Color"],"Color"]}]}}},{"EDValue":{"edValueName":{"Ident":"contrast"},"edValueType":{"tag":"TypeApp","contents":[{"tag":"TypeApp","contents":[{"tag":"TypeConstructor","contents":[["Prim"],"Function"]},{"tag":"TypeConstructor","contents":[["Color"],"Color"]}]},{"tag":"TypeApp","contents":[{"tag":"TypeApp","contents":[{"tag":"TypeConstructor","contents":[["Prim"],"Function"]},{"tag":"TypeConstructor","contents":[["Color"],"Color"]}]},{"tag":"TypeConstructor","contents":[["Prim"],"Number"]}]}]}}},{"EDValue":{"edValueName":{"Ident":"cssStringHSLA"},"edValueType":{"tag":"TypeApp","contents":[{"tag":"TypeApp","contents":[{"tag":"TypeConstructor","contents":[["Prim"],"Function"]},{"tag":"TypeConstructor","contents":[["Color"],"Color"]}]},{"tag":"TypeConstructor","contents":[["Prim"],"String"]}]}}},{"EDValue":{"edValueName":{"Ident":"cssStringRGBA"},"edValueType":{"tag":"TypeApp","contents":[{"tag":"TypeApp","contents":[{"tag":"TypeConstructor","contents":[["Prim"],"Function"]},{"tag":"TypeConstructor","contents":[["Color"],"Color"]}]},{"tag":"TypeConstructor","contents":[["Prim"],"String"]}]}}},{"EDValue":{"edValueName":{"Ident":"darken"},"edValueType":{"tag":"TypeApp","contents":[{"tag":"TypeApp","contents":[{"tag":"TypeConstructor","contents":[["Prim"],"Function"]},{"tag":"TypeConstructor","contents":[["Prim"],"Number"]}]},{"tag":"TypeApp","contents":[{"tag":"TypeApp","contents":[{"tag":"TypeConstructor","contents":[["Prim"],"Function"]},{"tag":"TypeConstructor","contents":[["Color"],"Color"]}]},{"tag":"TypeConstructor","contents":[["Color"],"Color"]}]}]}}},{"EDValue":{"edValueName":{"Ident":"desaturate"},"edValueType":{"tag":"TypeApp","contents":[{"tag":"TypeApp","contents":[{"tag":"TypeConstructor","contents":[["Prim"],"Function"]},{"tag":"TypeConstructor","contents":[["Prim"],"Number"]}]},{"tag":"TypeApp","contents":[{"tag":"TypeApp","contents":[{"tag":"TypeConstructor","contents":[["Prim"],"Function"]},{"tag":"TypeConstructor","contents":[["Color"],"Color"]}]},{"tag":"TypeConstructor","contents":[["Color"],"Color"]}]}]}}},{"EDValue":{"edValueName":{"Ident":"distance"},"edValueType":{"tag":"TypeApp","contents":[{"tag":"TypeApp","contents":[{"tag":"TypeConstructor","contents":[["Prim"],"Function"]},{"tag":"TypeConstructor","contents":[["Color"],"Color"]}]},{"tag":"TypeApp","contents":[{"tag":"TypeApp","contents":[{"tag":"TypeConstructor","contents":[["Prim"],"Function"]},{"tag":"TypeConstructor","contents":[["Color"],"Color"]}]},{"tag":"TypeConstructor","contents":[["Prim"],"Number"]}]}]}}},{"EDValue":{"edValueName":{"Ident":"fromHexString"},"edValueType":{"tag":"TypeApp","contents":[{"tag":"TypeApp","contents":[{"tag":"TypeConstructor","contents":[["Prim"],"Function"]},{"tag":"TypeConstructor","contents":[["Prim"],"String"]}]},{"tag":"TypeApp","contents":[{"tag":"TypeConstructor","contents":[["Data","Maybe"],"Maybe"]},{"tag":"TypeConstructor","contents":[["Color"],"Color"]}]}]}}},{"EDValue":{"edValueName":{"Ident":"fromInt"},"edValueType":{"tag":"TypeApp","contents":[{"tag":"TypeApp","contents":[{"tag":"TypeConstructor","contents":[["Prim"],"Function"]},{"tag":"TypeConstructor","contents":[["Prim"],"Int"]}]},{"tag":"TypeConstructor","contents":[["Color"],"Color"]}]}}},{"EDValue":{"edValueName":{"Ident":"graytone"},"edValueType":{"tag":"TypeApp","contents":[{"tag":"TypeApp","contents":[{"tag":"TypeConstructor","contents":[["Prim"],"Function"]},{"tag":"TypeConstructor","contents":[["Prim"],"Number"]}]},{"tag":"TypeConstructor","contents":[["Color"],"Color"]}]}}},{"EDValue":{"edValueName":{"Ident":"hsl"},"edValueType":{"tag":"TypeApp","contents":[{"tag":"TypeApp","contents":[{"tag":"TypeConstructor","contents":[["Prim"],"Function"]},{"tag":"TypeConstructor","contents":[["Prim"],"Number"]}]},{"tag":"TypeApp","contents":[{"tag":"TypeApp","contents":[{"tag":"TypeConstructor","contents":[["Prim"],"Function"]},{"tag":"TypeConstructor","contents":[["Prim"],"Number"]}]},{"tag":"TypeApp","contents":[{"tag":"TypeApp","contents":[{"tag":"TypeConstructor","contents":[["Prim"],"Function"]},{"tag":"TypeConstructor","contents":[["Prim"],"Number"]}]},{"tag":"TypeConstructor","contents":[["Color"],"Color"]}]}]}]}}},{"EDValue":{"edValueName":{"Ident":"hsla"},"edValueType":{"tag":"TypeApp","contents":[{"tag":"TypeApp","contents":[{"tag":"TypeConstructor","contents":[["Prim"],"Function"]},{"tag":"TypeConstructor","contents":[["Prim"],"Number"]}]},{"tag":"TypeApp","contents":[{"tag":"TypeApp","contents":[{"tag":"TypeConstructor","contents":[["Prim"],"Function"]},{"tag":"TypeConstructor","contents":[["Prim"],"Number"]}]},{"tag":"TypeApp","contents":[{"tag":"TypeApp","contents":[{"tag":"TypeConstructor","contents":[["Prim"],"Function"]},{"tag":"TypeConstructor","contents":[["Prim"],"Number"]}]},{"tag":"TypeApp","contents":[{"tag":"TypeApp","contents":[{"tag":"TypeConstructor","contents":[["Prim"],"Function"]},{"tag":"TypeConstructor","contents":[["Prim"],"Number"]}]},{"tag":"TypeConstructor","contents":[["Color"],"Color"]}]}]}]}]}}},{"EDValue":{"edValueName":{"Ident":"hsv"},"edValueType":{"tag":"TypeApp","contents":[{"tag":"TypeApp","contents":[{"tag":"TypeConstructor","contents":[["Prim"],"Function"]},{"tag":"TypeConstructor","contents":[["Prim"],"Number"]}]},{"tag":"TypeApp","contents":[{"tag":"TypeApp","contents":[{"tag":"TypeConstructor","contents":[["Prim"],"Function"]},{"tag":"TypeConstructor","contents":[["Prim"],"Number"]}]},{"tag":"TypeApp","contents":[{"tag":"TypeApp","contents":[{"tag":"TypeConstructor","contents":[["Prim"],"Function"]},{"tag":"TypeConstructor","contents":[["Prim"],"Number"]}]},{"tag":"TypeConstructor","contents":[["Color"],"Color"]}]}]}]}}},{"EDValue":{"edValueName":{"Ident":"hsva"},"edValueType":{"tag":"TypeApp","contents":[{"tag":"TypeApp","contents":[{"tag":"TypeConstructor","contents":[["Prim"],"Function"]},{"tag":"TypeConstructor","contents":[["Prim"],"Number"]}]},{"tag":"TypeApp","contents":[{"tag":"TypeApp","contents":[{"tag":"TypeConstructor","contents":[["Prim"],"Function"]},{"tag":"TypeConstructor","contents":[["Prim"],"Number"]}]},{"tag":"TypeApp","contents":[{"tag":"TypeApp","contents":[{"tag":"TypeConstructor","contents":[["Prim"],"Function"]},{"tag":"TypeConstructor","contents":[["Prim"],"Number"]}]},{"tag":"TypeApp","contents":[{"tag":"TypeApp","contents":[{"tag":"TypeConstructor","contents":[["Prim"],"Function"]},{"tag":"TypeConstructor","contents":[["Prim"],"Number"]}]},{"tag":"TypeConstructor","contents":[["Color"],"Color"]}]}]}]}]}}},{"EDValue":{"edValueName":{"Ident":"isLight"},"edValueType":{"tag":"TypeApp","contents":[{"tag":"TypeApp","contents":[{"tag":"TypeConstructor","contents":[["Prim"],"Function"]},{"tag":"TypeConstructor","contents":[["Color"],"Color"]}]},{"tag":"TypeConstructor","contents":[["Prim"],"Boolean"]}]}}},{"EDValue":{"edValueName":{"Ident":"isReadable"},"edValueType":{"tag":"TypeApp","contents":[{"tag":"TypeApp","contents":[{"tag":"TypeConstructor","contents":[["Prim"],"Function"]},{"tag":"TypeConstructor","contents":[["Color"],"Color"]}]},{"tag":"TypeApp","contents":[{"tag":"TypeApp","contents":[{"tag":"TypeConstructor","contents":[["Prim"],"Function"]},{"tag":"TypeConstructor","contents":[["Color"],"Color"]}]},{"tag":"TypeConstructor","contents":[["Prim"],"Boolean"]}]}]}}},{"EDValue":{"edValueName":{"Ident":"lab"},"edValueType":{"tag":"TypeApp","contents":[{"tag":"TypeApp","contents":[{"tag":"TypeConstructor","contents":[["Prim"],"Function"]},{"tag":"TypeConstructor","contents":[["Prim"],"Number"]}]},{"tag":"TypeApp","contents":[{"tag":"TypeApp","contents":[{"tag":"TypeConstructor","contents":[["Prim"],"Function"]},{"tag":"TypeConstructor","contents":[["Prim"],"Number"]}]},{"tag":"TypeApp","contents":[{"tag":"TypeApp","contents":[{"tag":"TypeConstructor","contents":[["Prim"],"Function"]},{"tag":"TypeConstructor","contents":[["Prim"],"Number"]}]},{"tag":"TypeConstructor","contents":[["Color"],"Color"]}]}]}]}}},{"EDValue":{"edValueName":{"Ident":"lch"},"edValueType":{"tag":"TypeApp","contents":[{"tag":"TypeApp","contents":[{"tag":"TypeConstructor","contents":[["Prim"],"Function"]},{"tag":"TypeConstructor","contents":[["Prim"],"Number"]}]},{"tag":"TypeApp","contents":[{"tag":"TypeApp","contents":[{"tag":"TypeConstructor","contents":[["Prim"],"Function"]},{"tag":"TypeConstructor","contents":[["Prim"],"Number"]}]},{"tag":"TypeApp","contents":[{"tag":"TypeApp","contents":[{"tag":"TypeConstructor","contents":[["Prim"],"Function"]},{"tag":"TypeConstructor","contents":[["Prim"],"Number"]}]},{"tag":"TypeConstructor","contents":[["Color"],"Color"]}]}]}]}}},{"EDValue":{"edValueName":{"Ident":"lighten"},"edValueType":{"tag":"TypeApp","contents":[{"tag":"TypeApp","contents":[{"tag":"TypeConstructor","contents":[["Prim"],"Function"]},{"tag":"TypeConstructor","contents":[["Prim"],"Number"]}]},{"tag":"TypeApp","contents":[{"tag":"TypeApp","contents":[{"tag":"TypeConstructor","contents":[["Prim"],"Function"]},{"tag":"TypeConstructor","contents":[["Color"],"Color"]}]},{"tag":"TypeConstructor","contents":[["Color"],"Color"]}]}]}}},{"EDValue":{"edValueName":{"Ident":"luminance"},"edValueType":{"tag":"TypeApp","contents":[{"tag":"TypeApp","contents":[{"tag":"TypeConstructor","contents":[["Prim"],"Function"]},{"tag":"TypeConstructor","contents":[["Color"],"Color"]}]},{"tag":"TypeConstructor","contents":[["Prim"],"Number"]}]}}},{"EDValue":{"edValueName":{"Ident":"mix"},"edValueType":{"tag":"TypeApp","contents":[{"tag":"TypeApp","contents":[{"tag":"TypeConstructor","contents":[["Prim"],"Function"]},{"tag":"TypeConstructor","contents":[["Color"],"ColorSpace"]}]},{"tag":"TypeApp","contents":[{"tag":"TypeApp","contents":[{"tag":"TypeConstructor","contents":[["Prim"],"Function"]},{"tag":"TypeConstructor","contents":[["Color"],"Color"]}]},{"tag":"TypeApp","contents":[{"tag":"TypeApp","contents":[{"tag":"TypeConstructor","contents":[["Prim"],"Function"]},{"tag":"TypeConstructor","contents":[["Color"],"Color"]}]},{"tag":"TypeApp","contents":[{"tag":"TypeApp","contents":[{"tag":"TypeConstructor","contents":[["Prim"],"Function"]},{"tag":"TypeConstructor","contents":[["Prim"],"Number"]}]},{"tag":"TypeConstructor","contents":[["Color"],"Color"]}]}]}]}]}}},{"EDValue":{"edValueName":{"Ident":"rgb"},"edValueType":{"tag":"TypeApp","contents":[{"tag":"TypeApp","contents":[{"tag":"TypeConstructor","contents":[["Prim"],"Function"]},{"tag":"TypeConstructor","contents":[["Prim"],"Int"]}]},{"tag":"TypeApp","contents":[{"tag":"TypeApp","contents":[{"tag":"TypeConstructor","contents":[["Prim"],"Function"]},{"tag":"TypeConstructor","contents":[["Prim"],"Int"]}]},{"tag":"TypeApp","contents":[{"tag":"TypeApp","contents":[{"tag":"TypeConstructor","contents":[["Prim"],"Function"]},{"tag":"TypeConstructor","contents":[["Prim"],"Int"]}]},{"tag":"TypeConstructor","contents":[["Color"],"Color"]}]}]}]}}},{"EDValue":{"edValueName":{"Ident":"rgb'"},"edValueType":{"tag":"TypeApp","contents":[{"tag":"TypeApp","contents":[{"tag":"TypeConstructor","contents":[["Prim"],"Function"]},{"tag":"TypeConstructor","contents":[["Prim"],"Number"]}]},{"tag":"TypeApp","contents":[{"tag":"TypeApp","contents":[{"tag":"TypeConstructor","contents":[["Prim"],"Function"]},{"tag":"TypeConstructor","contents":[["Prim"],"Number"]}]},{"tag":"TypeApp","contents":[{"tag":"TypeApp","contents":[{"tag":"TypeConstructor","contents":[["Prim"],"Function"]},{"tag":"TypeConstructor","contents":[["Prim"],"Number"]}]},{"tag":"TypeConstructor","contents":[["Color"],"Color"]}]}]}]}}},{"EDValue":{"edValueName":{"Ident":"rgba"},"edValueType":{"tag":"TypeApp","contents":[{"tag":"TypeApp","contents":[{"tag":"TypeConstructor","contents":[["Prim"],"Function"]},{"tag":"TypeConstructor","contents":[["Prim"],"Int"]}]},{"tag":"TypeApp","contents":[{"tag":"TypeApp","contents":[{"tag":"TypeConstructor","contents":[["Prim"],"Function"]},{"tag":"TypeConstructor","contents":[["Prim"],"Int"]}]},{"tag":"TypeApp","contents":[{"tag":"TypeApp","contents":[{"tag":"TypeConstructor","contents":[["Prim"],"Function"]},{"tag":"TypeConstructor","contents":[["Prim"],"Int"]}]},{"tag":"TypeApp","contents":[{"tag":"TypeApp","contents":[{"tag":"TypeConstructor","contents":[["Prim"],"Function"]},{"tag":"TypeConstructor","contents":[["Prim"],"Number"]}]},{"tag":"TypeConstructor","contents":[["Color"],"Color"]}]}]}]}]}}},{"EDValue":{"edValueName":{"Ident":"rgba'"},"edValueType":{"tag":"TypeApp","contents":[{"tag":"TypeApp","contents":[{"tag":"TypeConstructor","contents":[["Prim"],"Function"]},{"tag":"TypeConstructor","contents":[["Prim"],"Number"]}]},{"tag":"TypeApp","contents":[{"tag":"TypeApp","contents":[{"tag":"TypeConstructor","contents":[["Prim"],"Function"]},{"tag":"TypeConstructor","contents":[["Prim"],"Number"]}]},{"tag":"TypeApp","contents":[{"tag":"TypeApp","contents":[{"tag":"TypeConstructor","contents":[["Prim"],"Function"]},{"tag":"TypeConstructor","contents":[["Prim"],"Number"]}]},{"tag":"TypeApp","contents":[{"tag":"TypeApp","contents":[{"tag":"TypeConstructor","contents":[["Prim"],"Function"]},{"tag":"TypeConstructor","contents":[["Prim"],"Number"]}]},{"tag":"TypeConstructor","contents":[["Color"],"Color"]}]}]}]}]}}},{"EDValue":{"edValueName":{"Ident":"rotateHue"},"edValueType":{"tag":"TypeApp","contents":[{"tag":"TypeApp","contents":[{"tag":"TypeConstructor","contents":[["Prim"],"Function"]},{"tag":"TypeConstructor","contents":[["Prim"],"Number"]}]},{"tag":"TypeApp","contents":[{"tag":"TypeApp","contents":[{"tag":"TypeConstructor","contents":[["Prim"],"Function"]},{"tag":"TypeConstructor","contents":[["Color"],"Color"]}]},{"tag":"TypeConstructor","contents":[["Color"],"Color"]}]}]}}},{"EDValue":{"edValueName":{"Ident":"saturate"},"edValueType":{"tag":"TypeApp","contents":[{"tag":"TypeApp","contents":[{"tag":"TypeConstructor","contents":[["Prim"],"Function"]},{"tag":"TypeConstructor","contents":[["Prim"],"Number"]}]},{"tag":"TypeApp","contents":[{"tag":"TypeApp","contents":[{"tag":"TypeConstructor","contents":[["Prim"],"Function"]},{"tag":"TypeConstructor","contents":[["Color"],"Color"]}]},{"tag":"TypeConstructor","contents":[["Color"],"Color"]}]}]}}},{"EDValue":{"edValueName":{"Ident":"textColor"},"edValueType":{"tag":"TypeApp","contents":[{"tag":"TypeApp","contents":[{"tag":"TypeConstructor","contents":[["Prim"],"Function"]},{"tag":"TypeConstructor","contents":[["Color"],"Color"]}]},{"tag":"TypeConstructor","contents":[["Color"],"Color"]}]}}},{"EDValue":{"edValueName":{"Ident":"toGray"},"edValueType":{"tag":"TypeApp","contents":[{"tag":"TypeApp","contents":[{"tag":"TypeConstructor","contents":[["Prim"],"Function"]},{"tag":"TypeConstructor","contents":[["Color"],"Color"]}]},{"tag":"TypeConstructor","contents":[["Color"],"Color"]}]}}},{"EDValue":{"edValueName":{"Ident":"toHSLA"},"edValueType":{"tag":"TypeApp","contents":[{"tag":"TypeApp","contents":[{"tag":"TypeConstructor","contents":[["Prim"],"Function"]},{"tag":"TypeConstructor","contents":[["Color"],"Color"]}]},{"tag":"TypeApp","contents":[{"tag":"TypeConstructor","contents":[["Prim"],"Record"]},{"tag":"RCons","contents":["h",{"tag":"TypeConstructor","contents":[["Prim"],"Number"]},{"tag":"RCons","contents":["s",{"tag":"TypeConstructor","contents":[["Prim"],"Number"]},{"tag":"RCons","contents":["l",{"tag":"TypeConstructor","contents":[["Prim"],"Number"]},{"tag":"RCons","contents":["a",{"tag":"TypeConstructor","contents":[["Prim"],"Number"]},{"tag":"REmpty"}]}]}]}]}]}]}}},{"EDValue":{"edValueName":{"Ident":"toHSVA"},"edValueType":{"tag":"TypeApp","contents":[{"tag":"TypeApp","contents":[{"tag":"TypeConstructor","contents":[["Prim"],"Function"]},{"tag":"TypeConstructor","contents":[["Color"],"Color"]}]},{"tag":"TypeApp","contents":[{"tag":"TypeConstructor","contents":[["Prim"],"Record"]},{"tag":"RCons","contents":["h",{"tag":"TypeConstructor","contents":[["Prim"],"Number"]},{"tag":"RCons","contents":["s",{"tag":"TypeConstructor","contents":[["Prim"],"Number"]},{"tag":"RCons","contents":["v",{"tag":"TypeConstructor","contents":[["Prim"],"Number"]},{"tag":"RCons","contents":["a",{"tag":"TypeConstructor","contents":[["Prim"],"Number"]},{"tag":"REmpty"}]}]}]}]}]}]}}},{"EDValue":{"edValueName":{"Ident":"toHexString"},"edValueType":{"tag":"TypeApp","contents":[{"tag":"TypeApp","contents":[{"tag":"TypeConstructor","contents":[["Prim"],"Function"]},{"tag":"TypeConstructor","contents":[["Color"],"Color"]}]},{"tag":"TypeConstructor","contents":[["Prim"],"String"]}]}}},{"EDValue":{"edValueName":{"Ident":"toLCh"},"edValueType":{"tag":"TypeApp","contents":[{"tag":"TypeApp","contents":[{"tag":"TypeConstructor","contents":[["Prim"],"Function"]},{"tag":"TypeConstructor","contents":[["Color"],"Color"]}]},{"tag":"TypeApp","contents":[{"tag":"TypeConstructor","contents":[["Prim"],"Record"]},{"tag":"RCons","contents":["l",{"tag":"TypeConstructor","contents":[["Prim"],"Number"]},{"tag":"RCons","contents":["c",{"tag":"TypeConstructor","contents":[["Prim"],"Number"]},{"tag":"RCons","contents":["h",{"tag":"TypeConstructor","contents":[["Prim"],"Number"]},{"tag":"REmpty"}]}]}]}]}]}}},{"EDValue":{"edValueName":{"Ident":"toLab"},"edValueType":{"tag":"TypeApp","contents":[{"tag":"TypeApp","contents":[{"tag":"TypeConstructor","contents":[["Prim"],"Function"]},{"tag":"TypeConstructor","contents":[["Color"],"Color"]}]},{"tag":"TypeApp","contents":[{"tag":"TypeConstructor","contents":[["Prim"],"Record"]},{"tag":"RCons","contents":["l",{"tag":"TypeConstructor","contents":[["Prim"],"Number"]},{"tag":"RCons","contents":["a",{"tag":"TypeConstructor","contents":[["Prim"],"Number"]},{"tag":"RCons","contents":["b",{"tag":"TypeConstructor","contents":[["Prim"],"Number"]},{"tag":"REmpty"}]}]}]}]}]}}},{"EDValue":{"edValueName":{"Ident":"toRGBA"},"edValueType":{"tag":"TypeApp","contents":[{"tag":"TypeApp","contents":[{"tag":"TypeConstructor","contents":[["Prim"],"Function"]},{"tag":"TypeConstructor","contents":[["Color"],"Color"]}]},{"tag":"TypeApp","contents":[{"tag":"TypeConstructor","contents":[["Prim"],"Record"]},{"tag":"RCons","contents":["r",{"tag":"TypeConstructor","contents":[["Prim"],"Int"]},{"tag":"RCons","contents":["g",{"tag":"TypeConstructor","contents":[["Prim"],"Int"]},{"tag":"RCons","contents":["b",{"tag":"TypeConstructor","contents":[["Prim"],"Int"]},{"tag":"RCons","contents":["a",{"tag":"TypeConstructor","contents":[["Prim"],"Number"]},{"tag":"REmpty"}]}]}]}]}]}]}}},{"EDValue":{"edValueName":{"Ident":"toRGBA'"},"edValueType":{"tag":"TypeApp","contents":[{"tag":"TypeApp","contents":[{"tag":"TypeConstructor","contents":[["Prim"],"Function"]},{"tag":"TypeConstructor","contents":[["Color"],"Color"]}]},{"tag":"TypeApp","contents":[{"tag":"TypeConstructor","contents":[["Prim"],"Record"]},{"tag":"RCons","contents":["r",{"tag":"TypeConstructor","contents":[["Prim"],"Number"]},{"tag":"RCons","contents":["g",{"tag":"TypeConstructor","contents":[["Prim"],"Number"]},{"tag":"RCons","contents":["b",{"tag":"TypeConstructor","contents":[["Prim"],"Number"]},{"tag":"RCons","contents":["a",{"tag":"TypeConstructor","contents":[["Prim"],"Number"]},{"tag":"REmpty"}]}]}]}]}]}]}}},{"EDValue":{"edValueName":{"Ident":"toXYZ"},"edValueType":{"tag":"TypeApp","contents":[{"tag":"TypeApp","contents":[{"tag":"TypeConstructor","contents":[["Prim"],"Function"]},{"tag":"TypeConstructor","contents":[["Color"],"Color"]}]},{"tag":"TypeApp","contents":[{"tag":"TypeConstructor","contents":[["Prim"],"Record"]},{"tag":"RCons","contents":["x",{"tag":"TypeConstructor","contents":[["Prim"],"Number"]},{"tag":"RCons","contents":["y",{"tag":"TypeConstructor","contents":[["Prim"],"Number"]},{"tag":"RCons","contents":["z",{"tag":"TypeConstructor","contents":[["Prim"],"Number"]},{"tag":"REmpty"}]}]}]}]}]}}},{"EDValue":{"edValueName":{"Ident":"white"},"edValueType":{"tag":"TypeConstructor","contents":[["Color"],"Color"]}}},{"EDValue":{"edValueName":{"Ident":"xyz"},"edValueType":{"tag":"TypeApp","contents":[{"tag":"TypeApp","contents":[{"tag":"TypeConstructor","contents":[["Prim"],"Function"]},{"tag":"TypeConstructor","contents":[["Prim"],"Number"]}]},{"tag":"TypeApp","contents":[{"tag":"TypeApp","contents":[{"tag":"TypeConstructor","contents":[["Prim"],"Function"]},{"tag":"TypeConstructor","contents":[["Prim"],"Number"]}]},{"tag":"TypeApp","contents":[{"tag":"TypeApp","contents":[{"tag":"TypeConstructor","contents":[["Prim"],"Function"]},{"tag":"TypeConstructor","contents":[["Prim"],"Number"]}]},{"tag":"TypeConstructor","contents":[["Color"],"Color"]}]}]}]}}},{"EDInstance":{"edInstanceClassName":[["Data","Show"],"Show"],"edInstanceName":{"Ident":"showColor"},"edInstanceTypes":[{"tag":"TypeConstructor","contents":[["Color"],"Color"]}],"edInstanceConstraints":[]}},{"EDInstance":{"edInstanceClassName":[["Data","Eq"],"Eq"],"edInstanceName":{"Ident":"eqColor"},"edInstanceTypes":[{"tag":"TypeConstructor","contents":[["Color"],"Color"]}],"edInstanceConstraints":[]}}],"efSourceSpan":{"start":[1,1],"name":"/home/dhruv/Final/bower_components/purescript-colors/src/Color.purs","end":[610,20]}}