{"efVersion":"0.11.6","efModuleName":["Data","StrMap","ST"],"efExports":[{"TypeRef":[{"start":[1,1],"name":"/home/dhruv/Final/bower_components/purescript-maps/src/Data/StrMap/ST.purs","end":[37,100]},"STStrMap",[]]},{"ValueRef":[{"start":[1,1],"name":"/home/dhruv/Final/bower_components/purescript-maps/src/Data/StrMap/ST.purs","end":[37,100]},{"Ident":"delete"}]},{"ValueRef":[{"start":[1,1],"name":"/home/dhruv/Final/bower_components/purescript-maps/src/Data/StrMap/ST.purs","end":[37,100]},{"Ident":"new"}]},{"ValueRef":[{"start":[1,1],"name":"/home/dhruv/Final/bower_components/purescript-maps/src/Data/StrMap/ST.purs","end":[37,100]},{"Ident":"peek"}]},{"ValueRef":[{"start":[1,1],"name":"/home/dhruv/Final/bower_components/purescript-maps/src/Data/StrMap/ST.purs","end":[37,100]},{"Ident":"poke"}]}],"efImports":[{"eiModule":["Prim"],"eiImportType":{"Implicit":[]},"eiImportedAs":null},{"eiModule":["Prim"],"eiImportType":{"Implicit":[]},"eiImportedAs":["Prim"]},{"eiModule":["Control","Monad","Eff"],"eiImportType":{"Explicit":[{"TypeRef":[{"start":[13,27],"name":"/home/dhruv/Final/bower_components/purescript-maps/src/Data/StrMap/ST.purs","end":[13,30]},"Eff",[]]}]},"eiImportedAs":null},{"eiModule":["Control","Monad","ST"],"eiImportType":{"Explicit":[{"TypeRef":[{"start":[14,26],"name":"/home/dhruv/Final/bower_components/purescript-maps/src/Data/StrMap/ST.purs","end":[14,28]},"ST",[]]}]},"eiImportedAs":null},{"eiModule":["Data","Maybe"],"eiImportType":{"Explicit":[{"TypeRef":[{"start":[15,20],"name":"/home/dhruv/Final/bower_components/purescript-maps/src/Data/StrMap/ST.purs","end":[15,29]},"Maybe",null]}]},"eiImportedAs":null}],"efFixities":[],"efTypeFixities":[],"efDeclarations":[{"EDType":{"edTypeName":"STStrMap","edTypeKind":{"tag":"FunKind","contents":[{"tag":"NamedKind","contents":[["Prim"],"Type"]},{"tag":"FunKind","contents":[{"tag":"NamedKind","contents":[["Prim"],"Type"]},{"tag":"NamedKind","contents":[["Prim"],"Type"]}]}]},"edTypeDeclarationKind":"ExternData"}},{"EDValue":{"edValueName":{"Ident":"delete"},"edValueType":{"tag":"ForAll","contents":["r",{"tag":"ForAll","contents":["h",{"tag":"ForAll","contents":["a",{"tag":"TypeApp","contents":[{"tag":"TypeApp","contents":[{"tag":"TypeConstructor","contents":[["Prim"],"Function"]},{"tag":"TypeApp","contents":[{"tag":"TypeApp","contents":[{"tag":"TypeConstructor","contents":[["Data","StrMap","ST"],"STStrMap"]},{"tag":"TypeVar","contents":"h"}]},{"tag":"TypeVar","contents":"a"}]}]},{"tag":"TypeApp","contents":[{"tag":"TypeApp","contents":[{"tag":"TypeConstructor","contents":[["Prim"],"Function"]},{"tag":"TypeConstructor","contents":[["Prim"],"String"]}]},{"tag":"TypeApp","contents":[{"tag":"TypeApp","contents":[{"tag":"TypeConstructor","contents":[["Control","Monad","Eff"],"Eff"]},{"tag":"RCons","contents":["st",{"tag":"TypeApp","contents":[{"tag":"TypeConstructor","contents":[["Control","Monad","ST"],"ST"]},{"tag":"TypeVar","contents":"h"}]},{"tag":"TypeVar","contents":"r"}]}]},{"tag":"TypeApp","contents":[{"tag":"TypeApp","contents":[{"tag":"TypeConstructor","contents":[["Data","StrMap","ST"],"STStrMap"]},{"tag":"TypeVar","contents":"h"}]},{"tag":"TypeVar","contents":"a"}]}]}]}]},null]},null]},null]}}},{"EDValue":{"edValueName":{"Ident":"new"},"edValueType":{"tag":"ForAll","contents":["r",{"tag":"ForAll","contents":["h",{"tag":"ForAll","contents":["a",{"tag":"TypeApp","contents":[{"tag":"TypeApp","contents":[{"tag":"TypeConstructor","contents":[["Control","Monad","Eff"],"Eff"]},{"tag":"RCons","contents":["st",{"tag":"TypeApp","contents":[{"tag":"TypeConstructor","contents":[["Control","Monad","ST"],"ST"]},{"tag":"TypeVar","contents":"h"}]},{"tag":"TypeVar","contents":"r"}]}]},{"tag":"TypeApp","contents":[{"tag":"TypeApp","contents":[{"tag":"TypeConstructor","contents":[["Data","StrMap","ST"],"STStrMap"]},{"tag":"TypeVar","contents":"h"}]},{"tag":"TypeVar","contents":"a"}]}]},null]},null]},null]}}},{"EDValue":{"edValueName":{"Ident":"peek"},"edValueType":{"tag":"ForAll","contents":["r",{"tag":"ForAll","contents":["h",{"tag":"ForAll","contents":["a",{"tag":"TypeApp","contents":[{"tag":"TypeApp","contents":[{"tag":"TypeConstructor","contents":[["Prim"],"Function"]},{"tag":"TypeApp","contents":[{"tag":"TypeApp","contents":[{"tag":"TypeConstructor","contents":[["Data","StrMap","ST"],"STStrMap"]},{"tag":"TypeVar","contents":"h"}]},{"tag":"TypeVar","contents":"a"}]}]},{"tag":"TypeApp","contents":[{"tag":"TypeApp","contents":[{"tag":"TypeConstructor","contents":[["Prim"],"Function"]},{"tag":"TypeConstructor","contents":[["Prim"],"String"]}]},{"tag":"TypeApp","contents":[{"tag":"TypeApp","contents":[{"tag":"TypeConstructor","contents":[["Control","Monad","Eff"],"Eff"]},{"tag":"RCons","contents":["st",{"tag":"TypeApp","contents":[{"tag":"TypeConstructor","contents":[["Control","Monad","ST"],"ST"]},{"tag":"TypeVar","contents":"h"}]},{"tag":"TypeVar","contents":"r"}]}]},{"tag":"TypeApp","contents":[{"tag":"TypeConstructor","contents":[["Data","Maybe"],"Maybe"]},{"tag":"TypeVar","contents":"a"}]}]}]}]},0]},1]},2]}}},{"EDValue":{"edValueName":{"Ident":"poke"},"edValueType":{"tag":"ForAll","contents":["r",{"tag":"ForAll","contents":["h",{"tag":"ForAll","contents":["a",{"tag":"TypeApp","contents":[{"tag":"TypeApp","contents":[{"tag":"TypeConstructor","contents":[["Prim"],"Function"]},{"tag":"TypeApp","contents":[{"tag":"TypeApp","contents":[{"tag":"TypeConstructor","contents":[["Data","StrMap","ST"],"STStrMap"]},{"tag":"TypeVar","contents":"h"}]},{"tag":"TypeVar","contents":"a"}]}]},{"tag":"TypeApp","contents":[{"tag":"TypeApp","contents":[{"tag":"TypeConstructor","contents":[["Prim"],"Function"]},{"tag":"TypeConstructor","contents":[["Prim"],"String"]}]},{"tag":"TypeApp","contents":[{"tag":"TypeApp","contents":[{"tag":"TypeConstructor","contents":[["Prim"],"Function"]},{"tag":"TypeVar","contents":"a"}]},{"tag":"TypeApp","contents":[{"tag":"TypeApp","contents":[{"tag":"TypeConstructor","contents":[["Control","Monad","Eff"],"Eff"]},{"tag":"RCons","contents":["st",{"tag":"TypeApp","contents":[{"tag":"TypeConstructor","contents":[["Control","Monad","ST"],"ST"]},{"tag":"TypeVar","contents":"h"}]},{"tag":"TypeVar","contents":"r"}]}]},{"tag":"TypeApp","contents":[{"tag":"TypeApp","contents":[{"tag":"TypeConstructor","contents":[["Data","StrMap","ST"],"STStrMap"]},{"tag":"TypeVar","contents":"h"}]},{"tag":"TypeVar","contents":"a"}]}]}]}]}]},null]},null]},null]}}}],"efSourceSpan":{"start":[1,1],"name":"/home/dhruv/Final/bower_components/purescript-maps/src/Data/StrMap/ST.purs","end":[37,100]}}