{"efVersion":"0.11.6","efModuleName":["DOM","Event","Event"],"efExports":[{"ReExportRef":[{"start":[1,1],"name":"/home/dhruv/Final/bower_components/purescript-dom/src/DOM/Event/Event.purs","end":[64,38]},["DOM","Event","Types"],{"TypeRef":[{"start":[1,1],"name":"/home/dhruv/Final/bower_components/purescript-dom/src/DOM/Event/Event.purs","end":[64,38]},"Event",[]]}]},{"ValueRef":[{"start":[1,1],"name":"/home/dhruv/Final/bower_components/purescript-dom/src/DOM/Event/Event.purs","end":[64,38]},{"Ident":"bubbles"}]},{"ValueRef":[{"start":[1,1],"name":"/home/dhruv/Final/bower_components/purescript-dom/src/DOM/Event/Event.purs","end":[64,38]},{"Ident":"cancelable"}]},{"ValueRef":[{"start":[1,1],"name":"/home/dhruv/Final/bower_components/purescript-dom/src/DOM/Event/Event.purs","end":[64,38]},{"Ident":"currentTarget"}]},{"ValueRef":[{"start":[1,1],"name":"/home/dhruv/Final/bower_components/purescript-dom/src/DOM/Event/Event.purs","end":[64,38]},{"Ident":"defaultPrevented"}]},{"ValueRef":[{"start":[1,1],"name":"/home/dhruv/Final/bower_components/purescript-dom/src/DOM/Event/Event.purs","end":[64,38]},{"Ident":"eventPhase"}]},{"ValueRef":[{"start":[1,1],"name":"/home/dhruv/Final/bower_components/purescript-dom/src/DOM/Event/Event.purs","end":[64,38]},{"Ident":"eventPhaseIndex"}]},{"ValueRef":[{"start":[1,1],"name":"/home/dhruv/Final/bower_components/purescript-dom/src/DOM/Event/Event.purs","end":[64,38]},{"Ident":"preventDefault"}]},{"ValueRef":[{"start":[1,1],"name":"/home/dhruv/Final/bower_components/purescript-dom/src/DOM/Event/Event.purs","end":[64,38]},{"Ident":"stopImmediatePropagation"}]},{"ValueRef":[{"start":[1,1],"name":"/home/dhruv/Final/bower_components/purescript-dom/src/DOM/Event/Event.purs","end":[64,38]},{"Ident":"stopPropagation"}]},{"ValueRef":[{"start":[1,1],"name":"/home/dhruv/Final/bower_components/purescript-dom/src/DOM/Event/Event.purs","end":[64,38]},{"Ident":"target"}]},{"ValueRef":[{"start":[1,1],"name":"/home/dhruv/Final/bower_components/purescript-dom/src/DOM/Event/Event.purs","end":[64,38]},{"Ident":"timeStamp"}]},{"ValueRef":[{"start":[1,1],"name":"/home/dhruv/Final/bower_components/purescript-dom/src/DOM/Event/Event.purs","end":[64,38]},{"Ident":"type_"}]},{"ModuleRef":[{"start":[2,5],"name":"/home/dhruv/Final/bower_components/purescript-dom/src/DOM/Event/Event.purs","end":[2,27]},["DOM","Event","Event"]]},{"ModuleRef":[{"start":[3,5],"name":"/home/dhruv/Final/bower_components/purescript-dom/src/DOM/Event/Event.purs","end":[3,13]},["T"]]}],"efImports":[{"eiModule":["Prim"],"eiImportType":{"Implicit":[]},"eiImportedAs":null},{"eiModule":["Prim"],"eiImportType":{"Implicit":[]},"eiImportedAs":["Prim"]},{"eiModule":["Prelude"],"eiImportType":{"Implicit":[]},"eiImportedAs":null},{"eiModule":["Control","Monad","Eff"],"eiImportType":{"Explicit":[{"TypeRef":[{"start":[7,27],"name":"/home/dhruv/Final/bower_components/purescript-dom/src/DOM/Event/Event.purs","end":[7,30]},"Eff",[]]}]},"eiImportedAs":null},{"eiModule":["Data","Enum"],"eiImportType":{"Explicit":[{"ValueRef":[{"start":[8,19],"name":"/home/dhruv/Final/bower_components/purescript-dom/src/DOM/Event/Event.purs","end":[8,25]},{"Ident":"toEnum"}]}]},"eiImportedAs":null},{"eiModule":["Data","Maybe"],"eiImportType":{"Explicit":[{"ValueRef":[{"start":[9,20],"name":"/home/dhruv/Final/bower_components/purescript-dom/src/DOM/Event/Event.purs","end":[9,28]},{"Ident":"fromJust"}]}]},"eiImportedAs":null},{"eiModule":["DOM"],"eiImportType":{"Explicit":[{"TypeRef":[{"start":[10,13],"name":"/home/dhruv/Final/bower_components/purescript-dom/src/DOM/Event/Event.purs","end":[10,16]},"DOM",[]]}]},"eiImportedAs":null},{"eiModule":["DOM","Event","EventPhase"],"eiImportType":{"Explicit":[{"TypeRef":[{"start":[11,30],"name":"/home/dhruv/Final/bower_components/purescript-dom/src/DOM/Event/Event.purs","end":[11,40]},"EventPhase",[]]}]},"eiImportedAs":null},{"eiModule":["DOM","Event","Types"],"eiImportType":{"Explicit":[{"TypeRef":[{"start":[12,25],"name":"/home/dhruv/Final/bower_components/purescript-dom/src/DOM/Event/Event.purs","end":[12,30]},"Event",[]]},{"TypeRef":[{"start":[12,32],"name":"/home/dhruv/Final/bower_components/purescript-dom/src/DOM/Event/Event.purs","end":[12,41]},"EventType",[]]}]},"eiImportedAs":null},{"eiModule":["DOM","Event","Types"],"eiImportType":{"Explicit":[{"TypeRef":[{"start":[13,25],"name":"/home/dhruv/Final/bower_components/purescript-dom/src/DOM/Event/Event.purs","end":[13,30]},"Event",[]]}]},"eiImportedAs":["T"]},{"eiModule":["DOM","Node","Types"],"eiImportType":{"Explicit":[{"TypeRef":[{"start":[14,24],"name":"/home/dhruv/Final/bower_components/purescript-dom/src/DOM/Event/Event.purs","end":[14,28]},"Node",[]]}]},"eiImportedAs":null}],"efFixities":[],"efTypeFixities":[],"efDeclarations":[{"EDValue":{"edValueName":{"Ident":"bubbles"},"edValueType":{"tag":"TypeApp","contents":[{"tag":"TypeApp","contents":[{"tag":"TypeConstructor","contents":[["Prim"],"Function"]},{"tag":"TypeConstructor","contents":[["DOM","Event","Types"],"Event"]}]},{"tag":"TypeConstructor","contents":[["Prim"],"Boolean"]}]}}},{"EDValue":{"edValueName":{"Ident":"cancelable"},"edValueType":{"tag":"TypeApp","contents":[{"tag":"TypeApp","contents":[{"tag":"TypeConstructor","contents":[["Prim"],"Function"]},{"tag":"TypeConstructor","contents":[["DOM","Event","Types"],"Event"]}]},{"tag":"TypeConstructor","contents":[["Prim"],"Boolean"]}]}}},{"EDValue":{"edValueName":{"Ident":"currentTarget"},"edValueType":{"tag":"TypeApp","contents":[{"tag":"TypeApp","contents":[{"tag":"TypeConstructor","contents":[["Prim"],"Function"]},{"tag":"TypeConstructor","contents":[["DOM","Event","Types"],"Event"]}]},{"tag":"TypeConstructor","contents":[["DOM","Node","Types"],"Node"]}]}}},{"EDValue":{"edValueName":{"Ident":"defaultPrevented"},"edValueType":{"tag":"TypeApp","contents":[{"tag":"TypeApp","contents":[{"tag":"TypeConstructor","contents":[["Prim"],"Function"]},{"tag":"TypeConstructor","contents":[["DOM","Event","Types"],"Event"]}]},{"tag":"TypeConstructor","contents":[["Prim"],"Boolean"]}]}}},{"EDValue":{"edValueName":{"Ident":"eventPhase"},"edValueType":{"tag":"ConstrainedType","contents":[{"constraintClass":[["Prim"],"Partial"],"constraintArgs":[],"constraintData":null},{"tag":"TypeApp","contents":[{"tag":"TypeApp","contents":[{"tag":"TypeConstructor","contents":[["Prim"],"Function"]},{"tag":"TypeConstructor","contents":[["DOM","Event","Types"],"Event"]}]},{"tag":"TypeConstructor","contents":[["DOM","Event","EventPhase"],"EventPhase"]}]}]}}},{"EDValue":{"edValueName":{"Ident":"eventPhaseIndex"},"edValueType":{"tag":"TypeApp","contents":[{"tag":"TypeApp","contents":[{"tag":"TypeConstructor","contents":[["Prim"],"Function"]},{"tag":"TypeConstructor","contents":[["DOM","Event","Types"],"Event"]}]},{"tag":"TypeConstructor","contents":[["Prim"],"Int"]}]}}},{"EDValue":{"edValueName":{"Ident":"preventDefault"},"edValueType":{"tag":"ForAll","contents":["eff",{"tag":"TypeApp","contents":[{"tag":"TypeApp","contents":[{"tag":"TypeConstructor","contents":[["Prim"],"Function"]},{"tag":"TypeConstructor","contents":[["DOM","Event","Types"],"Event"]}]},{"tag":"TypeApp","contents":[{"tag":"TypeApp","contents":[{"tag":"TypeConstructor","contents":[["Control","Monad","Eff"],"Eff"]},{"tag":"RCons","contents":["dom",{"tag":"TypeConstructor","contents":[["DOM"],"DOM"]},{"tag":"TypeVar","contents":"eff"}]}]},{"tag":"TypeConstructor","contents":[["Data","Unit"],"Unit"]}]}]},null]}}},{"EDValue":{"edValueName":{"Ident":"stopImmediatePropagation"},"edValueType":{"tag":"ForAll","contents":["eff",{"tag":"TypeApp","contents":[{"tag":"TypeApp","contents":[{"tag":"TypeConstructor","contents":[["Prim"],"Function"]},{"tag":"TypeConstructor","contents":[["DOM","Event","Types"],"Event"]}]},{"tag":"TypeApp","contents":[{"tag":"TypeApp","contents":[{"tag":"TypeConstructor","contents":[["Control","Monad","Eff"],"Eff"]},{"tag":"RCons","contents":["dom",{"tag":"TypeConstructor","contents":[["DOM"],"DOM"]},{"tag":"TypeVar","contents":"eff"}]}]},{"tag":"TypeConstructor","contents":[["Data","Unit"],"Unit"]}]}]},null]}}},{"EDValue":{"edValueName":{"Ident":"stopPropagation"},"edValueType":{"tag":"ForAll","contents":["eff",{"tag":"TypeApp","contents":[{"tag":"TypeApp","contents":[{"tag":"TypeConstructor","contents":[["Prim"],"Function"]},{"tag":"TypeConstructor","contents":[["DOM","Event","Types"],"Event"]}]},{"tag":"TypeApp","contents":[{"tag":"TypeApp","contents":[{"tag":"TypeConstructor","contents":[["Control","Monad","Eff"],"Eff"]},{"tag":"RCons","contents":["dom",{"tag":"TypeConstructor","contents":[["DOM"],"DOM"]},{"tag":"TypeVar","contents":"eff"}]}]},{"tag":"TypeConstructor","contents":[["Data","Unit"],"Unit"]}]}]},null]}}},{"EDValue":{"edValueName":{"Ident":"target"},"edValueType":{"tag":"TypeApp","contents":[{"tag":"TypeApp","contents":[{"tag":"TypeConstructor","contents":[["Prim"],"Function"]},{"tag":"TypeConstructor","contents":[["DOM","Event","Types"],"Event"]}]},{"tag":"TypeConstructor","contents":[["DOM","Node","Types"],"Node"]}]}}},{"EDValue":{"edValueName":{"Ident":"timeStamp"},"edValueType":{"tag":"TypeApp","contents":[{"tag":"TypeApp","contents":[{"tag":"TypeConstructor","contents":[["Prim"],"Function"]},{"tag":"TypeConstructor","contents":[["DOM","Event","Types"],"Event"]}]},{"tag":"TypeConstructor","contents":[["Prim"],"Number"]}]}}},{"EDValue":{"edValueName":{"Ident":"type_"},"edValueType":{"tag":"TypeApp","contents":[{"tag":"TypeApp","contents":[{"tag":"TypeConstructor","contents":[["Prim"],"Function"]},{"tag":"TypeConstructor","contents":[["DOM","Event","Types"],"Event"]}]},{"tag":"TypeConstructor","contents":[["DOM","Event","Types"],"EventType"]}]}}}],"efSourceSpan":{"start":[1,1],"name":"/home/dhruv/Final/bower_components/purescript-dom/src/DOM/Event/Event.purs","end":[64,38]}}