{"efVersion":"0.11.6","efModuleName":["Signal","Time"],"efExports":[{"TypeRef":[{"start":[1,1],"name":"/home/dhruv/Final/bower_components/purescript-signal/src/Signal/Time.purs","end":[62,62]},"Time",[]]},{"ValueRef":[{"start":[1,1],"name":"/home/dhruv/Final/bower_components/purescript-signal/src/Signal/Time.purs","end":[62,62]},{"Ident":"debounce"}]},{"ValueRef":[{"start":[1,1],"name":"/home/dhruv/Final/bower_components/purescript-signal/src/Signal/Time.purs","end":[62,62]},{"Ident":"delay"}]},{"ValueRef":[{"start":[1,1],"name":"/home/dhruv/Final/bower_components/purescript-signal/src/Signal/Time.purs","end":[62,62]},{"Ident":"every"}]},{"ValueRef":[{"start":[1,1],"name":"/home/dhruv/Final/bower_components/purescript-signal/src/Signal/Time.purs","end":[62,62]},{"Ident":"millisecond"}]},{"ValueRef":[{"start":[1,1],"name":"/home/dhruv/Final/bower_components/purescript-signal/src/Signal/Time.purs","end":[62,62]},{"Ident":"now"}]},{"ValueRef":[{"start":[1,1],"name":"/home/dhruv/Final/bower_components/purescript-signal/src/Signal/Time.purs","end":[62,62]},{"Ident":"second"}]},{"ValueRef":[{"start":[1,1],"name":"/home/dhruv/Final/bower_components/purescript-signal/src/Signal/Time.purs","end":[62,62]},{"Ident":"since"}]}],"efImports":[{"eiModule":["Prim"],"eiImportType":{"Implicit":[]},"eiImportedAs":null},{"eiModule":["Prim"],"eiImportType":{"Implicit":[]},"eiImportedAs":["Prim"]},{"eiModule":["Prelude"],"eiImportType":{"Implicit":[]},"eiImportedAs":null},{"eiModule":["Control","Monad","Eff"],"eiImportType":{"Explicit":[{"TypeRef":[{"start":[13,27],"name":"/home/dhruv/Final/bower_components/purescript-signal/src/Signal/Time.purs","end":[13,30]},"Eff",[]]}]},"eiImportedAs":null},{"eiModule":["Control","Monad","Eff","Timer"],"eiImportType":{"Explicit":[{"TypeRef":[{"start":[14,33],"name":"/home/dhruv/Final/bower_components/purescript-signal/src/Signal/Time.purs","end":[14,38]},"TIMER",[]]}]},"eiImportedAs":null},{"eiModule":["Signal"],"eiImportType":{"Explicit":[{"TypeRef":[{"start":[15,16],"name":"/home/dhruv/Final/bower_components/purescript-signal/src/Signal/Time.purs","end":[15,22]},"Signal",[]]},{"ValueRef":[{"start":[15,24],"name":"/home/dhruv/Final/bower_components/purescript-signal/src/Signal/Time.purs","end":[15,32]},{"Ident":"sampleOn"}]},{"ValueRef":[{"start":[15,34],"name":"/home/dhruv/Final/bower_components/purescript-signal/src/Signal/Time.purs","end":[15,45]},{"Ident":"dropRepeats"}]},{"ValueRef":[{"start":[15,47],"name":"/home/dhruv/Final/bower_components/purescript-signal/src/Signal/Time.purs","end":[15,53]},{"Ident":"filter"}]},{"ValueRef":[{"start":[15,55],"name":"/home/dhruv/Final/bower_components/purescript-signal/src/Signal/Time.purs","end":[15,63]},{"Ident":"constant"}]}]},"eiImportedAs":null}],"efFixities":[],"efTypeFixities":[],"efDeclarations":[{"EDType":{"edTypeName":"Time","edTypeKind":{"tag":"NamedKind","contents":[["Prim"],"Type"]},"edTypeDeclarationKind":"TypeSynonym"}},{"EDTypeSynonym":{"edTypeSynonymName":"Time","edTypeSynonymArguments":[],"edTypeSynonymType":{"tag":"TypeConstructor","contents":[["Prim"],"Number"]}}},{"EDValue":{"edValueName":{"Ident":"debounce"},"edValueType":{"tag":"ForAll","contents":["a",{"tag":"TypeApp","contents":[{"tag":"TypeApp","contents":[{"tag":"TypeConstructor","contents":[["Prim"],"Function"]},{"tag":"TypeConstructor","contents":[["Prim"],"Number"]}]},{"tag":"TypeApp","contents":[{"tag":"TypeApp","contents":[{"tag":"TypeConstructor","contents":[["Prim"],"Function"]},{"tag":"TypeApp","contents":[{"tag":"TypeConstructor","contents":[["Signal"],"Signal"]},{"tag":"TypeVar","contents":"a"}]}]},{"tag":"TypeApp","contents":[{"tag":"TypeConstructor","contents":[["Signal"],"Signal"]},{"tag":"TypeVar","contents":"a"}]}]}]},12]}}},{"EDValue":{"edValueName":{"Ident":"delay"},"edValueType":{"tag":"ForAll","contents":["a",{"tag":"TypeApp","contents":[{"tag":"TypeApp","contents":[{"tag":"TypeConstructor","contents":[["Prim"],"Function"]},{"tag":"TypeConstructor","contents":[["Prim"],"Number"]}]},{"tag":"TypeApp","contents":[{"tag":"TypeApp","contents":[{"tag":"TypeConstructor","contents":[["Prim"],"Function"]},{"tag":"TypeApp","contents":[{"tag":"TypeConstructor","contents":[["Signal"],"Signal"]},{"tag":"TypeVar","contents":"a"}]}]},{"tag":"TypeApp","contents":[{"tag":"TypeConstructor","contents":[["Signal"],"Signal"]},{"tag":"TypeVar","contents":"a"}]}]}]},7]}}},{"EDValue":{"edValueName":{"Ident":"every"},"edValueType":{"tag":"TypeApp","contents":[{"tag":"TypeApp","contents":[{"tag":"TypeConstructor","contents":[["Prim"],"Function"]},{"tag":"TypeConstructor","contents":[["Prim"],"Number"]}]},{"tag":"TypeApp","contents":[{"tag":"TypeConstructor","contents":[["Signal"],"Signal"]},{"tag":"TypeConstructor","contents":[["Prim"],"Number"]}]}]}}},{"EDValue":{"edValueName":{"Ident":"millisecond"},"edValueType":{"tag":"TypeConstructor","contents":[["Prim"],"Number"]}}},{"EDValue":{"edValueName":{"Ident":"now"},"edValueType":{"tag":"ForAll","contents":["e",{"tag":"TypeApp","contents":[{"tag":"TypeApp","contents":[{"tag":"TypeConstructor","contents":[["Control","Monad","Eff"],"Eff"]},{"tag":"RCons","contents":["timer",{"tag":"TypeConstructor","contents":[["Control","Monad","Eff","Timer"],"TIMER"]},{"tag":"TypeVar","contents":"e"}]}]},{"tag":"TypeConstructor","contents":[["Signal","Time"],"Time"]}]},null]}}},{"EDValue":{"edValueName":{"Ident":"second"},"edValueType":{"tag":"TypeConstructor","contents":[["Prim"],"Number"]}}},{"EDValue":{"edValueName":{"Ident":"since"},"edValueType":{"tag":"ForAll","contents":["a",{"tag":"TypeApp","contents":[{"tag":"TypeApp","contents":[{"tag":"TypeConstructor","contents":[["Prim"],"Function"]},{"tag":"TypeConstructor","contents":[["Prim"],"Number"]}]},{"tag":"TypeApp","contents":[{"tag":"TypeApp","contents":[{"tag":"TypeConstructor","contents":[["Prim"],"Function"]},{"tag":"TypeApp","contents":[{"tag":"TypeConstructor","contents":[["Signal"],"Signal"]},{"tag":"TypeVar","contents":"a"}]}]},{"tag":"TypeApp","contents":[{"tag":"TypeConstructor","contents":[["Signal"],"Signal"]},{"tag":"TypeConstructor","contents":[["Prim"],"Boolean"]}]}]}]},0]}}}],"efSourceSpan":{"start":[1,1],"name":"/home/dhruv/Final/bower_components/purescript-signal/src/Signal/Time.purs","end":[62,62]}}