{"efVersion":"0.11.6","efModuleName":["Graphics","Isometric","DepthSort"],"efExports":[{"ValueRef":[{"start":[1,1],"name":"/home/dhruv/Final/bower_components/purescript-isometric/src/Graphics/Isometric/DepthSort.purs","end":[87,45]},{"Ident":"depthSort"}]}],"efImports":[{"eiModule":["Prim"],"eiImportType":{"Implicit":[]},"eiImportedAs":null},{"eiModule":["Prim"],"eiImportType":{"Implicit":[]},"eiImportedAs":["Prim"]},{"eiModule":["Prelude"],"eiImportType":{"Implicit":[]},"eiImportedAs":null},{"eiModule":["Data","List","ThreeOrMore"],"eiImportType":{"Explicit":[{"ValueRef":[{"start":[7,31],"name":"/home/dhruv/Final/bower_components/purescript-isometric/src/Graphics/Isometric/DepthSort.purs","end":[7,37]},{"Ident":"toList"}]}]},"eiImportedAs":null},{"eiModule":["Data","Maybe"],"eiImportType":{"Explicit":[{"ValueRef":[{"start":[8,20],"name":"/home/dhruv/Final/bower_components/purescript-isometric/src/Graphics/Isometric/DepthSort.purs","end":[8,28]},{"Ident":"fromJust"}]}]},"eiImportedAs":null},{"eiModule":["Data","Foldable"],"eiImportType":{"Explicit":[{"ValueRef":[{"start":[9,23],"name":"/home/dhruv/Final/bower_components/purescript-isometric/src/Graphics/Isometric/DepthSort.purs","end":[9,30]},{"Ident":"foldMap"}]},{"ValueRef":[{"start":[9,32],"name":"/home/dhruv/Final/bower_components/purescript-isometric/src/Graphics/Isometric/DepthSort.purs","end":[9,39]},{"Ident":"maximum"}]},{"ValueRef":[{"start":[9,41],"name":"/home/dhruv/Final/bower_components/purescript-isometric/src/Graphics/Isometric/DepthSort.purs","end":[9,48]},{"Ident":"minimum"}]}]},"eiImportedAs":null},{"eiModule":["Data","Graph"],"eiImportType":{"Explicit":[{"TypeRef":[{"start":[10,20],"name":"/home/dhruv/Final/bower_components/purescript-isometric/src/Graphics/Isometric/DepthSort.purs","end":[10,25]},"Graph",[]]},{"ValueRef":[{"start":[10,27],"name":"/home/dhruv/Final/bower_components/purescript-isometric/src/Graphics/Isometric/DepthSort.purs","end":[10,38]},{"Ident":"unfoldGraph"}]},{"ValueRef":[{"start":[10,40],"name":"/home/dhruv/Final/bower_components/purescript-isometric/src/Graphics/Isometric/DepthSort.purs","end":[10,55]},{"Ident":"topologicalSort"}]}]},"eiImportedAs":null},{"eiModule":["Data","List"],"eiImportType":{"Explicit":[{"TypeRef":[{"start":[11,19],"name":"/home/dhruv/Final/bower_components/purescript-isometric/src/Graphics/Isometric/DepthSort.purs","end":[11,23]},"List",[]]},{"ValueRef":[{"start":[11,25],"name":"/home/dhruv/Final/bower_components/purescript-isometric/src/Graphics/Isometric/DepthSort.purs","end":[11,31]},{"Ident":"filter"}]},{"ValueRef":[{"start":[11,33],"name":"/home/dhruv/Final/bower_components/purescript-isometric/src/Graphics/Isometric/DepthSort.purs","end":[11,39]},{"Ident":"length"}]},{"ValueOpRef":[{"start":[11,41],"name":"/home/dhruv/Final/bower_components/purescript-isometric/src/Graphics/Isometric/DepthSort.purs","end":[11,45]},".."]},{"ValueRef":[{"start":[11,47],"name":"/home/dhruv/Final/bower_components/purescript-isometric/src/Graphics/Isometric/DepthSort.purs","end":[11,54]},{"Ident":"zipWith"}]},{"ValueRef":[{"start":[11,56],"name":"/home/dhruv/Final/bower_components/purescript-isometric/src/Graphics/Isometric/DepthSort.purs","end":[11,65]},{"Ident":"singleton"}]},{"ValueRef":[{"start":[11,67],"name":"/home/dhruv/Final/bower_components/purescript-isometric/src/Graphics/Isometric/DepthSort.purs","end":[11,73]},{"Ident":"concat"}]}]},"eiImportedAs":null},{"eiModule":["Partial","Unsafe"],"eiImportType":{"Explicit":[{"ValueRef":[{"start":[12,24],"name":"/home/dhruv/Final/bower_components/purescript-isometric/src/Graphics/Isometric/DepthSort.purs","end":[12,37]},{"Ident":"unsafePartial"}]}]},"eiImportedAs":null},{"eiModule":["Graphics","Isometric"],"eiImportType":{"Explicit":[{"TypeRef":[{"start":[14,28],"name":"/home/dhruv/Final/bower_components/purescript-isometric/src/Graphics/Isometric/DepthSort.purs","end":[14,33]},"Shape",[]]},{"TypeRef":[{"start":[14,35],"name":"/home/dhruv/Final/bower_components/purescript-isometric/src/Graphics/Isometric/DepthSort.purs","end":[14,52]},"Scene",["Fill","Many"]]}]},"eiImportedAs":null}],"efFixities":[],"efTypeFixities":[],"efDeclarations":[{"EDValue":{"edValueName":{"Ident":"depthSort"},"edValueType":{"tag":"TypeApp","contents":[{"tag":"TypeApp","contents":[{"tag":"TypeConstructor","contents":[["Prim"],"Function"]},{"tag":"TypeConstructor","contents":[["Graphics","Isometric"],"Scene"]}]},{"tag":"TypeConstructor","contents":[["Graphics","Isometric"],"Scene"]}]}}}],"efSourceSpan":{"start":[1,1],"name":"/home/dhruv/Final/bower_components/purescript-isometric/src/Graphics/Isometric/DepthSort.purs","end":[87,45]}}