{"efVersion":"0.11.6","efModuleName":["Color","Scheme","Clrs"],"efExports":[{"ValueRef":[{"start":[1,1],"name":"/home/dhruv/Final/bower_components/purescript-colors/src/Color/Scheme/Clrs.purs","end":[53,18]},{"Ident":"aqua"}]},{"ValueRef":[{"start":[1,1],"name":"/home/dhruv/Final/bower_components/purescript-colors/src/Color/Scheme/Clrs.purs","end":[53,18]},{"Ident":"black'"}]},{"ValueRef":[{"start":[1,1],"name":"/home/dhruv/Final/bower_components/purescript-colors/src/Color/Scheme/Clrs.purs","end":[53,18]},{"Ident":"blue"}]},{"ValueRef":[{"start":[1,1],"name":"/home/dhruv/Final/bower_components/purescript-colors/src/Color/Scheme/Clrs.purs","end":[53,18]},{"Ident":"fuchsia"}]},{"ValueRef":[{"start":[1,1],"name":"/home/dhruv/Final/bower_components/purescript-colors/src/Color/Scheme/Clrs.purs","end":[53,18]},{"Ident":"gray"}]},{"ValueRef":[{"start":[1,1],"name":"/home/dhruv/Final/bower_components/purescript-colors/src/Color/Scheme/Clrs.purs","end":[53,18]},{"Ident":"green"}]},{"ValueRef":[{"start":[1,1],"name":"/home/dhruv/Final/bower_components/purescript-colors/src/Color/Scheme/Clrs.purs","end":[53,18]},{"Ident":"lime"}]},{"ValueRef":[{"start":[1,1],"name":"/home/dhruv/Final/bower_components/purescript-colors/src/Color/Scheme/Clrs.purs","end":[53,18]},{"Ident":"maroon"}]},{"ValueRef":[{"start":[1,1],"name":"/home/dhruv/Final/bower_components/purescript-colors/src/Color/Scheme/Clrs.purs","end":[53,18]},{"Ident":"navy"}]},{"ValueRef":[{"start":[1,1],"name":"/home/dhruv/Final/bower_components/purescript-colors/src/Color/Scheme/Clrs.purs","end":[53,18]},{"Ident":"olive"}]},{"ValueRef":[{"start":[1,1],"name":"/home/dhruv/Final/bower_components/purescript-colors/src/Color/Scheme/Clrs.purs","end":[53,18]},{"Ident":"orange"}]},{"ValueRef":[{"start":[1,1],"name":"/home/dhruv/Final/bower_components/purescript-colors/src/Color/Scheme/Clrs.purs","end":[53,18]},{"Ident":"purple"}]},{"ValueRef":[{"start":[1,1],"name":"/home/dhruv/Final/bower_components/purescript-colors/src/Color/Scheme/Clrs.purs","end":[53,18]},{"Ident":"red"}]},{"ValueRef":[{"start":[1,1],"name":"/home/dhruv/Final/bower_components/purescript-colors/src/Color/Scheme/Clrs.purs","end":[53,18]},{"Ident":"silver"}]},{"ValueRef":[{"start":[1,1],"name":"/home/dhruv/Final/bower_components/purescript-colors/src/Color/Scheme/Clrs.purs","end":[53,18]},{"Ident":"teal"}]},{"ValueRef":[{"start":[1,1],"name":"/home/dhruv/Final/bower_components/purescript-colors/src/Color/Scheme/Clrs.purs","end":[53,18]},{"Ident":"yellow"}]}],"efImports":[{"eiModule":["Prim"],"eiImportType":{"Implicit":[]},"eiImportedAs":null},{"eiModule":["Prim"],"eiImportType":{"Implicit":[]},"eiImportedAs":["Prim"]},{"eiModule":["Color"],"eiImportType":{"Explicit":[{"TypeRef":[{"start":[5,15],"name":"/home/dhruv/Final/bower_components/purescript-colors/src/Color/Scheme/Clrs.purs","end":[5,20]},"Color",[]]},{"ValueRef":[{"start":[5,22],"name":"/home/dhruv/Final/bower_components/purescript-colors/src/Color/Scheme/Clrs.purs","end":[5,29]},{"Ident":"fromInt"}]}]},"eiImportedAs":null}],"efFixities":[],"efTypeFixities":[],"efDeclarations":[{"EDValue":{"edValueName":{"Ident":"aqua"},"edValueType":{"tag":"TypeConstructor","contents":[["Color"],"Color"]}}},{"EDValue":{"edValueName":{"Ident":"black'"},"edValueType":{"tag":"TypeConstructor","contents":[["Color"],"Color"]}}},{"EDValue":{"edValueName":{"Ident":"blue"},"edValueType":{"tag":"TypeConstructor","contents":[["Color"],"Color"]}}},{"EDValue":{"edValueName":{"Ident":"fuchsia"},"edValueType":{"tag":"TypeConstructor","contents":[["Color"],"Color"]}}},{"EDValue":{"edValueName":{"Ident":"gray"},"edValueType":{"tag":"TypeConstructor","contents":[["Color"],"Color"]}}},{"EDValue":{"edValueName":{"Ident":"green"},"edValueType":{"tag":"TypeConstructor","contents":[["Color"],"Color"]}}},{"EDValue":{"edValueName":{"Ident":"lime"},"edValueType":{"tag":"TypeConstructor","contents":[["Color"],"Color"]}}},{"EDValue":{"edValueName":{"Ident":"maroon"},"edValueType":{"tag":"TypeConstructor","contents":[["Color"],"Color"]}}},{"EDValue":{"edValueName":{"Ident":"navy"},"edValueType":{"tag":"TypeConstructor","contents":[["Color"],"Color"]}}},{"EDValue":{"edValueName":{"Ident":"olive"},"edValueType":{"tag":"TypeConstructor","contents":[["Color"],"Color"]}}},{"EDValue":{"edValueName":{"Ident":"orange"},"edValueType":{"tag":"TypeConstructor","contents":[["Color"],"Color"]}}},{"EDValue":{"edValueName":{"Ident":"purple"},"edValueType":{"tag":"TypeConstructor","contents":[["Color"],"Color"]}}},{"EDValue":{"edValueName":{"Ident":"red"},"edValueType":{"tag":"TypeConstructor","contents":[["Color"],"Color"]}}},{"EDValue":{"edValueName":{"Ident":"silver"},"edValueType":{"tag":"TypeConstructor","contents":[["Color"],"Color"]}}},{"EDValue":{"edValueName":{"Ident":"teal"},"edValueType":{"tag":"TypeConstructor","contents":[["Color"],"Color"]}}},{"EDValue":{"edValueName":{"Ident":"yellow"},"edValueType":{"tag":"TypeConstructor","contents":[["Color"],"Color"]}}}],"efSourceSpan":{"start":[1,1],"name":"/home/dhruv/Final/bower_components/purescript-colors/src/Color/Scheme/Clrs.purs","end":[53,18]}}