{"efVersion":"0.11.6","efModuleName":["Data","Generic"],"efExports":[{"TypeRef":[{"start":[1,1],"name":"/home/dhruv/Final/bower_components/purescript-generics/src/Data/Generic.purs","end":[541,10]},"DataConstructor",[]]},{"TypeRef":[{"start":[1,1],"name":"/home/dhruv/Final/bower_components/purescript-generics/src/Data/Generic.purs","end":[541,10]},"GenericSignature",["SigProd","SigRecord","SigNumber","SigBoolean","SigInt","SigString","SigChar","SigArray","SigUnit"]]},{"TypeRef":[{"start":[1,1],"name":"/home/dhruv/Final/bower_components/purescript-generics/src/Data/Generic.purs","end":[541,10]},"GenericSpine",["SProd","SRecord","SNumber","SBoolean","SInt","SString","SChar","SArray","SUnit"]]},{"TypeClassRef":[{"start":[1,1],"name":"/home/dhruv/Final/bower_components/purescript-generics/src/Data/Generic.purs","end":[541,10]},"Generic"]},{"ValueRef":[{"start":[1,1],"name":"/home/dhruv/Final/bower_components/purescript-generics/src/Data/Generic.purs","end":[541,10]},{"Ident":"fromSpine"}]},{"ValueRef":[{"start":[1,1],"name":"/home/dhruv/Final/bower_components/purescript-generics/src/Data/Generic.purs","end":[541,10]},{"Ident":"gCompare"}]},{"ValueRef":[{"start":[1,1],"name":"/home/dhruv/Final/bower_components/purescript-generics/src/Data/Generic.purs","end":[541,10]},{"Ident":"gEq"}]},{"ValueRef":[{"start":[1,1],"name":"/home/dhruv/Final/bower_components/purescript-generics/src/Data/Generic.purs","end":[541,10]},{"Ident":"gShow"}]},{"ValueRef":[{"start":[1,1],"name":"/home/dhruv/Final/bower_components/purescript-generics/src/Data/Generic.purs","end":[541,10]},{"Ident":"isValidSpine"}]},{"ValueRef":[{"start":[1,1],"name":"/home/dhruv/Final/bower_components/purescript-generics/src/Data/Generic.purs","end":[541,10]},{"Ident":"showDataConstructor"}]},{"ValueRef":[{"start":[1,1],"name":"/home/dhruv/Final/bower_components/purescript-generics/src/Data/Generic.purs","end":[541,10]},{"Ident":"showSignature"}]},{"ValueRef":[{"start":[1,1],"name":"/home/dhruv/Final/bower_components/purescript-generics/src/Data/Generic.purs","end":[541,10]},{"Ident":"toSignature"}]},{"ValueRef":[{"start":[1,1],"name":"/home/dhruv/Final/bower_components/purescript-generics/src/Data/Generic.purs","end":[541,10]},{"Ident":"toSpine"}]},{"TypeInstanceRef":[{"start":[0,0],"name":"<generated>","end":[0,0]},{"Ident":"genericNumber"}]},{"TypeInstanceRef":[{"start":[0,0],"name":"<generated>","end":[0,0]},{"Ident":"genericInt"}]},{"TypeInstanceRef":[{"start":[0,0],"name":"<generated>","end":[0,0]},{"Ident":"genericString"}]},{"TypeInstanceRef":[{"start":[0,0],"name":"<generated>","end":[0,0]},{"Ident":"genericChar"}]},{"TypeInstanceRef":[{"start":[0,0],"name":"<generated>","end":[0,0]},{"Ident":"genericBool"}]},{"TypeInstanceRef":[{"start":[0,0],"name":"<generated>","end":[0,0]},{"Ident":"genericArray"}]},{"TypeInstanceRef":[{"start":[0,0],"name":"<generated>","end":[0,0]},{"Ident":"genericUnit"}]},{"TypeInstanceRef":[{"start":[0,0],"name":"<generated>","end":[0,0]},{"Ident":"genericVoid"}]},{"TypeInstanceRef":[{"start":[0,0],"name":"<generated>","end":[0,0]},{"Ident":"genericTuple"}]},{"TypeInstanceRef":[{"start":[0,0],"name":"<generated>","end":[0,0]},{"Ident":"genericList"}]},{"TypeInstanceRef":[{"start":[0,0],"name":"<generated>","end":[0,0]},{"Ident":"genericNonEmptyList"}]},{"TypeInstanceRef":[{"start":[0,0],"name":"<generated>","end":[0,0]},{"Ident":"genericMaybe"}]},{"TypeInstanceRef":[{"start":[0,0],"name":"<generated>","end":[0,0]},{"Ident":"genericEither"}]},{"TypeInstanceRef":[{"start":[0,0],"name":"<generated>","end":[0,0]},{"Ident":"genericIdentity"}]},{"TypeInstanceRef":[{"start":[0,0],"name":"<generated>","end":[0,0]},{"Ident":"genericOrdering"}]},{"TypeInstanceRef":[{"start":[0,0],"name":"<generated>","end":[0,0]},{"Ident":"genericNonEmpty"}]},{"TypeInstanceRef":[{"start":[0,0],"name":"<generated>","end":[0,0]},{"Ident":"showGenericSpine"}]},{"TypeInstanceRef":[{"start":[0,0],"name":"<generated>","end":[0,0]},{"Ident":"eqGenericSpine"}]},{"TypeInstanceRef":[{"start":[0,0],"name":"<generated>","end":[0,0]},{"Ident":"ordGenericSpine"}]},{"TypeInstanceRef":[{"start":[0,0],"name":"<generated>","end":[0,0]},{"Ident":"eqGenericSignature"}]},{"TypeInstanceRef":[{"start":[0,0],"name":"<generated>","end":[0,0]},{"Ident":"showGenericSignature"}]}],"efImports":[{"eiModule":["Prim"],"eiImportType":{"Implicit":[]},"eiImportedAs":null},{"eiModule":["Prim"],"eiImportType":{"Implicit":[]},"eiImportedAs":["Prim"]},{"eiModule":["Prelude"],"eiImportType":{"Implicit":[]},"eiImportedAs":null},{"eiModule":["Data","Array"],"eiImportType":{"Explicit":[{"ValueRef":[{"start":[19,20],"name":"/home/dhruv/Final/bower_components/purescript-generics/src/Data/Generic.purs","end":[19,24]},{"Ident":"null"}]},{"ValueRef":[{"start":[19,26],"name":"/home/dhruv/Final/bower_components/purescript-generics/src/Data/Generic.purs","end":[19,32]},{"Ident":"length"}]},{"ValueRef":[{"start":[19,34],"name":"/home/dhruv/Final/bower_components/purescript-generics/src/Data/Generic.purs","end":[19,40]},{"Ident":"sortBy"}]},{"ValueRef":[{"start":[19,42],"name":"/home/dhruv/Final/bower_components/purescript-generics/src/Data/Generic.purs","end":[19,49]},{"Ident":"zipWith"}]}]},"eiImportedAs":null},{"eiModule":["Data","Either"],"eiImportType":{"Explicit":[{"TypeRef":[{"start":[20,21],"name":"/home/dhruv/Final/bower_components/purescript-generics/src/Data/Generic.purs","end":[20,31]},"Either",null]}]},"eiImportedAs":null},{"eiModule":["Data","Foldable"],"eiImportType":{"Explicit":[{"ValueRef":[{"start":[21,23],"name":"/home/dhruv/Final/bower_components/purescript-generics/src/Data/Generic.purs","end":[21,26]},{"Ident":"all"}]},{"ValueRef":[{"start":[21,28],"name":"/home/dhruv/Final/bower_components/purescript-generics/src/Data/Generic.purs","end":[21,31]},{"Ident":"and"}]},{"ValueRef":[{"start":[21,33],"name":"/home/dhruv/Final/bower_components/purescript-generics/src/Data/Generic.purs","end":[21,37]},{"Ident":"find"}]},{"ValueRef":[{"start":[21,39],"name":"/home/dhruv/Final/bower_components/purescript-generics/src/Data/Generic.purs","end":[21,43]},{"Ident":"fold"}]},{"ValueRef":[{"start":[21,45],"name":"/home/dhruv/Final/bower_components/purescript-generics/src/Data/Generic.purs","end":[21,56]},{"Ident":"intercalate"}]}]},"eiImportedAs":null},{"eiModule":["Data","Identity"],"eiImportType":{"Explicit":[{"TypeRef":[{"start":[22,23],"name":"/home/dhruv/Final/bower_components/purescript-generics/src/Data/Generic.purs","end":[22,35]},"Identity",null]}]},"eiImportedAs":null},{"eiModule":["Data","List","Types"],"eiImportType":{"Implicit":[]},"eiImportedAs":["DLT"]},{"eiModule":["Data","Maybe"],"eiImportType":{"Explicit":[{"TypeRef":[{"start":[24,20],"name":"/home/dhruv/Final/bower_components/purescript-generics/src/Data/Generic.purs","end":[24,29]},"Maybe",null]}]},"eiImportedAs":null},{"eiModule":["Data","NonEmpty"],"eiImportType":{"Explicit":[{"TypeRef":[{"start":[25,23],"name":"/home/dhruv/Final/bower_components/purescript-generics/src/Data/Generic.purs","end":[25,35]},"NonEmpty",null]}]},"eiImportedAs":null},{"eiModule":["Data","String"],"eiImportType":{"Explicit":[{"ValueRef":[{"start":[26,21],"name":"/home/dhruv/Final/bower_components/purescript-generics/src/Data/Generic.purs","end":[26,29]},{"Ident":"joinWith"}]}]},"eiImportedAs":null},{"eiModule":["Data","Traversable"],"eiImportType":{"Explicit":[{"ValueRef":[{"start":[27,26],"name":"/home/dhruv/Final/bower_components/purescript-generics/src/Data/Generic.purs","end":[27,34]},{"Ident":"traverse"}]}]},"eiImportedAs":null},{"eiModule":["Data","Tuple"],"eiImportType":{"Explicit":[{"TypeRef":[{"start":[28,20],"name":"/home/dhruv/Final/bower_components/purescript-generics/src/Data/Generic.purs","end":[28,29]},"Tuple",null]}]},"eiImportedAs":null},{"eiModule":["Type","Proxy"],"eiImportType":{"Explicit":[{"TypeRef":[{"start":[30,20],"name":"/home/dhruv/Final/bower_components/purescript-generics/src/Data/Generic.purs","end":[30,29]},"Proxy",null]}]},"eiImportedAs":null}],"efFixities":[],"efTypeFixities":[],"efDeclarations":[{"EDType":{"edTypeName":"DataConstructor","edTypeKind":{"tag":"NamedKind","contents":[["Prim"],"Type"]},"edTypeDeclarationKind":"TypeSynonym"}},{"EDTypeSynonym":{"edTypeSynonymName":"DataConstructor","edTypeSynonymArguments":[],"edTypeSynonymType":{"tag":"TypeApp","contents":[{"tag":"TypeConstructor","contents":[["Prim"],"Record"]},{"tag":"RCons","contents":["sigConstructor",{"tag":"TypeConstructor","contents":[["Prim"],"String"]},{"tag":"RCons","contents":["sigValues",{"tag":"TypeApp","contents":[{"tag":"TypeConstructor","contents":[["Prim"],"Array"]},{"tag":"TypeApp","contents":[{"tag":"TypeApp","contents":[{"tag":"TypeConstructor","contents":[["Prim"],"Function"]},{"tag":"TypeConstructor","contents":[["Data","Unit"],"Unit"]}]},{"tag":"TypeConstructor","contents":[["Data","Generic"],"GenericSignature"]}]}]},{"tag":"REmpty"}]}]}]}}},{"EDType":{"edTypeName":"GenericSignature","edTypeKind":{"tag":"NamedKind","contents":[["Prim"],"Type"]},"edTypeDeclarationKind":{"DataType":{"args":[],"ctors":[["SigProd",[{"tag":"TypeConstructor","contents":[["Prim"],"String"]},{"tag":"TypeApp","contents":[{"tag":"TypeConstructor","contents":[["Prim"],"Array"]},{"tag":"TypeConstructor","contents":[["Data","Generic"],"DataConstructor"]}]}]],["SigRecord",[{"tag":"TypeApp","contents":[{"tag":"TypeConstructor","contents":[["Prim"],"Array"]},{"tag":"TypeApp","contents":[{"tag":"TypeConstructor","contents":[["Prim"],"Record"]},{"tag":"RCons","contents":["recLabel",{"tag":"TypeConstructor","contents":[["Prim"],"String"]},{"tag":"RCons","contents":["recValue",{"tag":"TypeApp","contents":[{"tag":"TypeApp","contents":[{"tag":"TypeConstructor","contents":[["Prim"],"Function"]},{"tag":"TypeConstructor","contents":[["Data","Unit"],"Unit"]}]},{"tag":"TypeConstructor","contents":[["Data","Generic"],"GenericSignature"]}]},{"tag":"REmpty"}]}]}]}]}]],["SigNumber",[]],["SigBoolean",[]],["SigInt",[]],["SigString",[]],["SigChar",[]],["SigArray",[{"tag":"TypeApp","contents":[{"tag":"TypeApp","contents":[{"tag":"TypeConstructor","contents":[["Prim"],"Function"]},{"tag":"TypeConstructor","contents":[["Data","Unit"],"Unit"]}]},{"tag":"TypeConstructor","contents":[["Data","Generic"],"GenericSignature"]}]}]],["SigUnit",[]]]}}}},{"EDDataConstructor":{"edDataCtorName":"SigProd","edDataCtorOrigin":"data","edDataCtorTypeCtor":"GenericSignature","edDataCtorType":{"tag":"TypeApp","contents":[{"tag":"TypeApp","contents":[{"tag":"TypeConstructor","contents":[["Prim"],"Function"]},{"tag":"TypeConstructor","contents":[["Prim"],"String"]}]},{"tag":"TypeApp","contents":[{"tag":"TypeApp","contents":[{"tag":"TypeConstructor","contents":[["Prim"],"Function"]},{"tag":"TypeApp","contents":[{"tag":"TypeConstructor","contents":[["Prim"],"Array"]},{"tag":"TypeConstructor","contents":[["Data","Generic"],"DataConstructor"]}]}]},{"tag":"TypeConstructor","contents":[["Data","Generic"],"GenericSignature"]}]}]},"edDataCtorFields":[{"Ident":"value0"},{"Ident":"value1"}]}},{"EDDataConstructor":{"edDataCtorName":"SigRecord","edDataCtorOrigin":"data","edDataCtorTypeCtor":"GenericSignature","edDataCtorType":{"tag":"TypeApp","contents":[{"tag":"TypeApp","contents":[{"tag":"TypeConstructor","contents":[["Prim"],"Function"]},{"tag":"TypeApp","contents":[{"tag":"TypeConstructor","contents":[["Prim"],"Array"]},{"tag":"TypeApp","contents":[{"tag":"TypeConstructor","contents":[["Prim"],"Record"]},{"tag":"RCons","contents":["recLabel",{"tag":"TypeConstructor","contents":[["Prim"],"String"]},{"tag":"RCons","contents":["recValue",{"tag":"TypeApp","contents":[{"tag":"TypeApp","contents":[{"tag":"TypeConstructor","contents":[["Prim"],"Function"]},{"tag":"TypeConstructor","contents":[["Data","Unit"],"Unit"]}]},{"tag":"TypeConstructor","contents":[["Data","Generic"],"GenericSignature"]}]},{"tag":"REmpty"}]}]}]}]}]},{"tag":"TypeConstructor","contents":[["Data","Generic"],"GenericSignature"]}]},"edDataCtorFields":[{"Ident":"value0"}]}},{"EDDataConstructor":{"edDataCtorName":"SigNumber","edDataCtorOrigin":"data","edDataCtorTypeCtor":"GenericSignature","edDataCtorType":{"tag":"TypeConstructor","contents":[["Data","Generic"],"GenericSignature"]},"edDataCtorFields":[]}},{"EDDataConstructor":{"edDataCtorName":"SigBoolean","edDataCtorOrigin":"data","edDataCtorTypeCtor":"GenericSignature","edDataCtorType":{"tag":"TypeConstructor","contents":[["Data","Generic"],"GenericSignature"]},"edDataCtorFields":[]}},{"EDDataConstructor":{"edDataCtorName":"SigInt","edDataCtorOrigin":"data","edDataCtorTypeCtor":"GenericSignature","edDataCtorType":{"tag":"TypeConstructor","contents":[["Data","Generic"],"GenericSignature"]},"edDataCtorFields":[]}},{"EDDataConstructor":{"edDataCtorName":"SigString","edDataCtorOrigin":"data","edDataCtorTypeCtor":"GenericSignature","edDataCtorType":{"tag":"TypeConstructor","contents":[["Data","Generic"],"GenericSignature"]},"edDataCtorFields":[]}},{"EDDataConstructor":{"edDataCtorName":"SigChar","edDataCtorOrigin":"data","edDataCtorTypeCtor":"GenericSignature","edDataCtorType":{"tag":"TypeConstructor","contents":[["Data","Generic"],"GenericSignature"]},"edDataCtorFields":[]}},{"EDDataConstructor":{"edDataCtorName":"SigArray","edDataCtorOrigin":"data","edDataCtorTypeCtor":"GenericSignature","edDataCtorType":{"tag":"TypeApp","contents":[{"tag":"TypeApp","contents":[{"tag":"TypeConstructor","contents":[["Prim"],"Function"]},{"tag":"TypeApp","contents":[{"tag":"TypeApp","contents":[{"tag":"TypeConstructor","contents":[["Prim"],"Function"]},{"tag":"TypeConstructor","contents":[["Data","Unit"],"Unit"]}]},{"tag":"TypeConstructor","contents":[["Data","Generic"],"GenericSignature"]}]}]},{"tag":"TypeConstructor","contents":[["Data","Generic"],"GenericSignature"]}]},"edDataCtorFields":[{"Ident":"value0"}]}},{"EDDataConstructor":{"edDataCtorName":"SigUnit","edDataCtorOrigin":"data","edDataCtorTypeCtor":"GenericSignature","edDataCtorType":{"tag":"TypeConstructor","contents":[["Data","Generic"],"GenericSignature"]},"edDataCtorFields":[]}},{"EDType":{"edTypeName":"GenericSpine","edTypeKind":{"tag":"NamedKind","contents":[["Prim"],"Type"]},"edTypeDeclarationKind":{"DataType":{"args":[],"ctors":[["SProd",[{"tag":"TypeConstructor","contents":[["Prim"],"String"]},{"tag":"TypeApp","contents":[{"tag":"TypeConstructor","contents":[["Prim"],"Array"]},{"tag":"TypeApp","contents":[{"tag":"TypeApp","contents":[{"tag":"TypeConstructor","contents":[["Prim"],"Function"]},{"tag":"TypeConstructor","contents":[["Data","Unit"],"Unit"]}]},{"tag":"TypeConstructor","contents":[["Data","Generic"],"GenericSpine"]}]}]}]],["SRecord",[{"tag":"TypeApp","contents":[{"tag":"TypeConstructor","contents":[["Prim"],"Array"]},{"tag":"TypeApp","contents":[{"tag":"TypeConstructor","contents":[["Prim"],"Record"]},{"tag":"RCons","contents":["recLabel",{"tag":"TypeConstructor","contents":[["Prim"],"String"]},{"tag":"RCons","contents":["recValue",{"tag":"TypeApp","contents":[{"tag":"TypeApp","contents":[{"tag":"TypeConstructor","contents":[["Prim"],"Function"]},{"tag":"TypeConstructor","contents":[["Data","Unit"],"Unit"]}]},{"tag":"TypeConstructor","contents":[["Data","Generic"],"GenericSpine"]}]},{"tag":"REmpty"}]}]}]}]}]],["SNumber",[{"tag":"TypeConstructor","contents":[["Prim"],"Number"]}]],["SBoolean",[{"tag":"TypeConstructor","contents":[["Prim"],"Boolean"]}]],["SInt",[{"tag":"TypeConstructor","contents":[["Prim"],"Int"]}]],["SString",[{"tag":"TypeConstructor","contents":[["Prim"],"String"]}]],["SChar",[{"tag":"TypeConstructor","contents":[["Prim"],"Char"]}]],["SArray",[{"tag":"TypeApp","contents":[{"tag":"TypeConstructor","contents":[["Prim"],"Array"]},{"tag":"TypeApp","contents":[{"tag":"TypeApp","contents":[{"tag":"TypeConstructor","contents":[["Prim"],"Function"]},{"tag":"TypeConstructor","contents":[["Data","Unit"],"Unit"]}]},{"tag":"TypeConstructor","contents":[["Data","Generic"],"GenericSpine"]}]}]}]],["SUnit",[]]]}}}},{"EDDataConstructor":{"edDataCtorName":"SProd","edDataCtorOrigin":"data","edDataCtorTypeCtor":"GenericSpine","edDataCtorType":{"tag":"TypeApp","contents":[{"tag":"TypeApp","contents":[{"tag":"TypeConstructor","contents":[["Prim"],"Function"]},{"tag":"TypeConstructor","contents":[["Prim"],"String"]}]},{"tag":"TypeApp","contents":[{"tag":"TypeApp","contents":[{"tag":"TypeConstructor","contents":[["Prim"],"Function"]},{"tag":"TypeApp","contents":[{"tag":"TypeConstructor","contents":[["Prim"],"Array"]},{"tag":"TypeApp","contents":[{"tag":"TypeApp","contents":[{"tag":"TypeConstructor","contents":[["Prim"],"Function"]},{"tag":"TypeConstructor","contents":[["Data","Unit"],"Unit"]}]},{"tag":"TypeConstructor","contents":[["Data","Generic"],"GenericSpine"]}]}]}]},{"tag":"TypeConstructor","contents":[["Data","Generic"],"GenericSpine"]}]}]},"edDataCtorFields":[{"Ident":"value0"},{"Ident":"value1"}]}},{"EDDataConstructor":{"edDataCtorName":"SRecord","edDataCtorOrigin":"data","edDataCtorTypeCtor":"GenericSpine","edDataCtorType":{"tag":"TypeApp","contents":[{"tag":"TypeApp","contents":[{"tag":"TypeConstructor","contents":[["Prim"],"Function"]},{"tag":"TypeApp","contents":[{"tag":"TypeConstructor","contents":[["Prim"],"Array"]},{"tag":"TypeApp","contents":[{"tag":"TypeConstructor","contents":[["Prim"],"Record"]},{"tag":"RCons","contents":["recLabel",{"tag":"TypeConstructor","contents":[["Prim"],"String"]},{"tag":"RCons","contents":["recValue",{"tag":"TypeApp","contents":[{"tag":"TypeApp","contents":[{"tag":"TypeConstructor","contents":[["Prim"],"Function"]},{"tag":"TypeConstructor","contents":[["Data","Unit"],"Unit"]}]},{"tag":"TypeConstructor","contents":[["Data","Generic"],"GenericSpine"]}]},{"tag":"REmpty"}]}]}]}]}]},{"tag":"TypeConstructor","contents":[["Data","Generic"],"GenericSpine"]}]},"edDataCtorFields":[{"Ident":"value0"}]}},{"EDDataConstructor":{"edDataCtorName":"SNumber","edDataCtorOrigin":"data","edDataCtorTypeCtor":"GenericSpine","edDataCtorType":{"tag":"TypeApp","contents":[{"tag":"TypeApp","contents":[{"tag":"TypeConstructor","contents":[["Prim"],"Function"]},{"tag":"TypeConstructor","contents":[["Prim"],"Number"]}]},{"tag":"TypeConstructor","contents":[["Data","Generic"],"GenericSpine"]}]},"edDataCtorFields":[{"Ident":"value0"}]}},{"EDDataConstructor":{"edDataCtorName":"SBoolean","edDataCtorOrigin":"data","edDataCtorTypeCtor":"GenericSpine","edDataCtorType":{"tag":"TypeApp","contents":[{"tag":"TypeApp","contents":[{"tag":"TypeConstructor","contents":[["Prim"],"Function"]},{"tag":"TypeConstructor","contents":[["Prim"],"Boolean"]}]},{"tag":"TypeConstructor","contents":[["Data","Generic"],"GenericSpine"]}]},"edDataCtorFields":[{"Ident":"value0"}]}},{"EDDataConstructor":{"edDataCtorName":"SInt","edDataCtorOrigin":"data","edDataCtorTypeCtor":"GenericSpine","edDataCtorType":{"tag":"TypeApp","contents":[{"tag":"TypeApp","contents":[{"tag":"TypeConstructor","contents":[["Prim"],"Function"]},{"tag":"TypeConstructor","contents":[["Prim"],"Int"]}]},{"tag":"TypeConstructor","contents":[["Data","Generic"],"GenericSpine"]}]},"edDataCtorFields":[{"Ident":"value0"}]}},{"EDDataConstructor":{"edDataCtorName":"SString","edDataCtorOrigin":"data","edDataCtorTypeCtor":"GenericSpine","edDataCtorType":{"tag":"TypeApp","contents":[{"tag":"TypeApp","contents":[{"tag":"TypeConstructor","contents":[["Prim"],"Function"]},{"tag":"TypeConstructor","contents":[["Prim"],"String"]}]},{"tag":"TypeConstructor","contents":[["Data","Generic"],"GenericSpine"]}]},"edDataCtorFields":[{"Ident":"value0"}]}},{"EDDataConstructor":{"edDataCtorName":"SChar","edDataCtorOrigin":"data","edDataCtorTypeCtor":"GenericSpine","edDataCtorType":{"tag":"TypeApp","contents":[{"tag":"TypeApp","contents":[{"tag":"TypeConstructor","contents":[["Prim"],"Function"]},{"tag":"TypeConstructor","contents":[["Prim"],"Char"]}]},{"tag":"TypeConstructor","contents":[["Data","Generic"],"GenericSpine"]}]},"edDataCtorFields":[{"Ident":"value0"}]}},{"EDDataConstructor":{"edDataCtorName":"SArray","edDataCtorOrigin":"data","edDataCtorTypeCtor":"GenericSpine","edDataCtorType":{"tag":"TypeApp","contents":[{"tag":"TypeApp","contents":[{"tag":"TypeConstructor","contents":[["Prim"],"Function"]},{"tag":"TypeApp","contents":[{"tag":"TypeConstructor","contents":[["Prim"],"Array"]},{"tag":"TypeApp","contents":[{"tag":"TypeApp","contents":[{"tag":"TypeConstructor","contents":[["Prim"],"Function"]},{"tag":"TypeConstructor","contents":[["Data","Unit"],"Unit"]}]},{"tag":"TypeConstructor","contents":[["Data","Generic"],"GenericSpine"]}]}]}]},{"tag":"TypeConstructor","contents":[["Data","Generic"],"GenericSpine"]}]},"edDataCtorFields":[{"Ident":"value0"}]}},{"EDDataConstructor":{"edDataCtorName":"SUnit","edDataCtorOrigin":"data","edDataCtorTypeCtor":"GenericSpine","edDataCtorType":{"tag":"TypeConstructor","contents":[["Data","Generic"],"GenericSpine"]},"edDataCtorFields":[]}},{"EDType":{"edTypeName":"Generic","edTypeKind":{"tag":"FunKind","contents":[{"tag":"NamedKind","contents":[["Prim"],"Type"]},{"tag":"NamedKind","contents":[["Prim"],"Type"]}]},"edTypeDeclarationKind":"TypeSynonym"}},{"EDTypeSynonym":{"edTypeSynonymName":"Generic","edTypeSynonymArguments":[["a",null]],"edTypeSynonymType":{"tag":"TypeApp","contents":[{"tag":"TypeConstructor","contents":[["Prim"],"Record"]},{"tag":"RCons","contents":["toSpine",{"tag":"TypeApp","contents":[{"tag":"TypeApp","contents":[{"tag":"TypeConstructor","contents":[["Prim"],"Function"]},{"tag":"TypeVar","contents":"a"}]},{"tag":"TypeConstructor","contents":[["Data","Generic"],"GenericSpine"]}]},{"tag":"RCons","contents":["toSignature",{"tag":"TypeApp","contents":[{"tag":"TypeApp","contents":[{"tag":"TypeConstructor","contents":[["Prim"],"Function"]},{"tag":"TypeApp","contents":[{"tag":"TypeConstructor","contents":[["Type","Proxy"],"Proxy"]},{"tag":"TypeVar","contents":"a"}]}]},{"tag":"TypeConstructor","contents":[["Data","Generic"],"GenericSignature"]}]},{"tag":"RCons","contents":["fromSpine",{"tag":"TypeApp","contents":[{"tag":"TypeApp","contents":[{"tag":"TypeConstructor","contents":[["Prim"],"Function"]},{"tag":"TypeConstructor","contents":[["Data","Generic"],"GenericSpine"]}]},{"tag":"TypeApp","contents":[{"tag":"TypeConstructor","contents":[["Data","Maybe"],"Maybe"]},{"tag":"TypeVar","contents":"a"}]}]},{"tag":"REmpty"}]}]}]}]}}},{"EDClass":{"edClassName":"Generic","edClassTypeArguments":[["a",null]],"edClassMembers":[[{"Ident":"toSpine"},{"tag":"TypeApp","contents":[{"tag":"TypeApp","contents":[{"tag":"TypeConstructor","contents":[["Prim"],"Function"]},{"tag":"TypeVar","contents":"a"}]},{"tag":"TypeConstructor","contents":[["Data","Generic"],"GenericSpine"]}]}],[{"Ident":"toSignature"},{"tag":"TypeApp","contents":[{"tag":"TypeApp","contents":[{"tag":"TypeConstructor","contents":[["Prim"],"Function"]},{"tag":"TypeApp","contents":[{"tag":"TypeConstructor","contents":[["Type","Proxy"],"Proxy"]},{"tag":"TypeVar","contents":"a"}]}]},{"tag":"TypeConstructor","contents":[["Data","Generic"],"GenericSignature"]}]}],[{"Ident":"fromSpine"},{"tag":"TypeApp","contents":[{"tag":"TypeApp","contents":[{"tag":"TypeConstructor","contents":[["Prim"],"Function"]},{"tag":"TypeConstructor","contents":[["Data","Generic"],"GenericSpine"]}]},{"tag":"TypeApp","contents":[{"tag":"TypeConstructor","contents":[["Data","Maybe"],"Maybe"]},{"tag":"TypeVar","contents":"a"}]}]}]],"edClassConstraints":[],"edFunctionalDependencies":[]}},{"EDValue":{"edValueName":{"Ident":"fromSpine"},"edValueType":{"tag":"ForAll","contents":["a",{"tag":"ConstrainedType","contents":[{"constraintClass":[["Data","Generic"],"Generic"],"constraintArgs":[{"tag":"TypeVar","contents":"a"}],"constraintData":null},{"tag":"TypeApp","contents":[{"tag":"TypeApp","contents":[{"tag":"TypeConstructor","contents":[["Prim"],"Function"]},{"tag":"TypeConstructor","contents":[["Data","Generic"],"GenericSpine"]}]},{"tag":"TypeApp","contents":[{"tag":"TypeConstructor","contents":[["Data","Maybe"],"Maybe"]},{"tag":"TypeVar","contents":"a"}]}]}]},18]}}},{"EDValue":{"edValueName":{"Ident":"gCompare"},"edValueType":{"tag":"ForAll","contents":["a",{"tag":"ConstrainedType","contents":[{"constraintClass":[["Data","Generic"],"Generic"],"constraintArgs":[{"tag":"TypeVar","contents":"a"}],"constraintData":null},{"tag":"TypeApp","contents":[{"tag":"TypeApp","contents":[{"tag":"TypeConstructor","contents":[["Prim"],"Function"]},{"tag":"TypeVar","contents":"a"}]},{"tag":"TypeApp","contents":[{"tag":"TypeApp","contents":[{"tag":"TypeConstructor","contents":[["Prim"],"Function"]},{"tag":"TypeVar","contents":"a"}]},{"tag":"TypeConstructor","contents":[["Data","Ordering"],"Ordering"]}]}]}]},16]}}},{"EDValue":{"edValueName":{"Ident":"gEq"},"edValueType":{"tag":"ForAll","contents":["a",{"tag":"ConstrainedType","contents":[{"constraintClass":[["Data","Generic"],"Generic"],"constraintArgs":[{"tag":"TypeVar","contents":"a"}],"constraintData":null},{"tag":"TypeApp","contents":[{"tag":"TypeApp","contents":[{"tag":"TypeConstructor","contents":[["Prim"],"Function"]},{"tag":"TypeVar","contents":"a"}]},{"tag":"TypeApp","contents":[{"tag":"TypeApp","contents":[{"tag":"TypeConstructor","contents":[["Prim"],"Function"]},{"tag":"TypeVar","contents":"a"}]},{"tag":"TypeConstructor","contents":[["Prim"],"Boolean"]}]}]}]},14]}}},{"EDValue":{"edValueName":{"Ident":"gShow"},"edValueType":{"tag":"ForAll","contents":["a",{"tag":"ConstrainedType","contents":[{"constraintClass":[["Data","Generic"],"Generic"],"constraintArgs":[{"tag":"TypeVar","contents":"a"}],"constraintData":null},{"tag":"TypeApp","contents":[{"tag":"TypeApp","contents":[{"tag":"TypeConstructor","contents":[["Prim"],"Function"]},{"tag":"TypeVar","contents":"a"}]},{"tag":"TypeConstructor","contents":[["Prim"],"String"]}]}]},65]}}},{"EDValue":{"edValueName":{"Ident":"isValidSpine"},"edValueType":{"tag":"TypeApp","contents":[{"tag":"TypeApp","contents":[{"tag":"TypeConstructor","contents":[["Prim"],"Function"]},{"tag":"TypeConstructor","contents":[["Data","Generic"],"GenericSignature"]}]},{"tag":"TypeApp","contents":[{"tag":"TypeApp","contents":[{"tag":"TypeConstructor","contents":[["Prim"],"Function"]},{"tag":"TypeConstructor","contents":[["Data","Generic"],"GenericSpine"]}]},{"tag":"TypeConstructor","contents":[["Prim"],"Boolean"]}]}]}}},{"EDValue":{"edValueName":{"Ident":"showDataConstructor"},"edValueType":{"tag":"TypeApp","contents":[{"tag":"TypeApp","contents":[{"tag":"TypeConstructor","contents":[["Prim"],"Function"]},{"tag":"TypeApp","contents":[{"tag":"TypeConstructor","contents":[["Prim"],"Record"]},{"tag":"RCons","contents":["sigConstructor",{"tag":"TypeConstructor","contents":[["Prim"],"String"]},{"tag":"RCons","contents":["sigValues",{"tag":"TypeApp","contents":[{"tag":"TypeConstructor","contents":[["Prim"],"Array"]},{"tag":"TypeApp","contents":[{"tag":"TypeApp","contents":[{"tag":"TypeConstructor","contents":[["Prim"],"Function"]},{"tag":"TypeConstructor","contents":[["Data","Unit"],"Unit"]}]},{"tag":"TypeConstructor","contents":[["Data","Generic"],"GenericSignature"]}]}]},{"tag":"REmpty"}]}]}]}]},{"tag":"TypeConstructor","contents":[["Prim"],"String"]}]}}},{"EDValue":{"edValueName":{"Ident":"showSignature"},"edValueType":{"tag":"TypeApp","contents":[{"tag":"TypeApp","contents":[{"tag":"TypeConstructor","contents":[["Prim"],"Function"]},{"tag":"TypeConstructor","contents":[["Data","Generic"],"GenericSignature"]}]},{"tag":"TypeConstructor","contents":[["Prim"],"String"]}]}}},{"EDValue":{"edValueName":{"Ident":"toSignature"},"edValueType":{"tag":"ForAll","contents":["a",{"tag":"ConstrainedType","contents":[{"constraintClass":[["Data","Generic"],"Generic"],"constraintArgs":[{"tag":"TypeVar","contents":"a"}],"constraintData":null},{"tag":"TypeApp","contents":[{"tag":"TypeApp","contents":[{"tag":"TypeConstructor","contents":[["Prim"],"Function"]},{"tag":"TypeApp","contents":[{"tag":"TypeConstructor","contents":[["Type","Proxy"],"Proxy"]},{"tag":"TypeVar","contents":"a"}]}]},{"tag":"TypeConstructor","contents":[["Data","Generic"],"GenericSignature"]}]}]},1]}}},{"EDValue":{"edValueName":{"Ident":"toSpine"},"edValueType":{"tag":"ForAll","contents":["a",{"tag":"ConstrainedType","contents":[{"constraintClass":[["Data","Generic"],"Generic"],"constraintArgs":[{"tag":"TypeVar","contents":"a"}],"constraintData":null},{"tag":"TypeApp","contents":[{"tag":"TypeApp","contents":[{"tag":"TypeConstructor","contents":[["Prim"],"Function"]},{"tag":"TypeVar","contents":"a"}]},{"tag":"TypeConstructor","contents":[["Data","Generic"],"GenericSpine"]}]}]},0]}}},{"EDInstance":{"edInstanceClassName":[["Data","Generic"],"Generic"],"edInstanceName":{"Ident":"genericNumber"},"edInstanceTypes":[{"tag":"TypeConstructor","contents":[["Prim"],"Number"]}],"edInstanceConstraints":[]}},{"EDInstance":{"edInstanceClassName":[["Data","Generic"],"Generic"],"edInstanceName":{"Ident":"genericInt"},"edInstanceTypes":[{"tag":"TypeConstructor","contents":[["Prim"],"Int"]}],"edInstanceConstraints":[]}},{"EDInstance":{"edInstanceClassName":[["Data","Generic"],"Generic"],"edInstanceName":{"Ident":"genericString"},"edInstanceTypes":[{"tag":"TypeConstructor","contents":[["Prim"],"String"]}],"edInstanceConstraints":[]}},{"EDInstance":{"edInstanceClassName":[["Data","Generic"],"Generic"],"edInstanceName":{"Ident":"genericChar"},"edInstanceTypes":[{"tag":"TypeConstructor","contents":[["Prim"],"Char"]}],"edInstanceConstraints":[]}},{"EDInstance":{"edInstanceClassName":[["Data","Generic"],"Generic"],"edInstanceName":{"Ident":"genericBool"},"edInstanceTypes":[{"tag":"TypeConstructor","contents":[["Prim"],"Boolean"]}],"edInstanceConstraints":[]}},{"EDInstance":{"edInstanceClassName":[["Data","Generic"],"Generic"],"edInstanceName":{"Ident":"genericArray"},"edInstanceTypes":[{"tag":"TypeApp","contents":[{"tag":"TypeConstructor","contents":[["Prim"],"Array"]},{"tag":"TypeVar","contents":"a"}]}],"edInstanceConstraints":[{"constraintClass":[["Data","Generic"],"Generic"],"constraintArgs":[{"tag":"TypeVar","contents":"a"}],"constraintData":null}]}},{"EDInstance":{"edInstanceClassName":[["Data","Generic"],"Generic"],"edInstanceName":{"Ident":"genericUnit"},"edInstanceTypes":[{"tag":"TypeConstructor","contents":[["Data","Unit"],"Unit"]}],"edInstanceConstraints":[]}},{"EDInstance":{"edInstanceClassName":[["Data","Generic"],"Generic"],"edInstanceName":{"Ident":"genericVoid"},"edInstanceTypes":[{"tag":"TypeConstructor","contents":[["Data","Void"],"Void"]}],"edInstanceConstraints":[]}},{"EDInstance":{"edInstanceClassName":[["Data","Generic"],"Generic"],"edInstanceName":{"Ident":"genericTuple"},"edInstanceTypes":[{"tag":"TypeApp","contents":[{"tag":"TypeApp","contents":[{"tag":"TypeConstructor","contents":[["Data","Tuple"],"Tuple"]},{"tag":"TypeVar","contents":"a"}]},{"tag":"TypeVar","contents":"b"}]}],"edInstanceConstraints":[{"constraintClass":[["Data","Generic"],"Generic"],"constraintArgs":[{"tag":"TypeVar","contents":"a"}],"constraintData":null},{"constraintClass":[["Data","Generic"],"Generic"],"constraintArgs":[{"tag":"TypeVar","contents":"b"}],"constraintData":null}]}},{"EDInstance":{"edInstanceClassName":[["Data","Generic"],"Generic"],"edInstanceName":{"Ident":"genericList"},"edInstanceTypes":[{"tag":"TypeApp","contents":[{"tag":"TypeConstructor","contents":[["Data","List","Types"],"List"]},{"tag":"TypeVar","contents":"a"}]}],"edInstanceConstraints":[{"constraintClass":[["Data","Generic"],"Generic"],"constraintArgs":[{"tag":"TypeVar","contents":"a"}],"constraintData":null}]}},{"EDInstance":{"edInstanceClassName":[["Data","Generic"],"Generic"],"edInstanceName":{"Ident":"genericNonEmptyList"},"edInstanceTypes":[{"tag":"TypeApp","contents":[{"tag":"TypeConstructor","contents":[["Data","List","Types"],"NonEmptyList"]},{"tag":"TypeVar","contents":"a"}]}],"edInstanceConstraints":[{"constraintClass":[["Data","Generic"],"Generic"],"constraintArgs":[{"tag":"TypeVar","contents":"a"}],"constraintData":null}]}},{"EDInstance":{"edInstanceClassName":[["Data","Generic"],"Generic"],"edInstanceName":{"Ident":"genericMaybe"},"edInstanceTypes":[{"tag":"TypeApp","contents":[{"tag":"TypeConstructor","contents":[["Data","Maybe"],"Maybe"]},{"tag":"TypeVar","contents":"a"}]}],"edInstanceConstraints":[{"constraintClass":[["Data","Generic"],"Generic"],"constraintArgs":[{"tag":"TypeVar","contents":"a"}],"constraintData":null}]}},{"EDInstance":{"edInstanceClassName":[["Data","Generic"],"Generic"],"edInstanceName":{"Ident":"genericEither"},"edInstanceTypes":[{"tag":"TypeApp","contents":[{"tag":"TypeApp","contents":[{"tag":"TypeConstructor","contents":[["Data","Either"],"Either"]},{"tag":"TypeVar","contents":"a"}]},{"tag":"TypeVar","contents":"b"}]}],"edInstanceConstraints":[{"constraintClass":[["Data","Generic"],"Generic"],"constraintArgs":[{"tag":"TypeVar","contents":"a"}],"constraintData":null},{"constraintClass":[["Data","Generic"],"Generic"],"constraintArgs":[{"tag":"TypeVar","contents":"b"}],"constraintData":null}]}},{"EDInstance":{"edInstanceClassName":[["Data","Generic"],"Generic"],"edInstanceName":{"Ident":"genericIdentity"},"edInstanceTypes":[{"tag":"TypeApp","contents":[{"tag":"TypeConstructor","contents":[["Data","Identity"],"Identity"]},{"tag":"TypeVar","contents":"a"}]}],"edInstanceConstraints":[{"constraintClass":[["Data","Generic"],"Generic"],"constraintArgs":[{"tag":"TypeVar","contents":"a"}],"constraintData":null}]}},{"EDInstance":{"edInstanceClassName":[["Data","Generic"],"Generic"],"edInstanceName":{"Ident":"genericOrdering"},"edInstanceTypes":[{"tag":"TypeConstructor","contents":[["Data","Ordering"],"Ordering"]}],"edInstanceConstraints":[]}},{"EDInstance":{"edInstanceClassName":[["Data","Generic"],"Generic"],"edInstanceName":{"Ident":"genericNonEmpty"},"edInstanceTypes":[{"tag":"TypeApp","contents":[{"tag":"TypeApp","contents":[{"tag":"TypeConstructor","contents":[["Data","NonEmpty"],"NonEmpty"]},{"tag":"TypeVar","contents":"f"}]},{"tag":"TypeVar","contents":"a"}]}],"edInstanceConstraints":[{"constraintClass":[["Data","Generic"],"Generic"],"constraintArgs":[{"tag":"TypeApp","contents":[{"tag":"TypeVar","contents":"f"},{"tag":"TypeVar","contents":"a"}]}],"constraintData":null},{"constraintClass":[["Data","Generic"],"Generic"],"constraintArgs":[{"tag":"TypeVar","contents":"a"}],"constraintData":null}]}},{"EDInstance":{"edInstanceClassName":[["Data","Show"],"Show"],"edInstanceName":{"Ident":"showGenericSpine"},"edInstanceTypes":[{"tag":"TypeConstructor","contents":[["Data","Generic"],"GenericSpine"]}],"edInstanceConstraints":[]}},{"EDInstance":{"edInstanceClassName":[["Data","Eq"],"Eq"],"edInstanceName":{"Ident":"eqGenericSpine"},"edInstanceTypes":[{"tag":"TypeConstructor","contents":[["Data","Generic"],"GenericSpine"]}],"edInstanceConstraints":[]}},{"EDInstance":{"edInstanceClassName":[["Data","Ord"],"Ord"],"edInstanceName":{"Ident":"ordGenericSpine"},"edInstanceTypes":[{"tag":"TypeConstructor","contents":[["Data","Generic"],"GenericSpine"]}],"edInstanceConstraints":[]}},{"EDInstance":{"edInstanceClassName":[["Data","Eq"],"Eq"],"edInstanceName":{"Ident":"eqGenericSignature"},"edInstanceTypes":[{"tag":"TypeConstructor","contents":[["Data","Generic"],"GenericSignature"]}],"edInstanceConstraints":[]}},{"EDInstance":{"edInstanceClassName":[["Data","Show"],"Show"],"edInstanceName":{"Ident":"showGenericSignature"},"edInstanceTypes":[{"tag":"TypeConstructor","contents":[["Data","Generic"],"GenericSignature"]}],"edInstanceConstraints":[]}}],"efSourceSpan":{"start":[1,1],"name":"/home/dhruv/Final/bower_components/purescript-generics/src/Data/Generic.purs","end":[541,10]}}