{"efVersion":"0.11.6","efModuleName":["DOM","Event","CompositionEvent"],"efExports":[{"ReExportRef":[{"start":[1,1],"name":"/home/dhruv/Final/bower_components/purescript-dom/src/DOM/Event/CompositionEvent.purs","end":[15,45]},["DOM","Event","Types"],{"TypeRef":[{"start":[1,1],"name":"/home/dhruv/Final/bower_components/purescript-dom/src/DOM/Event/CompositionEvent.purs","end":[15,45]},"CompositionEvent",[]]}]},{"ReExportRef":[{"start":[1,1],"name":"/home/dhruv/Final/bower_components/purescript-dom/src/DOM/Event/CompositionEvent.purs","end":[15,45]},["DOM","Event","Types"],{"ValueRef":[{"start":[1,1],"name":"/home/dhruv/Final/bower_components/purescript-dom/src/DOM/Event/CompositionEvent.purs","end":[15,45]},{"Ident":"compositionEventToEvent"}]}]},{"ValueRef":[{"start":[1,1],"name":"/home/dhruv/Final/bower_components/purescript-dom/src/DOM/Event/CompositionEvent.purs","end":[15,45]},{"Ident":"data_"}]},{"ValueRef":[{"start":[1,1],"name":"/home/dhruv/Final/bower_components/purescript-dom/src/DOM/Event/CompositionEvent.purs","end":[15,45]},{"Ident":"eventToCompositionEvent"}]},{"ReExportRef":[{"start":[1,1],"name":"/home/dhruv/Final/bower_components/purescript-dom/src/DOM/Event/CompositionEvent.purs","end":[15,45]},["DOM","Event","Types"],{"ValueRef":[{"start":[1,1],"name":"/home/dhruv/Final/bower_components/purescript-dom/src/DOM/Event/CompositionEvent.purs","end":[15,45]},{"Ident":"readCompositionEvent"}]}]},{"ModuleRef":[{"start":[2,5],"name":"/home/dhruv/Final/bower_components/purescript-dom/src/DOM/Event/CompositionEvent.purs","end":[2,13]},["T"]]}],"efImports":[{"eiModule":["Prim"],"eiImportType":{"Implicit":[]},"eiImportedAs":null},{"eiModule":["Prim"],"eiImportType":{"Implicit":[]},"eiImportedAs":["Prim"]},{"eiModule":["Prelude"],"eiImportType":{"Implicit":[]},"eiImportedAs":null},{"eiModule":["Data","Foreign"],"eiImportType":{"Explicit":[{"TypeRef":[{"start":[8,22],"name":"/home/dhruv/Final/bower_components/purescript-dom/src/DOM/Event/CompositionEvent.purs","end":[8,23]},"F",[]]},{"ValueRef":[{"start":[8,25],"name":"/home/dhruv/Final/bower_components/purescript-dom/src/DOM/Event/CompositionEvent.purs","end":[8,34]},{"Ident":"toForeign"}]}]},"eiImportedAs":null},{"eiModule":["DOM","Event","Types"],"eiImportType":{"Explicit":[{"TypeRef":[{"start":[9,25],"name":"/home/dhruv/Final/bower_components/purescript-dom/src/DOM/Event/CompositionEvent.purs","end":[9,41]},"CompositionEvent",[]]},{"TypeRef":[{"start":[9,43],"name":"/home/dhruv/Final/bower_components/purescript-dom/src/DOM/Event/CompositionEvent.purs","end":[9,48]},"Event",[]]},{"ValueRef":[{"start":[9,50],"name":"/home/dhruv/Final/bower_components/purescript-dom/src/DOM/Event/CompositionEvent.purs","end":[9,70]},{"Ident":"readCompositionEvent"}]}]},"eiImportedAs":null},{"eiModule":["DOM","Event","Types"],"eiImportType":{"Explicit":[{"TypeRef":[{"start":[10,25],"name":"/home/dhruv/Final/bower_components/purescript-dom/src/DOM/Event/CompositionEvent.purs","end":[10,41]},"CompositionEvent",[]]},{"ValueRef":[{"start":[10,43],"name":"/home/dhruv/Final/bower_components/purescript-dom/src/DOM/Event/CompositionEvent.purs","end":[10,66]},{"Ident":"compositionEventToEvent"}]},{"ValueRef":[{"start":[10,68],"name":"/home/dhruv/Final/bower_components/purescript-dom/src/DOM/Event/CompositionEvent.purs","end":[10,88]},{"Ident":"readCompositionEvent"}]}]},"eiImportedAs":["T"]}],"efFixities":[],"efTypeFixities":[],"efDeclarations":[{"EDValue":{"edValueName":{"Ident":"data_"},"edValueType":{"tag":"TypeApp","contents":[{"tag":"TypeApp","contents":[{"tag":"TypeConstructor","contents":[["Prim"],"Function"]},{"tag":"TypeConstructor","contents":[["DOM","Event","Types"],"CompositionEvent"]}]},{"tag":"TypeConstructor","contents":[["Prim"],"String"]}]}}},{"EDValue":{"edValueName":{"Ident":"eventToCompositionEvent"},"edValueType":{"tag":"TypeApp","contents":[{"tag":"TypeApp","contents":[{"tag":"TypeConstructor","contents":[["Prim"],"Function"]},{"tag":"TypeConstructor","contents":[["DOM","Event","Types"],"Event"]}]},{"tag":"TypeApp","contents":[{"tag":"TypeApp","contents":[{"tag":"TypeApp","contents":[{"tag":"TypeConstructor","contents":[["Control","Monad","Except","Trans"],"ExceptT"]},{"tag":"TypeApp","contents":[{"tag":"TypeConstructor","contents":[["Data","List","Types"],"NonEmptyList"]},{"tag":"TypeConstructor","contents":[["Data","Foreign"],"ForeignError"]}]}]},{"tag":"TypeConstructor","contents":[["Data","Identity"],"Identity"]}]},{"tag":"TypeConstructor","contents":[["DOM","Event","Types"],"CompositionEvent"]}]}]}}}],"efSourceSpan":{"start":[1,1],"name":"/home/dhruv/Final/bower_components/purescript-dom/src/DOM/Event/CompositionEvent.purs","end":[15,45]}}