{"efVersion":"0.11.6","efModuleName":["Color","Scale","Perceptual"],"efExports":[{"ValueRef":[{"start":[1,1],"name":"/home/dhruv/Final/bower_components/purescript-colors/src/Color/Scale/Perceptual.purs","end":[1078,55]},{"Ident":"inferno"}]},{"ValueRef":[{"start":[1,1],"name":"/home/dhruv/Final/bower_components/purescript-colors/src/Color/Scale/Perceptual.purs","end":[1078,55]},{"Ident":"magma"}]},{"ValueRef":[{"start":[1,1],"name":"/home/dhruv/Final/bower_components/purescript-colors/src/Color/Scale/Perceptual.purs","end":[1078,55]},{"Ident":"plasma"}]},{"ValueRef":[{"start":[1,1],"name":"/home/dhruv/Final/bower_components/purescript-colors/src/Color/Scale/Perceptual.purs","end":[1078,55]},{"Ident":"viridis"}]}],"efImports":[{"eiModule":["Prim"],"eiImportType":{"Implicit":[]},"eiImportedAs":null},{"eiModule":["Prim"],"eiImportType":{"Implicit":[]},"eiImportedAs":["Prim"]},{"eiModule":["Prelude"],"eiImportType":{"Implicit":[]},"eiImportedAs":null},{"eiModule":["Data","Array"],"eiImportType":{"Explicit":[{"ValueRef":[{"start":[14,20],"name":"/home/dhruv/Final/bower_components/purescript-colors/src/Color/Scale/Perceptual.purs","end":[14,25]},{"Ident":"slice"}]}]},"eiImportedAs":null},{"eiModule":["Data","Array","Partial"],"eiImportType":{"Explicit":[{"ValueRef":[{"start":[15,28],"name":"/home/dhruv/Final/bower_components/purescript-colors/src/Color/Scale/Perceptual.purs","end":[15,32]},{"Ident":"head"}]},{"ValueRef":[{"start":[15,34],"name":"/home/dhruv/Final/bower_components/purescript-colors/src/Color/Scale/Perceptual.purs","end":[15,38]},{"Ident":"last"}]}]},"eiImportedAs":null},{"eiModule":["Partial","Unsafe"],"eiImportType":{"Explicit":[{"ValueRef":[{"start":[16,24],"name":"/home/dhruv/Final/bower_components/purescript-colors/src/Color/Scale/Perceptual.purs","end":[16,37]},{"Ident":"unsafePartial"}]}]},"eiImportedAs":null},{"eiModule":["Color"],"eiImportType":{"Explicit":[{"TypeRef":[{"start":[18,15],"name":"/home/dhruv/Final/bower_components/purescript-colors/src/Color/Scale/Perceptual.purs","end":[18,30]},"ColorSpace",["RGB"]]},{"ValueRef":[{"start":[18,32],"name":"/home/dhruv/Final/bower_components/purescript-colors/src/Color/Scale/Perceptual.purs","end":[18,36]},{"Ident":"rgb'"}]}]},"eiImportedAs":null},{"eiModule":["Color","Scale"],"eiImportType":{"Explicit":[{"TypeRef":[{"start":[19,21],"name":"/home/dhruv/Final/bower_components/purescript-colors/src/Color/Scale/Perceptual.purs","end":[19,31]},"ColorScale",[]]},{"ValueRef":[{"start":[19,33],"name":"/home/dhruv/Final/bower_components/purescript-colors/src/Color/Scale/Perceptual.purs","end":[19,45]},{"Ident":"uniformScale"}]}]},"eiImportedAs":null}],"efFixities":[],"efTypeFixities":[],"efDeclarations":[{"EDValue":{"edValueName":{"Ident":"inferno"},"edValueType":{"tag":"TypeConstructor","contents":[["Color","Scale"],"ColorScale"]}}},{"EDValue":{"edValueName":{"Ident":"magma"},"edValueType":{"tag":"TypeConstructor","contents":[["Color","Scale"],"ColorScale"]}}},{"EDValue":{"edValueName":{"Ident":"plasma"},"edValueType":{"tag":"TypeConstructor","contents":[["Color","Scale"],"ColorScale"]}}},{"EDValue":{"edValueName":{"Ident":"viridis"},"edValueType":{"tag":"TypeConstructor","contents":[["Color","Scale"],"ColorScale"]}}}],"efSourceSpan":{"start":[1,1],"name":"/home/dhruv/Final/bower_components/purescript-colors/src/Color/Scale/Perceptual.purs","end":[1078,55]}}