{"efVersion":"0.11.6","efModuleName":["DOM","HTML","HTMLMediaElement","CanPlayType"],"efExports":[{"TypeRef":[{"start":[1,1],"name":"/home/dhruv/Final/bower_components/purescript-dom/src/DOM/HTML/HTMLMediaElement/CanPlayType.purs","end":[29,24]},"CanPlayType",[]]},{"ValueRef":[{"start":[1,1],"name":"/home/dhruv/Final/bower_components/purescript-dom/src/DOM/HTML/HTMLMediaElement/CanPlayType.purs","end":[29,24]},{"Ident":"maybe"}]},{"ValueRef":[{"start":[1,1],"name":"/home/dhruv/Final/bower_components/purescript-dom/src/DOM/HTML/HTMLMediaElement/CanPlayType.purs","end":[29,24]},{"Ident":"probably"}]},{"ValueRef":[{"start":[1,1],"name":"/home/dhruv/Final/bower_components/purescript-dom/src/DOM/HTML/HTMLMediaElement/CanPlayType.purs","end":[29,24]},{"Ident":"runCanPlayType"}]},{"ValueRef":[{"start":[1,1],"name":"/home/dhruv/Final/bower_components/purescript-dom/src/DOM/HTML/HTMLMediaElement/CanPlayType.purs","end":[29,24]},{"Ident":"unspecified"}]},{"TypeInstanceRef":[{"start":[0,0],"name":"<generated>","end":[0,0]},{"Ident":"eqCanPlayType"}]},{"TypeInstanceRef":[{"start":[0,0],"name":"<generated>","end":[0,0]},{"Ident":"ordCanPlayType"}]},{"TypeInstanceRef":[{"start":[0,0],"name":"<generated>","end":[0,0]},{"Ident":"showCanPlayType"}]}],"efImports":[{"eiModule":["Prim"],"eiImportType":{"Implicit":[]},"eiImportedAs":null},{"eiModule":["Prim"],"eiImportType":{"Implicit":[]},"eiImportedAs":["Prim"]},{"eiModule":["Prelude"],"eiImportType":{"Implicit":[]},"eiImportedAs":null}],"efFixities":[],"efTypeFixities":[],"efDeclarations":[{"EDType":{"edTypeName":"CanPlayType","edTypeKind":{"tag":"NamedKind","contents":[["Prim"],"Type"]},"edTypeDeclarationKind":{"DataType":{"args":[],"ctors":[["CanPlayType",[{"tag":"TypeConstructor","contents":[["Prim"],"String"]}]]]}}}},{"EDValue":{"edValueName":{"Ident":"maybe"},"edValueType":{"tag":"TypeConstructor","contents":[["DOM","HTML","HTMLMediaElement","CanPlayType"],"CanPlayType"]}}},{"EDValue":{"edValueName":{"Ident":"probably"},"edValueType":{"tag":"TypeConstructor","contents":[["DOM","HTML","HTMLMediaElement","CanPlayType"],"CanPlayType"]}}},{"EDValue":{"edValueName":{"Ident":"runCanPlayType"},"edValueType":{"tag":"TypeApp","contents":[{"tag":"TypeApp","contents":[{"tag":"TypeConstructor","contents":[["Prim"],"Function"]},{"tag":"TypeConstructor","contents":[["DOM","HTML","HTMLMediaElement","CanPlayType"],"CanPlayType"]}]},{"tag":"TypeConstructor","contents":[["Prim"],"String"]}]}}},{"EDValue":{"edValueName":{"Ident":"unspecified"},"edValueType":{"tag":"TypeConstructor","contents":[["DOM","HTML","HTMLMediaElement","CanPlayType"],"CanPlayType"]}}},{"EDInstance":{"edInstanceClassName":[["Data","Eq"],"Eq"],"edInstanceName":{"Ident":"eqCanPlayType"},"edInstanceTypes":[{"tag":"TypeConstructor","contents":[["DOM","HTML","HTMLMediaElement","CanPlayType"],"CanPlayType"]}],"edInstanceConstraints":[]}},{"EDInstance":{"edInstanceClassName":[["Data","Ord"],"Ord"],"edInstanceName":{"Ident":"ordCanPlayType"},"edInstanceTypes":[{"tag":"TypeConstructor","contents":[["DOM","HTML","HTMLMediaElement","CanPlayType"],"CanPlayType"]}],"edInstanceConstraints":[]}},{"EDInstance":{"edInstanceClassName":[["Data","Show"],"Show"],"edInstanceName":{"Ident":"showCanPlayType"},"edInstanceTypes":[{"tag":"TypeConstructor","contents":[["DOM","HTML","HTMLMediaElement","CanPlayType"],"CanPlayType"]}],"edInstanceConstraints":[]}}],"efSourceSpan":{"start":[1,1],"name":"/home/dhruv/Final/bower_components/purescript-dom/src/DOM/HTML/HTMLMediaElement/CanPlayType.purs","end":[29,24]}}