{"efVersion":"0.11.6","efModuleName":["Signal","DOM"],"efExports":[{"TypeRef":[{"start":[1,1],"name":"/home/dhruv/Final/bower_components/purescript-signal/src/Signal/DOM.purs","end":[78,38]},"CoordinatePair",[]]},{"TypeRef":[{"start":[1,1],"name":"/home/dhruv/Final/bower_components/purescript-signal/src/Signal/DOM.purs","end":[78,38]},"DimensionPair",[]]},{"TypeRef":[{"start":[1,1],"name":"/home/dhruv/Final/bower_components/purescript-signal/src/Signal/DOM.purs","end":[78,38]},"Touch",[]]},{"ValueRef":[{"start":[1,1],"name":"/home/dhruv/Final/bower_components/purescript-signal/src/Signal/DOM.purs","end":[78,38]},{"Ident":"animationFrame"}]},{"ValueRef":[{"start":[1,1],"name":"/home/dhruv/Final/bower_components/purescript-signal/src/Signal/DOM.purs","end":[78,38]},{"Ident":"keyPressed"}]},{"ValueRef":[{"start":[1,1],"name":"/home/dhruv/Final/bower_components/purescript-signal/src/Signal/DOM.purs","end":[78,38]},{"Ident":"mouseButton"}]},{"ValueRef":[{"start":[1,1],"name":"/home/dhruv/Final/bower_components/purescript-signal/src/Signal/DOM.purs","end":[78,38]},{"Ident":"mousePos"}]},{"ValueRef":[{"start":[1,1],"name":"/home/dhruv/Final/bower_components/purescript-signal/src/Signal/DOM.purs","end":[78,38]},{"Ident":"tap"}]},{"ValueRef":[{"start":[1,1],"name":"/home/dhruv/Final/bower_components/purescript-signal/src/Signal/DOM.purs","end":[78,38]},{"Ident":"touch"}]},{"ValueRef":[{"start":[1,1],"name":"/home/dhruv/Final/bower_components/purescript-signal/src/Signal/DOM.purs","end":[78,38]},{"Ident":"windowDimensions"}]}],"efImports":[{"eiModule":["Prim"],"eiImportType":{"Implicit":[]},"eiImportedAs":null},{"eiModule":["Prim"],"eiImportType":{"Implicit":[]},"eiImportedAs":["Prim"]},{"eiModule":["Control","Monad","Eff"],"eiImportType":{"Explicit":[{"TypeRef":[{"start":[14,27],"name":"/home/dhruv/Final/bower_components/purescript-signal/src/Signal/DOM.purs","end":[14,30]},"Eff",[]]}]},"eiImportedAs":null},{"eiModule":["Control","Monad","Eff","Timer"],"eiImportType":{"Explicit":[{"TypeRef":[{"start":[15,33],"name":"/home/dhruv/Final/bower_components/purescript-signal/src/Signal/DOM.purs","end":[15,38]},"TIMER",[]]}]},"eiImportedAs":null},{"eiModule":["DOM"],"eiImportType":{"Explicit":[{"TypeRef":[{"start":[16,13],"name":"/home/dhruv/Final/bower_components/purescript-signal/src/Signal/DOM.purs","end":[16,16]},"DOM",[]]}]},"eiImportedAs":null},{"eiModule":["Prelude"],"eiImportType":{"Explicit":[{"ValueOpRef":[{"start":[17,17],"name":"/home/dhruv/Final/bower_components/purescript-signal/src/Signal/DOM.purs","end":[17,20]},"$"]},{"ValueRef":[{"start":[17,22],"name":"/home/dhruv/Final/bower_components/purescript-signal/src/Signal/DOM.purs","end":[17,26]},{"Ident":"bind"}]},{"ValueRef":[{"start":[17,28],"name":"/home/dhruv/Final/bower_components/purescript-signal/src/Signal/DOM.purs","end":[17,32]},{"Ident":"pure"}]}]},"eiImportedAs":null},{"eiModule":["Signal"],"eiImportType":{"Explicit":[{"ValueRef":[{"start":[18,16],"name":"/home/dhruv/Final/bower_components/purescript-signal/src/Signal/DOM.purs","end":[18,24]},{"Ident":"constant"}]},{"TypeRef":[{"start":[18,26],"name":"/home/dhruv/Final/bower_components/purescript-signal/src/Signal/DOM.purs","end":[18,32]},"Signal",[]]},{"ValueOpRef":[{"start":[18,34],"name":"/home/dhruv/Final/bower_components/purescript-signal/src/Signal/DOM.purs","end":[18,38]},"~>"]}]},"eiImportedAs":null},{"eiModule":["Signal","Time"],"eiImportType":{"Explicit":[{"ValueRef":[{"start":[19,21],"name":"/home/dhruv/Final/bower_components/purescript-signal/src/Signal/DOM.purs","end":[19,24]},{"Ident":"now"}]},{"TypeRef":[{"start":[19,26],"name":"/home/dhruv/Final/bower_components/purescript-signal/src/Signal/DOM.purs","end":[19,30]},"Time",[]]}]},"eiImportedAs":null}],"efFixities":[],"efTypeFixities":[],"efDeclarations":[{"EDType":{"edTypeName":"CoordinatePair","edTypeKind":{"tag":"NamedKind","contents":[["Prim"],"Type"]},"edTypeDeclarationKind":"TypeSynonym"}},{"EDTypeSynonym":{"edTypeSynonymName":"CoordinatePair","edTypeSynonymArguments":[],"edTypeSynonymType":{"tag":"TypeApp","contents":[{"tag":"TypeConstructor","contents":[["Prim"],"Record"]},{"tag":"RCons","contents":["x",{"tag":"TypeConstructor","contents":[["Prim"],"Int"]},{"tag":"RCons","contents":["y",{"tag":"TypeConstructor","contents":[["Prim"],"Int"]},{"tag":"REmpty"}]}]}]}}},{"EDType":{"edTypeName":"DimensionPair","edTypeKind":{"tag":"NamedKind","contents":[["Prim"],"Type"]},"edTypeDeclarationKind":"TypeSynonym"}},{"EDTypeSynonym":{"edTypeSynonymName":"DimensionPair","edTypeSynonymArguments":[],"edTypeSynonymType":{"tag":"TypeApp","contents":[{"tag":"TypeConstructor","contents":[["Prim"],"Record"]},{"tag":"RCons","contents":["w",{"tag":"TypeConstructor","contents":[["Prim"],"Int"]},{"tag":"RCons","contents":["h",{"tag":"TypeConstructor","contents":[["Prim"],"Int"]},{"tag":"REmpty"}]}]}]}}},{"EDType":{"edTypeName":"Touch","edTypeKind":{"tag":"NamedKind","contents":[["Prim"],"Type"]},"edTypeDeclarationKind":"TypeSynonym"}},{"EDTypeSynonym":{"edTypeSynonymName":"Touch","edTypeSynonymArguments":[],"edTypeSynonymType":{"tag":"TypeApp","contents":[{"tag":"TypeConstructor","contents":[["Prim"],"Record"]},{"tag":"RCons","contents":["id",{"tag":"TypeConstructor","contents":[["Prim"],"String"]},{"tag":"RCons","contents":["screenX",{"tag":"TypeConstructor","contents":[["Prim"],"Int"]},{"tag":"RCons","contents":["screenY",{"tag":"TypeConstructor","contents":[["Prim"],"Int"]},{"tag":"RCons","contents":["clientX",{"tag":"TypeConstructor","contents":[["Prim"],"Int"]},{"tag":"RCons","contents":["clientY",{"tag":"TypeConstructor","contents":[["Prim"],"Int"]},{"tag":"RCons","contents":["pageX",{"tag":"TypeConstructor","contents":[["Prim"],"Int"]},{"tag":"RCons","contents":["pageY",{"tag":"TypeConstructor","contents":[["Prim"],"Int"]},{"tag":"RCons","contents":["radiusX",{"tag":"TypeConstructor","contents":[["Prim"],"Int"]},{"tag":"RCons","contents":["radiusY",{"tag":"TypeConstructor","contents":[["Prim"],"Int"]},{"tag":"RCons","contents":["rotationAngle",{"tag":"TypeConstructor","contents":[["Prim"],"Number"]},{"tag":"RCons","contents":["force",{"tag":"TypeConstructor","contents":[["Prim"],"Number"]},{"tag":"REmpty"}]}]}]}]}]}]}]}]}]}]}]}]}}},{"EDValue":{"edValueName":{"Ident":"animationFrame"},"edValueType":{"tag":"ForAll","contents":["e",{"tag":"TypeApp","contents":[{"tag":"TypeApp","contents":[{"tag":"TypeConstructor","contents":[["Control","Monad","Eff"],"Eff"]},{"tag":"RCons","contents":["dom",{"tag":"TypeConstructor","contents":[["DOM"],"DOM"]},{"tag":"RCons","contents":["timer",{"tag":"TypeConstructor","contents":[["Control","Monad","Eff","Timer"],"TIMER"]},{"tag":"TypeVar","contents":"e"}]}]}]},{"tag":"TypeApp","contents":[{"tag":"TypeConstructor","contents":[["Signal"],"Signal"]},{"tag":"TypeConstructor","contents":[["Prim"],"Number"]}]}]},27]}}},{"EDValue":{"edValueName":{"Ident":"keyPressed"},"edValueType":{"tag":"ForAll","contents":["e",{"tag":"TypeApp","contents":[{"tag":"TypeApp","contents":[{"tag":"TypeConstructor","contents":[["Prim"],"Function"]},{"tag":"TypeConstructor","contents":[["Prim"],"Int"]}]},{"tag":"TypeApp","contents":[{"tag":"TypeApp","contents":[{"tag":"TypeConstructor","contents":[["Control","Monad","Eff"],"Eff"]},{"tag":"RCons","contents":["dom",{"tag":"TypeConstructor","contents":[["DOM"],"DOM"]},{"tag":"TypeVar","contents":"e"}]}]},{"tag":"TypeApp","contents":[{"tag":"TypeConstructor","contents":[["Signal"],"Signal"]},{"tag":"TypeConstructor","contents":[["Prim"],"Boolean"]}]}]}]},22]}}},{"EDValue":{"edValueName":{"Ident":"mouseButton"},"edValueType":{"tag":"ForAll","contents":["e",{"tag":"TypeApp","contents":[{"tag":"TypeApp","contents":[{"tag":"TypeConstructor","contents":[["Prim"],"Function"]},{"tag":"TypeConstructor","contents":[["Prim"],"Int"]}]},{"tag":"TypeApp","contents":[{"tag":"TypeApp","contents":[{"tag":"TypeConstructor","contents":[["Control","Monad","Eff"],"Eff"]},{"tag":"RCons","contents":["dom",{"tag":"TypeConstructor","contents":[["DOM"],"DOM"]},{"tag":"TypeVar","contents":"e"}]}]},{"tag":"TypeApp","contents":[{"tag":"TypeConstructor","contents":[["Signal"],"Signal"]},{"tag":"TypeConstructor","contents":[["Prim"],"Boolean"]}]}]}]},17]}}},{"EDValue":{"edValueName":{"Ident":"mousePos"},"edValueType":{"tag":"ForAll","contents":["e",{"tag":"TypeApp","contents":[{"tag":"TypeApp","contents":[{"tag":"TypeConstructor","contents":[["Control","Monad","Eff"],"Eff"]},{"tag":"RCons","contents":["dom",{"tag":"TypeConstructor","contents":[["DOM"],"DOM"]},{"tag":"TypeVar","contents":"e"}]}]},{"tag":"TypeApp","contents":[{"tag":"TypeConstructor","contents":[["Signal"],"Signal"]},{"tag":"TypeApp","contents":[{"tag":"TypeConstructor","contents":[["Prim"],"Record"]},{"tag":"RCons","contents":["x",{"tag":"TypeConstructor","contents":[["Prim"],"Int"]},{"tag":"RCons","contents":["y",{"tag":"TypeConstructor","contents":[["Prim"],"Int"]},{"tag":"REmpty"}]}]}]}]}]},12]}}},{"EDValue":{"edValueName":{"Ident":"tap"},"edValueType":{"tag":"ForAll","contents":["e",{"tag":"TypeApp","contents":[{"tag":"TypeApp","contents":[{"tag":"TypeConstructor","contents":[["Control","Monad","Eff"],"Eff"]},{"tag":"RCons","contents":["dom",{"tag":"TypeConstructor","contents":[["DOM"],"DOM"]},{"tag":"TypeVar","contents":"e"}]}]},{"tag":"TypeApp","contents":[{"tag":"TypeConstructor","contents":[["Signal"],"Signal"]},{"tag":"TypeConstructor","contents":[["Prim"],"Boolean"]}]}]},10]}}},{"EDValue":{"edValueName":{"Ident":"touch"},"edValueType":{"tag":"ForAll","contents":["e",{"tag":"TypeApp","contents":[{"tag":"TypeApp","contents":[{"tag":"TypeConstructor","contents":[["Control","Monad","Eff"],"Eff"]},{"tag":"RCons","contents":["dom",{"tag":"TypeConstructor","contents":[["DOM"],"DOM"]},{"tag":"TypeVar","contents":"e"}]}]},{"tag":"TypeApp","contents":[{"tag":"TypeConstructor","contents":[["Signal"],"Signal"]},{"tag":"TypeApp","contents":[{"tag":"TypeConstructor","contents":[["Prim"],"Array"]},{"tag":"TypeApp","contents":[{"tag":"TypeConstructor","contents":[["Prim"],"Record"]},{"tag":"RCons","contents":["id",{"tag":"TypeConstructor","contents":[["Prim"],"String"]},{"tag":"RCons","contents":["screenX",{"tag":"TypeConstructor","contents":[["Prim"],"Int"]},{"tag":"RCons","contents":["screenY",{"tag":"TypeConstructor","contents":[["Prim"],"Int"]},{"tag":"RCons","contents":["clientX",{"tag":"TypeConstructor","contents":[["Prim"],"Int"]},{"tag":"RCons","contents":["clientY",{"tag":"TypeConstructor","contents":[["Prim"],"Int"]},{"tag":"RCons","contents":["pageX",{"tag":"TypeConstructor","contents":[["Prim"],"Int"]},{"tag":"RCons","contents":["pageY",{"tag":"TypeConstructor","contents":[["Prim"],"Int"]},{"tag":"RCons","contents":["radiusX",{"tag":"TypeConstructor","contents":[["Prim"],"Int"]},{"tag":"RCons","contents":["radiusY",{"tag":"TypeConstructor","contents":[["Prim"],"Int"]},{"tag":"RCons","contents":["rotationAngle",{"tag":"TypeConstructor","contents":[["Prim"],"Number"]},{"tag":"RCons","contents":["force",{"tag":"TypeConstructor","contents":[["Prim"],"Number"]},{"tag":"REmpty"}]}]}]}]}]}]}]}]}]}]}]}]}]}]}]},5]}}},{"EDValue":{"edValueName":{"Ident":"windowDimensions"},"edValueType":{"tag":"ForAll","contents":["e",{"tag":"TypeApp","contents":[{"tag":"TypeApp","contents":[{"tag":"TypeConstructor","contents":[["Control","Monad","Eff"],"Eff"]},{"tag":"RCons","contents":["dom",{"tag":"TypeConstructor","contents":[["DOM"],"DOM"]},{"tag":"TypeVar","contents":"e"}]}]},{"tag":"TypeApp","contents":[{"tag":"TypeConstructor","contents":[["Signal"],"Signal"]},{"tag":"TypeApp","contents":[{"tag":"TypeConstructor","contents":[["Prim"],"Record"]},{"tag":"RCons","contents":["w",{"tag":"TypeConstructor","contents":[["Prim"],"Int"]},{"tag":"RCons","contents":["h",{"tag":"TypeConstructor","contents":[["Prim"],"Int"]},{"tag":"REmpty"}]}]}]}]}]},0]}}}],"efSourceSpan":{"start":[1,1],"name":"/home/dhruv/Final/bower_components/purescript-signal/src/Signal/DOM.purs","end":[78,38]}}