{"efVersion":"0.11.6","efModuleName":["DOM","HTML","SelectionMode"],"efExports":[{"TypeRef":[{"start":[1,1],"name":"/home/dhruv/Final/bower_components/purescript-dom/src/DOM/HTML/SelectionMode.purs","end":[36,26]},"SelectionMode",[]]},{"ValueRef":[{"start":[1,1],"name":"/home/dhruv/Final/bower_components/purescript-dom/src/DOM/HTML/SelectionMode.purs","end":[36,26]},{"Ident":"end"}]},{"ValueRef":[{"start":[1,1],"name":"/home/dhruv/Final/bower_components/purescript-dom/src/DOM/HTML/SelectionMode.purs","end":[36,26]},{"Ident":"preserve"}]},{"ValueRef":[{"start":[1,1],"name":"/home/dhruv/Final/bower_components/purescript-dom/src/DOM/HTML/SelectionMode.purs","end":[36,26]},{"Ident":"runSelectionMode"}]},{"ValueRef":[{"start":[1,1],"name":"/home/dhruv/Final/bower_components/purescript-dom/src/DOM/HTML/SelectionMode.purs","end":[36,26]},{"Ident":"select"}]},{"ValueRef":[{"start":[1,1],"name":"/home/dhruv/Final/bower_components/purescript-dom/src/DOM/HTML/SelectionMode.purs","end":[36,26]},{"Ident":"start"}]},{"TypeInstanceRef":[{"start":[0,0],"name":"<generated>","end":[0,0]},{"Ident":"eqSelectionMode"}]},{"TypeInstanceRef":[{"start":[0,0],"name":"<generated>","end":[0,0]},{"Ident":"ordSelectionMode"}]},{"TypeInstanceRef":[{"start":[0,0],"name":"<generated>","end":[0,0]},{"Ident":"showSelectionMode"}]}],"efImports":[{"eiModule":["Prim"],"eiImportType":{"Implicit":[]},"eiImportedAs":null},{"eiModule":["Prim"],"eiImportType":{"Implicit":[]},"eiImportedAs":["Prim"]},{"eiModule":["Prelude"],"eiImportType":{"Implicit":[]},"eiImportedAs":null}],"efFixities":[],"efTypeFixities":[],"efDeclarations":[{"EDType":{"edTypeName":"SelectionMode","edTypeKind":{"tag":"NamedKind","contents":[["Prim"],"Type"]},"edTypeDeclarationKind":{"DataType":{"args":[],"ctors":[["SelectionMode",[{"tag":"TypeConstructor","contents":[["Prim"],"String"]}]]]}}}},{"EDValue":{"edValueName":{"Ident":"end"},"edValueType":{"tag":"TypeConstructor","contents":[["DOM","HTML","SelectionMode"],"SelectionMode"]}}},{"EDValue":{"edValueName":{"Ident":"preserve"},"edValueType":{"tag":"TypeConstructor","contents":[["DOM","HTML","SelectionMode"],"SelectionMode"]}}},{"EDValue":{"edValueName":{"Ident":"runSelectionMode"},"edValueType":{"tag":"TypeApp","contents":[{"tag":"TypeApp","contents":[{"tag":"TypeConstructor","contents":[["Prim"],"Function"]},{"tag":"TypeConstructor","contents":[["DOM","HTML","SelectionMode"],"SelectionMode"]}]},{"tag":"TypeConstructor","contents":[["Prim"],"String"]}]}}},{"EDValue":{"edValueName":{"Ident":"select"},"edValueType":{"tag":"TypeConstructor","contents":[["DOM","HTML","SelectionMode"],"SelectionMode"]}}},{"EDValue":{"edValueName":{"Ident":"start"},"edValueType":{"tag":"TypeConstructor","contents":[["DOM","HTML","SelectionMode"],"SelectionMode"]}}},{"EDInstance":{"edInstanceClassName":[["Data","Eq"],"Eq"],"edInstanceName":{"Ident":"eqSelectionMode"},"edInstanceTypes":[{"tag":"TypeConstructor","contents":[["DOM","HTML","SelectionMode"],"SelectionMode"]}],"edInstanceConstraints":[]}},{"EDInstance":{"edInstanceClassName":[["Data","Ord"],"Ord"],"edInstanceName":{"Ident":"ordSelectionMode"},"edInstanceTypes":[{"tag":"TypeConstructor","contents":[["DOM","HTML","SelectionMode"],"SelectionMode"]}],"edInstanceConstraints":[]}},{"EDInstance":{"edInstanceClassName":[["Data","Show"],"Show"],"edInstanceName":{"Ident":"showSelectionMode"},"edInstanceTypes":[{"tag":"TypeConstructor","contents":[["DOM","HTML","SelectionMode"],"SelectionMode"]}],"edInstanceConstraints":[]}}],"efSourceSpan":{"start":[1,1],"name":"/home/dhruv/Final/bower_components/purescript-dom/src/DOM/HTML/SelectionMode.purs","end":[36,26]}}