{"efVersion":"0.11.6","efModuleName":["Data","DivisionRing"],"efExports":[{"TypeClassRef":[{"start":[1,1],"name":"/home/dhruv/Final/bower_components/purescript-prelude/src/Data/DivisionRing.purs","end":[55,19]},"DivisionRing"]},{"ReExportRef":[{"start":[1,1],"name":"/home/dhruv/Final/bower_components/purescript-prelude/src/Data/DivisionRing.purs","end":[55,19]},["Data","Ring"],{"TypeClassRef":[{"start":[1,1],"name":"/home/dhruv/Final/bower_components/purescript-prelude/src/Data/DivisionRing.purs","end":[55,19]},"Ring"]}]},{"ReExportRef":[{"start":[1,1],"name":"/home/dhruv/Final/bower_components/purescript-prelude/src/Data/DivisionRing.purs","end":[55,19]},["Data","Semiring"],{"TypeClassRef":[{"start":[1,1],"name":"/home/dhruv/Final/bower_components/purescript-prelude/src/Data/DivisionRing.purs","end":[55,19]},"Semiring"]}]},{"ReExportRef":[{"start":[1,1],"name":"/home/dhruv/Final/bower_components/purescript-prelude/src/Data/DivisionRing.purs","end":[55,19]},["Data","Semiring"],{"ValueRef":[{"start":[1,1],"name":"/home/dhruv/Final/bower_components/purescript-prelude/src/Data/DivisionRing.purs","end":[55,19]},{"Ident":"add"}]}]},{"ValueRef":[{"start":[1,1],"name":"/home/dhruv/Final/bower_components/purescript-prelude/src/Data/DivisionRing.purs","end":[55,19]},{"Ident":"leftDiv"}]},{"ReExportRef":[{"start":[1,1],"name":"/home/dhruv/Final/bower_components/purescript-prelude/src/Data/DivisionRing.purs","end":[55,19]},["Data","Semiring"],{"ValueRef":[{"start":[1,1],"name":"/home/dhruv/Final/bower_components/purescript-prelude/src/Data/DivisionRing.purs","end":[55,19]},{"Ident":"mul"}]}]},{"ReExportRef":[{"start":[1,1],"name":"/home/dhruv/Final/bower_components/purescript-prelude/src/Data/DivisionRing.purs","end":[55,19]},["Data","Ring"],{"ValueRef":[{"start":[1,1],"name":"/home/dhruv/Final/bower_components/purescript-prelude/src/Data/DivisionRing.purs","end":[55,19]},{"Ident":"negate"}]}]},{"ReExportRef":[{"start":[1,1],"name":"/home/dhruv/Final/bower_components/purescript-prelude/src/Data/DivisionRing.purs","end":[55,19]},["Data","Semiring"],{"ValueRef":[{"start":[1,1],"name":"/home/dhruv/Final/bower_components/purescript-prelude/src/Data/DivisionRing.purs","end":[55,19]},{"Ident":"one"}]}]},{"ValueRef":[{"start":[1,1],"name":"/home/dhruv/Final/bower_components/purescript-prelude/src/Data/DivisionRing.purs","end":[55,19]},{"Ident":"recip"}]},{"ValueRef":[{"start":[1,1],"name":"/home/dhruv/Final/bower_components/purescript-prelude/src/Data/DivisionRing.purs","end":[55,19]},{"Ident":"rightDiv"}]},{"ReExportRef":[{"start":[1,1],"name":"/home/dhruv/Final/bower_components/purescript-prelude/src/Data/DivisionRing.purs","end":[55,19]},["Data","Ring"],{"ValueRef":[{"start":[1,1],"name":"/home/dhruv/Final/bower_components/purescript-prelude/src/Data/DivisionRing.purs","end":[55,19]},{"Ident":"sub"}]}]},{"ReExportRef":[{"start":[1,1],"name":"/home/dhruv/Final/bower_components/purescript-prelude/src/Data/DivisionRing.purs","end":[55,19]},["Data","Semiring"],{"ValueRef":[{"start":[1,1],"name":"/home/dhruv/Final/bower_components/purescript-prelude/src/Data/DivisionRing.purs","end":[55,19]},{"Ident":"zero"}]}]},{"ReExportRef":[{"start":[1,1],"name":"/home/dhruv/Final/bower_components/purescript-prelude/src/Data/DivisionRing.purs","end":[55,19]},["Data","Semiring"],{"ValueOpRef":[{"start":[1,1],"name":"/home/dhruv/Final/bower_components/purescript-prelude/src/Data/DivisionRing.purs","end":[55,19]},"*"]}]},{"ReExportRef":[{"start":[1,1],"name":"/home/dhruv/Final/bower_components/purescript-prelude/src/Data/DivisionRing.purs","end":[55,19]},["Data","Semiring"],{"ValueOpRef":[{"start":[1,1],"name":"/home/dhruv/Final/bower_components/purescript-prelude/src/Data/DivisionRing.purs","end":[55,19]},"+"]}]},{"ModuleRef":[{"start":[6,5],"name":"/home/dhruv/Final/bower_components/purescript-prelude/src/Data/DivisionRing.purs","end":[6,21]},["Data","Ring"]]},{"ModuleRef":[{"start":[7,5],"name":"/home/dhruv/Final/bower_components/purescript-prelude/src/Data/DivisionRing.purs","end":[7,25]},["Data","Semiring"]]},{"TypeInstanceRef":[{"start":[0,0],"name":"<generated>","end":[0,0]},{"Ident":"divisionringNumber"}]}],"efImports":[{"eiModule":["Prim"],"eiImportType":{"Implicit":[]},"eiImportedAs":null},{"eiModule":["Prim"],"eiImportType":{"Implicit":[]},"eiImportedAs":["Prim"]},{"eiModule":["Data","Ring"],"eiImportType":{"Explicit":[{"TypeClassRef":[{"start":[10,19],"name":"/home/dhruv/Final/bower_components/purescript-prelude/src/Data/DivisionRing.purs","end":[10,29]},"Ring"]},{"ValueRef":[{"start":[10,31],"name":"/home/dhruv/Final/bower_components/purescript-prelude/src/Data/DivisionRing.purs","end":[10,37]},{"Ident":"negate"}]},{"ValueRef":[{"start":[10,39],"name":"/home/dhruv/Final/bower_components/purescript-prelude/src/Data/DivisionRing.purs","end":[10,42]},{"Ident":"sub"}]}]},"eiImportedAs":null},{"eiModule":["Data","Semiring"],"eiImportType":{"Explicit":[{"TypeClassRef":[{"start":[11,23],"name":"/home/dhruv/Final/bower_components/purescript-prelude/src/Data/DivisionRing.purs","end":[11,37]},"Semiring"]},{"ValueRef":[{"start":[11,39],"name":"/home/dhruv/Final/bower_components/purescript-prelude/src/Data/DivisionRing.purs","end":[11,42]},{"Ident":"add"}]},{"ValueRef":[{"start":[11,44],"name":"/home/dhruv/Final/bower_components/purescript-prelude/src/Data/DivisionRing.purs","end":[11,47]},{"Ident":"mul"}]},{"ValueRef":[{"start":[11,49],"name":"/home/dhruv/Final/bower_components/purescript-prelude/src/Data/DivisionRing.purs","end":[11,52]},{"Ident":"one"}]},{"ValueRef":[{"start":[11,54],"name":"/home/dhruv/Final/bower_components/purescript-prelude/src/Data/DivisionRing.purs","end":[11,58]},{"Ident":"zero"}]},{"ValueOpRef":[{"start":[11,60],"name":"/home/dhruv/Final/bower_components/purescript-prelude/src/Data/DivisionRing.purs","end":[11,63]},"*"]},{"ValueOpRef":[{"start":[11,65],"name":"/home/dhruv/Final/bower_components/purescript-prelude/src/Data/DivisionRing.purs","end":[11,68]},"+"]}]},"eiImportedAs":null},{"eiModule":["Data","EuclideanRing"],"eiImportType":{"Explicit":[{"ValueOpRef":[{"start":[12,28],"name":"/home/dhruv/Final/bower_components/purescript-prelude/src/Data/DivisionRing.purs","end":[12,31]},"/"]}]},"eiImportedAs":null}],"efFixities":[],"efTypeFixities":[],"efDeclarations":[{"EDType":{"edTypeName":"DivisionRing","edTypeKind":{"tag":"FunKind","contents":[{"tag":"NamedKind","contents":[["Prim"],"Type"]},{"tag":"NamedKind","contents":[["Prim"],"Type"]}]},"edTypeDeclarationKind":"TypeSynonym"}},{"EDTypeSynonym":{"edTypeSynonymName":"DivisionRing","edTypeSynonymArguments":[["a",null]],"edTypeSynonymType":{"tag":"TypeApp","contents":[{"tag":"TypeConstructor","contents":[["Prim"],"Record"]},{"tag":"RCons","contents":["recip",{"tag":"TypeApp","contents":[{"tag":"TypeApp","contents":[{"tag":"TypeConstructor","contents":[["Prim"],"Function"]},{"tag":"TypeVar","contents":"a"}]},{"tag":"TypeVar","contents":"a"}]},{"tag":"RCons","contents":["Ring0",{"tag":"TypeApp","contents":[{"tag":"TypeApp","contents":[{"tag":"TypeConstructor","contents":[["Prim"],"Function"]},{"tag":"TypeApp","contents":[{"tag":"TypeConstructor","contents":[["Prim"],"Record"]},{"tag":"REmpty"}]}]},{"tag":"TypeApp","contents":[{"tag":"TypeConstructor","contents":[["Data","Ring"],"Ring"]},{"tag":"TypeVar","contents":"a"}]}]},{"tag":"REmpty"}]}]}]}}},{"EDClass":{"edClassName":"DivisionRing","edClassTypeArguments":[["a",null]],"edClassMembers":[[{"Ident":"recip"},{"tag":"TypeApp","contents":[{"tag":"TypeApp","contents":[{"tag":"TypeConstructor","contents":[["Prim"],"Function"]},{"tag":"TypeVar","contents":"a"}]},{"tag":"TypeVar","contents":"a"}]}]],"edClassConstraints":[{"constraintClass":[["Data","Ring"],"Ring"],"constraintArgs":[{"tag":"TypeVar","contents":"a"}],"constraintData":null}],"edFunctionalDependencies":[]}},{"EDValue":{"edValueName":{"Ident":"leftDiv"},"edValueType":{"tag":"ForAll","contents":["a",{"tag":"ConstrainedType","contents":[{"constraintClass":[["Data","DivisionRing"],"DivisionRing"],"constraintArgs":[{"tag":"TypeVar","contents":"a"}],"constraintData":null},{"tag":"TypeApp","contents":[{"tag":"TypeApp","contents":[{"tag":"TypeConstructor","contents":[["Prim"],"Function"]},{"tag":"TypeVar","contents":"a"}]},{"tag":"TypeApp","contents":[{"tag":"TypeApp","contents":[{"tag":"TypeConstructor","contents":[["Prim"],"Function"]},{"tag":"TypeVar","contents":"a"}]},{"tag":"TypeVar","contents":"a"}]}]}]},3]}}},{"EDValue":{"edValueName":{"Ident":"recip"},"edValueType":{"tag":"ForAll","contents":["a",{"tag":"ConstrainedType","contents":[{"constraintClass":[["Data","DivisionRing"],"DivisionRing"],"constraintArgs":[{"tag":"TypeVar","contents":"a"}],"constraintData":null},{"tag":"TypeApp","contents":[{"tag":"TypeApp","contents":[{"tag":"TypeConstructor","contents":[["Prim"],"Function"]},{"tag":"TypeVar","contents":"a"}]},{"tag":"TypeVar","contents":"a"}]}]},0]}}},{"EDValue":{"edValueName":{"Ident":"rightDiv"},"edValueType":{"tag":"ForAll","contents":["a",{"tag":"ConstrainedType","contents":[{"constraintClass":[["Data","DivisionRing"],"DivisionRing"],"constraintArgs":[{"tag":"TypeVar","contents":"a"}],"constraintData":null},{"tag":"TypeApp","contents":[{"tag":"TypeApp","contents":[{"tag":"TypeConstructor","contents":[["Prim"],"Function"]},{"tag":"TypeVar","contents":"a"}]},{"tag":"TypeApp","contents":[{"tag":"TypeApp","contents":[{"tag":"TypeConstructor","contents":[["Prim"],"Function"]},{"tag":"TypeVar","contents":"a"}]},{"tag":"TypeVar","contents":"a"}]}]}]},1]}}},{"EDInstance":{"edInstanceClassName":[["Data","DivisionRing"],"DivisionRing"],"edInstanceName":{"Ident":"divisionringNumber"},"edInstanceTypes":[{"tag":"TypeConstructor","contents":[["Prim"],"Number"]}],"edInstanceConstraints":[]}}],"efSourceSpan":{"start":[1,1],"name":"/home/dhruv/Final/bower_components/purescript-prelude/src/Data/DivisionRing.purs","end":[55,19]}}