{"efVersion":"0.11.6","efModuleName":["Data","Monoid","Conj"],"efExports":[{"TypeRef":[{"start":[1,1],"name":"/home/dhruv/Final/bower_components/purescript-monoid/src/Data/Monoid/Conj.purs","end":[65,41]},"Conj",["Conj"]]},{"TypeInstanceRef":[{"start":[0,0],"name":"<generated>","end":[0,0]},{"Ident":"newtypeConj"}]},{"TypeInstanceRef":[{"start":[0,0],"name":"<generated>","end":[0,0]},{"Ident":"eqConj"}]},{"TypeInstanceRef":[{"start":[0,0],"name":"<generated>","end":[0,0]},{"Ident":"ordConj"}]},{"TypeInstanceRef":[{"start":[0,0],"name":"<generated>","end":[0,0]},{"Ident":"boundedConj"}]},{"TypeInstanceRef":[{"start":[0,0],"name":"<generated>","end":[0,0]},{"Ident":"functorConj"}]},{"TypeInstanceRef":[{"start":[0,0],"name":"<generated>","end":[0,0]},{"Ident":"invariantConj"}]},{"TypeInstanceRef":[{"start":[0,0],"name":"<generated>","end":[0,0]},{"Ident":"applyConj"}]},{"TypeInstanceRef":[{"start":[0,0],"name":"<generated>","end":[0,0]},{"Ident":"applicativeConj"}]},{"TypeInstanceRef":[{"start":[0,0],"name":"<generated>","end":[0,0]},{"Ident":"bindConj"}]},{"TypeInstanceRef":[{"start":[0,0],"name":"<generated>","end":[0,0]},{"Ident":"monadConj"}]},{"TypeInstanceRef":[{"start":[0,0],"name":"<generated>","end":[0,0]},{"Ident":"extendConj"}]},{"TypeInstanceRef":[{"start":[0,0],"name":"<generated>","end":[0,0]},{"Ident":"comonadConj"}]},{"TypeInstanceRef":[{"start":[0,0],"name":"<generated>","end":[0,0]},{"Ident":"showConj"}]},{"TypeInstanceRef":[{"start":[0,0],"name":"<generated>","end":[0,0]},{"Ident":"semigroupConj"}]},{"TypeInstanceRef":[{"start":[0,0],"name":"<generated>","end":[0,0]},{"Ident":"monoidConj"}]},{"TypeInstanceRef":[{"start":[0,0],"name":"<generated>","end":[0,0]},{"Ident":"semiringConj"}]}],"efImports":[{"eiModule":["Prim"],"eiImportType":{"Implicit":[]},"eiImportedAs":null},{"eiModule":["Prim"],"eiImportType":{"Implicit":[]},"eiImportedAs":["Prim"]},{"eiModule":["Prelude"],"eiImportType":{"Implicit":[]},"eiImportedAs":null},{"eiModule":["Control","Comonad"],"eiImportType":{"Explicit":[{"TypeClassRef":[{"start":[5,25],"name":"/home/dhruv/Final/bower_components/purescript-monoid/src/Data/Monoid/Conj.purs","end":[5,38]},"Comonad"]}]},"eiImportedAs":null},{"eiModule":["Control","Extend"],"eiImportType":{"Explicit":[{"TypeClassRef":[{"start":[6,24],"name":"/home/dhruv/Final/bower_components/purescript-monoid/src/Data/Monoid/Conj.purs","end":[6,36]},"Extend"]}]},"eiImportedAs":null},{"eiModule":["Data","Functor","Invariant"],"eiImportType":{"Explicit":[{"TypeClassRef":[{"start":[8,32],"name":"/home/dhruv/Final/bower_components/purescript-monoid/src/Data/Monoid/Conj.purs","end":[8,47]},"Invariant"]}]},"eiImportedAs":null},{"eiModule":["Data","HeytingAlgebra"],"eiImportType":{"Explicit":[{"ValueRef":[{"start":[9,29],"name":"/home/dhruv/Final/bower_components/purescript-monoid/src/Data/Monoid/Conj.purs","end":[9,31]},{"Ident":"ff"}]},{"ValueRef":[{"start":[9,33],"name":"/home/dhruv/Final/bower_components/purescript-monoid/src/Data/Monoid/Conj.purs","end":[9,35]},{"Ident":"tt"}]}]},"eiImportedAs":null},{"eiModule":["Data","Monoid"],"eiImportType":{"Explicit":[{"TypeClassRef":[{"start":[10,21],"name":"/home/dhruv/Final/bower_components/purescript-monoid/src/Data/Monoid/Conj.purs","end":[10,33]},"Monoid"]}]},"eiImportedAs":null},{"eiModule":["Data","Newtype"],"eiImportType":{"Explicit":[{"TypeClassRef":[{"start":[11,22],"name":"/home/dhruv/Final/bower_components/purescript-monoid/src/Data/Monoid/Conj.purs","end":[11,35]},"Newtype"]},{"ValueRef":[{"start":[11,37],"name":"/home/dhruv/Final/bower_components/purescript-monoid/src/Data/Monoid/Conj.purs","end":[11,43]},{"Ident":"unwrap"}]}]},"eiImportedAs":null}],"efFixities":[],"efTypeFixities":[],"efDeclarations":[{"EDType":{"edTypeName":"Conj","edTypeKind":{"tag":"FunKind","contents":[{"tag":"NamedKind","contents":[["Prim"],"Type"]},{"tag":"NamedKind","contents":[["Prim"],"Type"]}]},"edTypeDeclarationKind":{"DataType":{"args":[["a",{"tag":"NamedKind","contents":[["Prim"],"Type"]}]],"ctors":[["Conj",[{"tag":"TypeVar","contents":"a"}]]]}}}},{"EDDataConstructor":{"edDataCtorName":"Conj","edDataCtorOrigin":"newtype","edDataCtorTypeCtor":"Conj","edDataCtorType":{"tag":"ForAll","contents":["a",{"tag":"TypeApp","contents":[{"tag":"TypeApp","contents":[{"tag":"TypeConstructor","contents":[["Prim"],"Function"]},{"tag":"TypeVar","contents":"a"}]},{"tag":"TypeApp","contents":[{"tag":"TypeConstructor","contents":[["Data","Monoid","Conj"],"Conj"]},{"tag":"TypeVar","contents":"a"}]}]},null]},"edDataCtorFields":[{"Ident":"value0"}]}},{"EDInstance":{"edInstanceClassName":[["Data","Newtype"],"Newtype"],"edInstanceName":{"Ident":"newtypeConj"},"edInstanceTypes":[{"tag":"TypeApp","contents":[{"tag":"TypeConstructor","contents":[["Data","Monoid","Conj"],"Conj"]},{"tag":"TypeVar","contents":"a"}]},{"tag":"TypeVar","contents":"a"}],"edInstanceConstraints":[]}},{"EDInstance":{"edInstanceClassName":[["Data","Eq"],"Eq"],"edInstanceName":{"Ident":"eqConj"},"edInstanceTypes":[{"tag":"TypeApp","contents":[{"tag":"TypeConstructor","contents":[["Data","Monoid","Conj"],"Conj"]},{"tag":"TypeVar","contents":"a"}]}],"edInstanceConstraints":[{"constraintClass":[["Data","Eq"],"Eq"],"constraintArgs":[{"tag":"TypeVar","contents":"a"}],"constraintData":null}]}},{"EDInstance":{"edInstanceClassName":[["Data","Ord"],"Ord"],"edInstanceName":{"Ident":"ordConj"},"edInstanceTypes":[{"tag":"TypeApp","contents":[{"tag":"TypeConstructor","contents":[["Data","Monoid","Conj"],"Conj"]},{"tag":"TypeVar","contents":"a"}]}],"edInstanceConstraints":[{"constraintClass":[["Data","Ord"],"Ord"],"constraintArgs":[{"tag":"TypeVar","contents":"a"}],"constraintData":null}]}},{"EDInstance":{"edInstanceClassName":[["Data","Bounded"],"Bounded"],"edInstanceName":{"Ident":"boundedConj"},"edInstanceTypes":[{"tag":"TypeApp","contents":[{"tag":"TypeConstructor","contents":[["Data","Monoid","Conj"],"Conj"]},{"tag":"TypeVar","contents":"a"}]}],"edInstanceConstraints":[{"constraintClass":[["Data","Bounded"],"Bounded"],"constraintArgs":[{"tag":"TypeVar","contents":"a"}],"constraintData":null}]}},{"EDInstance":{"edInstanceClassName":[["Data","Functor"],"Functor"],"edInstanceName":{"Ident":"functorConj"},"edInstanceTypes":[{"tag":"TypeConstructor","contents":[["Data","Monoid","Conj"],"Conj"]}],"edInstanceConstraints":[]}},{"EDInstance":{"edInstanceClassName":[["Data","Functor","Invariant"],"Invariant"],"edInstanceName":{"Ident":"invariantConj"},"edInstanceTypes":[{"tag":"TypeConstructor","contents":[["Data","Monoid","Conj"],"Conj"]}],"edInstanceConstraints":[]}},{"EDInstance":{"edInstanceClassName":[["Control","Apply"],"Apply"],"edInstanceName":{"Ident":"applyConj"},"edInstanceTypes":[{"tag":"TypeConstructor","contents":[["Data","Monoid","Conj"],"Conj"]}],"edInstanceConstraints":[]}},{"EDInstance":{"edInstanceClassName":[["Control","Applicative"],"Applicative"],"edInstanceName":{"Ident":"applicativeConj"},"edInstanceTypes":[{"tag":"TypeConstructor","contents":[["Data","Monoid","Conj"],"Conj"]}],"edInstanceConstraints":[]}},{"EDInstance":{"edInstanceClassName":[["Control","Bind"],"Bind"],"edInstanceName":{"Ident":"bindConj"},"edInstanceTypes":[{"tag":"TypeConstructor","contents":[["Data","Monoid","Conj"],"Conj"]}],"edInstanceConstraints":[]}},{"EDInstance":{"edInstanceClassName":[["Control","Monad"],"Monad"],"edInstanceName":{"Ident":"monadConj"},"edInstanceTypes":[{"tag":"TypeConstructor","contents":[["Data","Monoid","Conj"],"Conj"]}],"edInstanceConstraints":[]}},{"EDInstance":{"edInstanceClassName":[["Control","Extend"],"Extend"],"edInstanceName":{"Ident":"extendConj"},"edInstanceTypes":[{"tag":"TypeConstructor","contents":[["Data","Monoid","Conj"],"Conj"]}],"edInstanceConstraints":[]}},{"EDInstance":{"edInstanceClassName":[["Control","Comonad"],"Comonad"],"edInstanceName":{"Ident":"comonadConj"},"edInstanceTypes":[{"tag":"TypeConstructor","contents":[["Data","Monoid","Conj"],"Conj"]}],"edInstanceConstraints":[]}},{"EDInstance":{"edInstanceClassName":[["Data","Show"],"Show"],"edInstanceName":{"Ident":"showConj"},"edInstanceTypes":[{"tag":"TypeApp","contents":[{"tag":"TypeConstructor","contents":[["Data","Monoid","Conj"],"Conj"]},{"tag":"TypeVar","contents":"a"}]}],"edInstanceConstraints":[{"constraintClass":[["Data","Show"],"Show"],"constraintArgs":[{"tag":"TypeVar","contents":"a"}],"constraintData":null}]}},{"EDInstance":{"edInstanceClassName":[["Data","Semigroup"],"Semigroup"],"edInstanceName":{"Ident":"semigroupConj"},"edInstanceTypes":[{"tag":"TypeApp","contents":[{"tag":"TypeConstructor","contents":[["Data","Monoid","Conj"],"Conj"]},{"tag":"TypeVar","contents":"a"}]}],"edInstanceConstraints":[{"constraintClass":[["Data","HeytingAlgebra"],"HeytingAlgebra"],"constraintArgs":[{"tag":"TypeVar","contents":"a"}],"constraintData":null}]}},{"EDInstance":{"edInstanceClassName":[["Data","Monoid"],"Monoid"],"edInstanceName":{"Ident":"monoidConj"},"edInstanceTypes":[{"tag":"TypeApp","contents":[{"tag":"TypeConstructor","contents":[["Data","Monoid","Conj"],"Conj"]},{"tag":"TypeVar","contents":"a"}]}],"edInstanceConstraints":[{"constraintClass":[["Data","HeytingAlgebra"],"HeytingAlgebra"],"constraintArgs":[{"tag":"TypeVar","contents":"a"}],"constraintData":null}]}},{"EDInstance":{"edInstanceClassName":[["Data","Semiring"],"Semiring"],"edInstanceName":{"Ident":"semiringConj"},"edInstanceTypes":[{"tag":"TypeApp","contents":[{"tag":"TypeConstructor","contents":[["Data","Monoid","Conj"],"Conj"]},{"tag":"TypeVar","contents":"a"}]}],"edInstanceConstraints":[{"constraintClass":[["Data","HeytingAlgebra"],"HeytingAlgebra"],"constraintArgs":[{"tag":"TypeVar","contents":"a"}],"constraintData":null}]}}],"efSourceSpan":{"start":[1,1],"name":"/home/dhruv/Final/bower_components/purescript-monoid/src/Data/Monoid/Conj.purs","end":[65,41]}}