{"efVersion":"0.11.6","efModuleName":["Data","Date","Gen"],"efExports":[{"ValueRef":[{"start":[1,1],"name":"/home/dhruv/Final/bower_components/purescript-datetime/src/Data/Date/Gen.purs","end":[14,54]},{"Ident":"genDate"}]},{"ReExportRef":[{"start":[1,1],"name":"/home/dhruv/Final/bower_components/purescript-datetime/src/Data/Date/Gen.purs","end":[14,54]},["Data","Date","Component","Gen"],{"ValueRef":[{"start":[1,1],"name":"/home/dhruv/Final/bower_components/purescript-datetime/src/Data/Date/Gen.purs","end":[14,54]},{"Ident":"genDay"}]}]},{"ReExportRef":[{"start":[1,1],"name":"/home/dhruv/Final/bower_components/purescript-datetime/src/Data/Date/Gen.purs","end":[14,54]},["Data","Date","Component","Gen"],{"ValueRef":[{"start":[1,1],"name":"/home/dhruv/Final/bower_components/purescript-datetime/src/Data/Date/Gen.purs","end":[14,54]},{"Ident":"genMonth"}]}]},{"ReExportRef":[{"start":[1,1],"name":"/home/dhruv/Final/bower_components/purescript-datetime/src/Data/Date/Gen.purs","end":[14,54]},["Data","Date","Component","Gen"],{"ValueRef":[{"start":[1,1],"name":"/home/dhruv/Final/bower_components/purescript-datetime/src/Data/Date/Gen.purs","end":[14,54]},{"Ident":"genWeekday"}]}]},{"ReExportRef":[{"start":[1,1],"name":"/home/dhruv/Final/bower_components/purescript-datetime/src/Data/Date/Gen.purs","end":[14,54]},["Data","Date","Component","Gen"],{"ValueRef":[{"start":[1,1],"name":"/home/dhruv/Final/bower_components/purescript-datetime/src/Data/Date/Gen.purs","end":[14,54]},{"Ident":"genYear"}]}]},{"ModuleRef":[{"start":[3,5],"name":"/home/dhruv/Final/bower_components/purescript-datetime/src/Data/Date/Gen.purs","end":[3,35]},["Data","Date","Component","Gen"]]}],"efImports":[{"eiModule":["Prim"],"eiImportType":{"Implicit":[]},"eiImportedAs":null},{"eiModule":["Prim"],"eiImportType":{"Implicit":[]},"eiImportedAs":["Prim"]},{"eiModule":["Prelude"],"eiImportType":{"Implicit":[]},"eiImportedAs":null},{"eiModule":["Control","Monad","Gen"],"eiImportType":{"Explicit":[{"TypeClassRef":[{"start":[7,27],"name":"/home/dhruv/Final/bower_components/purescript-datetime/src/Data/Date/Gen.purs","end":[7,41]},"MonadGen"]}]},"eiImportedAs":null},{"eiModule":["Data","Date"],"eiImportType":{"Explicit":[{"TypeRef":[{"start":[8,19],"name":"/home/dhruv/Final/bower_components/purescript-datetime/src/Data/Date/Gen.purs","end":[8,23]},"Date",[]]},{"ValueRef":[{"start":[8,25],"name":"/home/dhruv/Final/bower_components/purescript-datetime/src/Data/Date/Gen.purs","end":[8,38]},{"Ident":"canonicalDate"}]}]},"eiImportedAs":null},{"eiModule":["Data","Date","Component","Gen"],"eiImportType":{"Explicit":[{"ValueRef":[{"start":[9,33],"name":"/home/dhruv/Final/bower_components/purescript-datetime/src/Data/Date/Gen.purs","end":[9,39]},{"Ident":"genDay"}]},{"ValueRef":[{"start":[9,41],"name":"/home/dhruv/Final/bower_components/purescript-datetime/src/Data/Date/Gen.purs","end":[9,49]},{"Ident":"genMonth"}]},{"ValueRef":[{"start":[9,51],"name":"/home/dhruv/Final/bower_components/purescript-datetime/src/Data/Date/Gen.purs","end":[9,61]},{"Ident":"genWeekday"}]},{"ValueRef":[{"start":[9,63],"name":"/home/dhruv/Final/bower_components/purescript-datetime/src/Data/Date/Gen.purs","end":[9,70]},{"Ident":"genYear"}]}]},"eiImportedAs":null}],"efFixities":[],"efTypeFixities":[],"efDeclarations":[{"EDValue":{"edValueName":{"Ident":"genDate"},"edValueType":{"tag":"ForAll","contents":["m",{"tag":"ConstrainedType","contents":[{"constraintClass":[["Control","Monad","Gen","Class"],"MonadGen"],"constraintArgs":[{"tag":"TypeVar","contents":"m"}],"constraintData":null},{"tag":"TypeApp","contents":[{"tag":"TypeVar","contents":"m"},{"tag":"TypeConstructor","contents":[["Data","Date"],"Date"]}]}]},0]}}}],"efSourceSpan":{"start":[1,1],"name":"/home/dhruv/Final/bower_components/purescript-datetime/src/Data/Date/Gen.purs","end":[14,54]}}