{"efVersion":"0.11.6","efModuleName":["Data","Field"],"efExports":[{"ReExportRef":[{"start":[1,1],"name":"/home/dhruv/Final/bower_components/purescript-prelude/src/Data/Field.purs","end":[28,31]},["Data","CommutativeRing"],{"TypeClassRef":[{"start":[1,1],"name":"/home/dhruv/Final/bower_components/purescript-prelude/src/Data/Field.purs","end":[28,31]},"CommutativeRing"]}]},{"ReExportRef":[{"start":[1,1],"name":"/home/dhruv/Final/bower_components/purescript-prelude/src/Data/Field.purs","end":[28,31]},["Data","DivisionRing"],{"TypeClassRef":[{"start":[1,1],"name":"/home/dhruv/Final/bower_components/purescript-prelude/src/Data/Field.purs","end":[28,31]},"DivisionRing"]}]},{"ReExportRef":[{"start":[1,1],"name":"/home/dhruv/Final/bower_components/purescript-prelude/src/Data/Field.purs","end":[28,31]},["Data","EuclideanRing"],{"TypeClassRef":[{"start":[1,1],"name":"/home/dhruv/Final/bower_components/purescript-prelude/src/Data/Field.purs","end":[28,31]},"EuclideanRing"]}]},{"TypeClassRef":[{"start":[1,1],"name":"/home/dhruv/Final/bower_components/purescript-prelude/src/Data/Field.purs","end":[28,31]},"Field"]},{"ReExportRef":[{"start":[1,1],"name":"/home/dhruv/Final/bower_components/purescript-prelude/src/Data/Field.purs","end":[28,31]},["Data","Ring"],{"TypeClassRef":[{"start":[1,1],"name":"/home/dhruv/Final/bower_components/purescript-prelude/src/Data/Field.purs","end":[28,31]},"Ring"]}]},{"ReExportRef":[{"start":[1,1],"name":"/home/dhruv/Final/bower_components/purescript-prelude/src/Data/Field.purs","end":[28,31]},["Data","Semiring"],{"TypeClassRef":[{"start":[1,1],"name":"/home/dhruv/Final/bower_components/purescript-prelude/src/Data/Field.purs","end":[28,31]},"Semiring"]}]},{"ReExportRef":[{"start":[1,1],"name":"/home/dhruv/Final/bower_components/purescript-prelude/src/Data/Field.purs","end":[28,31]},["Data","Semiring"],{"ValueRef":[{"start":[1,1],"name":"/home/dhruv/Final/bower_components/purescript-prelude/src/Data/Field.purs","end":[28,31]},{"Ident":"add"}]}]},{"ReExportRef":[{"start":[1,1],"name":"/home/dhruv/Final/bower_components/purescript-prelude/src/Data/Field.purs","end":[28,31]},["Data","EuclideanRing"],{"ValueRef":[{"start":[1,1],"name":"/home/dhruv/Final/bower_components/purescript-prelude/src/Data/Field.purs","end":[28,31]},{"Ident":"degree"}]}]},{"ReExportRef":[{"start":[1,1],"name":"/home/dhruv/Final/bower_components/purescript-prelude/src/Data/Field.purs","end":[28,31]},["Data","EuclideanRing"],{"ValueRef":[{"start":[1,1],"name":"/home/dhruv/Final/bower_components/purescript-prelude/src/Data/Field.purs","end":[28,31]},{"Ident":"div"}]}]},{"ReExportRef":[{"start":[1,1],"name":"/home/dhruv/Final/bower_components/purescript-prelude/src/Data/Field.purs","end":[28,31]},["Data","EuclideanRing"],{"ValueRef":[{"start":[1,1],"name":"/home/dhruv/Final/bower_components/purescript-prelude/src/Data/Field.purs","end":[28,31]},{"Ident":"gcd"}]}]},{"ReExportRef":[{"start":[1,1],"name":"/home/dhruv/Final/bower_components/purescript-prelude/src/Data/Field.purs","end":[28,31]},["Data","EuclideanRing"],{"ValueRef":[{"start":[1,1],"name":"/home/dhruv/Final/bower_components/purescript-prelude/src/Data/Field.purs","end":[28,31]},{"Ident":"lcm"}]}]},{"ReExportRef":[{"start":[1,1],"name":"/home/dhruv/Final/bower_components/purescript-prelude/src/Data/Field.purs","end":[28,31]},["Data","EuclideanRing"],{"ValueRef":[{"start":[1,1],"name":"/home/dhruv/Final/bower_components/purescript-prelude/src/Data/Field.purs","end":[28,31]},{"Ident":"mod"}]}]},{"ReExportRef":[{"start":[1,1],"name":"/home/dhruv/Final/bower_components/purescript-prelude/src/Data/Field.purs","end":[28,31]},["Data","Semiring"],{"ValueRef":[{"start":[1,1],"name":"/home/dhruv/Final/bower_components/purescript-prelude/src/Data/Field.purs","end":[28,31]},{"Ident":"mul"}]}]},{"ReExportRef":[{"start":[1,1],"name":"/home/dhruv/Final/bower_components/purescript-prelude/src/Data/Field.purs","end":[28,31]},["Data","Ring"],{"ValueRef":[{"start":[1,1],"name":"/home/dhruv/Final/bower_components/purescript-prelude/src/Data/Field.purs","end":[28,31]},{"Ident":"negate"}]}]},{"ReExportRef":[{"start":[1,1],"name":"/home/dhruv/Final/bower_components/purescript-prelude/src/Data/Field.purs","end":[28,31]},["Data","Semiring"],{"ValueRef":[{"start":[1,1],"name":"/home/dhruv/Final/bower_components/purescript-prelude/src/Data/Field.purs","end":[28,31]},{"Ident":"one"}]}]},{"ReExportRef":[{"start":[1,1],"name":"/home/dhruv/Final/bower_components/purescript-prelude/src/Data/Field.purs","end":[28,31]},["Data","DivisionRing"],{"ValueRef":[{"start":[1,1],"name":"/home/dhruv/Final/bower_components/purescript-prelude/src/Data/Field.purs","end":[28,31]},{"Ident":"recip"}]}]},{"ReExportRef":[{"start":[1,1],"name":"/home/dhruv/Final/bower_components/purescript-prelude/src/Data/Field.purs","end":[28,31]},["Data","Ring"],{"ValueRef":[{"start":[1,1],"name":"/home/dhruv/Final/bower_components/purescript-prelude/src/Data/Field.purs","end":[28,31]},{"Ident":"sub"}]}]},{"ReExportRef":[{"start":[1,1],"name":"/home/dhruv/Final/bower_components/purescript-prelude/src/Data/Field.purs","end":[28,31]},["Data","Semiring"],{"ValueRef":[{"start":[1,1],"name":"/home/dhruv/Final/bower_components/purescript-prelude/src/Data/Field.purs","end":[28,31]},{"Ident":"zero"}]}]},{"ReExportRef":[{"start":[1,1],"name":"/home/dhruv/Final/bower_components/purescript-prelude/src/Data/Field.purs","end":[28,31]},["Data","Semiring"],{"ValueOpRef":[{"start":[1,1],"name":"/home/dhruv/Final/bower_components/purescript-prelude/src/Data/Field.purs","end":[28,31]},"*"]}]},{"ReExportRef":[{"start":[1,1],"name":"/home/dhruv/Final/bower_components/purescript-prelude/src/Data/Field.purs","end":[28,31]},["Data","Semiring"],{"ValueOpRef":[{"start":[1,1],"name":"/home/dhruv/Final/bower_components/purescript-prelude/src/Data/Field.purs","end":[28,31]},"+"]}]},{"ReExportRef":[{"start":[1,1],"name":"/home/dhruv/Final/bower_components/purescript-prelude/src/Data/Field.purs","end":[28,31]},["Data","EuclideanRing"],{"ValueOpRef":[{"start":[1,1],"name":"/home/dhruv/Final/bower_components/purescript-prelude/src/Data/Field.purs","end":[28,31]},"/"]}]},{"ModuleRef":[{"start":[3,5],"name":"/home/dhruv/Final/bower_components/purescript-prelude/src/Data/Field.purs","end":[3,29]},["Data","DivisionRing"]]},{"ModuleRef":[{"start":[4,5],"name":"/home/dhruv/Final/bower_components/purescript-prelude/src/Data/Field.purs","end":[4,32]},["Data","CommutativeRing"]]},{"ModuleRef":[{"start":[5,5],"name":"/home/dhruv/Final/bower_components/purescript-prelude/src/Data/Field.purs","end":[5,30]},["Data","EuclideanRing"]]},{"ModuleRef":[{"start":[6,5],"name":"/home/dhruv/Final/bower_components/purescript-prelude/src/Data/Field.purs","end":[6,21]},["Data","Ring"]]},{"ModuleRef":[{"start":[7,5],"name":"/home/dhruv/Final/bower_components/purescript-prelude/src/Data/Field.purs","end":[7,25]},["Data","Semiring"]]},{"TypeInstanceRef":[{"start":[0,0],"name":"<generated>","end":[0,0]},{"Ident":"fieldNumber"}]}],"efImports":[{"eiModule":["Prim"],"eiImportType":{"Implicit":[]},"eiImportedAs":null},{"eiModule":["Prim"],"eiImportType":{"Implicit":[]},"eiImportedAs":["Prim"]},{"eiModule":["Data","DivisionRing"],"eiImportType":{"Explicit":[{"TypeClassRef":[{"start":[10,27],"name":"/home/dhruv/Final/bower_components/purescript-prelude/src/Data/Field.purs","end":[10,45]},"DivisionRing"]},{"ValueRef":[{"start":[10,47],"name":"/home/dhruv/Final/bower_components/purescript-prelude/src/Data/Field.purs","end":[10,52]},{"Ident":"recip"}]}]},"eiImportedAs":null},{"eiModule":["Data","CommutativeRing"],"eiImportType":{"Explicit":[{"TypeClassRef":[{"start":[11,30],"name":"/home/dhruv/Final/bower_components/purescript-prelude/src/Data/Field.purs","end":[11,51]},"CommutativeRing"]}]},"eiImportedAs":null},{"eiModule":["Data","EuclideanRing"],"eiImportType":{"Explicit":[{"TypeClassRef":[{"start":[12,28],"name":"/home/dhruv/Final/bower_components/purescript-prelude/src/Data/Field.purs","end":[12,47]},"EuclideanRing"]},{"ValueRef":[{"start":[12,49],"name":"/home/dhruv/Final/bower_components/purescript-prelude/src/Data/Field.purs","end":[12,55]},{"Ident":"degree"}]},{"ValueRef":[{"start":[12,57],"name":"/home/dhruv/Final/bower_components/purescript-prelude/src/Data/Field.purs","end":[12,60]},{"Ident":"div"}]},{"ValueRef":[{"start":[12,62],"name":"/home/dhruv/Final/bower_components/purescript-prelude/src/Data/Field.purs","end":[12,65]},{"Ident":"mod"}]},{"ValueOpRef":[{"start":[12,67],"name":"/home/dhruv/Final/bower_components/purescript-prelude/src/Data/Field.purs","end":[12,70]},"/"]},{"ValueRef":[{"start":[12,72],"name":"/home/dhruv/Final/bower_components/purescript-prelude/src/Data/Field.purs","end":[12,75]},{"Ident":"gcd"}]},{"ValueRef":[{"start":[12,77],"name":"/home/dhruv/Final/bower_components/purescript-prelude/src/Data/Field.purs","end":[12,80]},{"Ident":"lcm"}]}]},"eiImportedAs":null},{"eiModule":["Data","Ring"],"eiImportType":{"Explicit":[{"TypeClassRef":[{"start":[13,19],"name":"/home/dhruv/Final/bower_components/purescript-prelude/src/Data/Field.purs","end":[13,29]},"Ring"]},{"ValueRef":[{"start":[13,31],"name":"/home/dhruv/Final/bower_components/purescript-prelude/src/Data/Field.purs","end":[13,37]},{"Ident":"negate"}]},{"ValueRef":[{"start":[13,39],"name":"/home/dhruv/Final/bower_components/purescript-prelude/src/Data/Field.purs","end":[13,42]},{"Ident":"sub"}]}]},"eiImportedAs":null},{"eiModule":["Data","Semiring"],"eiImportType":{"Explicit":[{"TypeClassRef":[{"start":[14,23],"name":"/home/dhruv/Final/bower_components/purescript-prelude/src/Data/Field.purs","end":[14,37]},"Semiring"]},{"ValueRef":[{"start":[14,39],"name":"/home/dhruv/Final/bower_components/purescript-prelude/src/Data/Field.purs","end":[14,42]},{"Ident":"add"}]},{"ValueRef":[{"start":[14,44],"name":"/home/dhruv/Final/bower_components/purescript-prelude/src/Data/Field.purs","end":[14,47]},{"Ident":"mul"}]},{"ValueRef":[{"start":[14,49],"name":"/home/dhruv/Final/bower_components/purescript-prelude/src/Data/Field.purs","end":[14,52]},{"Ident":"one"}]},{"ValueRef":[{"start":[14,54],"name":"/home/dhruv/Final/bower_components/purescript-prelude/src/Data/Field.purs","end":[14,58]},{"Ident":"zero"}]},{"ValueOpRef":[{"start":[14,60],"name":"/home/dhruv/Final/bower_components/purescript-prelude/src/Data/Field.purs","end":[14,63]},"*"]},{"ValueOpRef":[{"start":[14,65],"name":"/home/dhruv/Final/bower_components/purescript-prelude/src/Data/Field.purs","end":[14,68]},"+"]}]},"eiImportedAs":null}],"efFixities":[],"efTypeFixities":[],"efDeclarations":[{"EDType":{"edTypeName":"Field","edTypeKind":{"tag":"FunKind","contents":[{"tag":"NamedKind","contents":[["Prim"],"Type"]},{"tag":"NamedKind","contents":[["Prim"],"Type"]}]},"edTypeDeclarationKind":"TypeSynonym"}},{"EDTypeSynonym":{"edTypeSynonymName":"Field","edTypeSynonymArguments":[["a",null]],"edTypeSynonymType":{"tag":"TypeApp","contents":[{"tag":"TypeConstructor","contents":[["Prim"],"Record"]},{"tag":"RCons","contents":["EuclideanRing0",{"tag":"TypeApp","contents":[{"tag":"TypeApp","contents":[{"tag":"TypeConstructor","contents":[["Prim"],"Function"]},{"tag":"TypeApp","contents":[{"tag":"TypeConstructor","contents":[["Prim"],"Record"]},{"tag":"REmpty"}]}]},{"tag":"TypeApp","contents":[{"tag":"TypeConstructor","contents":[["Data","EuclideanRing"],"EuclideanRing"]},{"tag":"TypeVar","contents":"a"}]}]},{"tag":"REmpty"}]}]}}},{"EDClass":{"edClassName":"Field","edClassTypeArguments":[["a",null]],"edClassMembers":[],"edClassConstraints":[{"constraintClass":[["Data","EuclideanRing"],"EuclideanRing"],"constraintArgs":[{"tag":"TypeVar","contents":"a"}],"constraintData":null}],"edFunctionalDependencies":[]}},{"EDInstance":{"edInstanceClassName":[["Data","Field"],"Field"],"edInstanceName":{"Ident":"fieldNumber"},"edInstanceTypes":[{"tag":"TypeConstructor","contents":[["Prim"],"Number"]}],"edInstanceConstraints":[]}}],"efSourceSpan":{"start":[1,1],"name":"/home/dhruv/Final/bower_components/purescript-prelude/src/Data/Field.purs","end":[28,31]}}