{"efVersion":"0.11.6","efModuleName":["DOM","Util","FFI"],"efExports":[{"ValueRef":[{"start":[1,1],"name":"/home/dhruv/Final/bower_components/purescript-dom/src/DOM/Util/FFI.purs","end":[23,22]},{"Ident":"unsafeReadProtoTagged"}]}],"efImports":[{"eiModule":["Prim"],"eiImportType":{"Implicit":[]},"eiImportedAs":null},{"eiModule":["Prim"],"eiImportType":{"Implicit":[]},"eiImportedAs":["Prim"]},{"eiModule":["Prelude"],"eiImportType":{"Implicit":[]},"eiImportedAs":null},{"eiModule":["Control","Monad","Except"],"eiImportType":{"Explicit":[{"ValueRef":[{"start":[5,30],"name":"/home/dhruv/Final/bower_components/purescript-dom/src/DOM/Util/FFI.purs","end":[5,36]},{"Ident":"except"}]}]},"eiImportedAs":null},{"eiModule":["Data","Either"],"eiImportType":{"Explicit":[{"TypeRef":[{"start":[7,21],"name":"/home/dhruv/Final/bower_components/purescript-dom/src/DOM/Util/FFI.purs","end":[7,31]},"Either",null]}]},"eiImportedAs":null},{"eiModule":["Data","Foreign"],"eiImportType":{"Explicit":[{"TypeRef":[{"start":[8,22],"name":"/home/dhruv/Final/bower_components/purescript-dom/src/DOM/Util/FFI.purs","end":[8,23]},"F",[]]},{"TypeRef":[{"start":[8,25],"name":"/home/dhruv/Final/bower_components/purescript-dom/src/DOM/Util/FFI.purs","end":[8,32]},"Foreign",[]]},{"TypeRef":[{"start":[8,34],"name":"/home/dhruv/Final/bower_components/purescript-dom/src/DOM/Util/FFI.purs","end":[8,50]},"ForeignError",null]}]},"eiImportedAs":null}],"efFixities":[],"efTypeFixities":[],"efDeclarations":[{"EDValue":{"edValueName":{"Ident":"unsafeReadProtoTagged"},"edValueType":{"tag":"ForAll","contents":["a",{"tag":"TypeApp","contents":[{"tag":"TypeApp","contents":[{"tag":"TypeConstructor","contents":[["Prim"],"Function"]},{"tag":"TypeConstructor","contents":[["Prim"],"String"]}]},{"tag":"TypeApp","contents":[{"tag":"TypeApp","contents":[{"tag":"TypeConstructor","contents":[["Prim"],"Function"]},{"tag":"TypeConstructor","contents":[["Data","Foreign"],"Foreign"]}]},{"tag":"TypeApp","contents":[{"tag":"TypeApp","contents":[{"tag":"TypeApp","contents":[{"tag":"TypeConstructor","contents":[["Control","Monad","Except","Trans"],"ExceptT"]},{"tag":"TypeApp","contents":[{"tag":"TypeConstructor","contents":[["Data","List","Types"],"NonEmptyList"]},{"tag":"TypeConstructor","contents":[["Data","Foreign"],"ForeignError"]}]}]},{"tag":"TypeConstructor","contents":[["Data","Identity"],"Identity"]}]},{"tag":"TypeVar","contents":"a"}]}]}]},0]}}}],"efSourceSpan":{"start":[1,1],"name":"/home/dhruv/Final/bower_components/purescript-dom/src/DOM/Util/FFI.purs","end":[23,22]}}