{"efVersion":"0.11.6","efModuleName":["DOM","WebStorage","Types"],"efExports":[{"TypeRef":[{"start":[1,1],"name":"/home/dhruv/Final/bower_components/purescript-dom/src/DOM/WebStorage/Types.purs","end":[8,32]},"Storage",[]]},{"ValueRef":[{"start":[1,1],"name":"/home/dhruv/Final/bower_components/purescript-dom/src/DOM/WebStorage/Types.purs","end":[8,32]},{"Ident":"readStorage"}]}],"efImports":[{"eiModule":["Prim"],"eiImportType":{"Implicit":[]},"eiImportedAs":null},{"eiModule":["Prim"],"eiImportType":{"Implicit":[]},"eiImportedAs":["Prim"]},{"eiModule":["Data","Foreign"],"eiImportType":{"Explicit":[{"TypeRef":[{"start":[3,22],"name":"/home/dhruv/Final/bower_components/purescript-dom/src/DOM/WebStorage/Types.purs","end":[3,29]},"Foreign",[]]},{"TypeRef":[{"start":[3,31],"name":"/home/dhruv/Final/bower_components/purescript-dom/src/DOM/WebStorage/Types.purs","end":[3,32]},"F",[]]},{"ValueRef":[{"start":[3,34],"name":"/home/dhruv/Final/bower_components/purescript-dom/src/DOM/WebStorage/Types.purs","end":[3,50]},{"Ident":"unsafeReadTagged"}]}]},"eiImportedAs":null}],"efFixities":[],"efTypeFixities":[],"efDeclarations":[{"EDType":{"edTypeName":"Storage","edTypeKind":{"tag":"NamedKind","contents":[["Prim"],"Type"]},"edTypeDeclarationKind":"ExternData"}},{"EDValue":{"edValueName":{"Ident":"readStorage"},"edValueType":{"tag":"TypeApp","contents":[{"tag":"TypeApp","contents":[{"tag":"TypeConstructor","contents":[["Prim"],"Function"]},{"tag":"TypeConstructor","contents":[["Data","Foreign"],"Foreign"]}]},{"tag":"TypeApp","contents":[{"tag":"TypeApp","contents":[{"tag":"TypeApp","contents":[{"tag":"TypeConstructor","contents":[["Control","Monad","Except","Trans"],"ExceptT"]},{"tag":"TypeApp","contents":[{"tag":"TypeConstructor","contents":[["Data","List","Types"],"NonEmptyList"]},{"tag":"TypeConstructor","contents":[["Data","Foreign"],"ForeignError"]}]}]},{"tag":"TypeConstructor","contents":[["Data","Identity"],"Identity"]}]},{"tag":"TypeConstructor","contents":[["DOM","WebStorage","Types"],"Storage"]}]}]}}}],"efSourceSpan":{"start":[1,1],"name":"/home/dhruv/Final/bower_components/purescript-dom/src/DOM/WebStorage/Types.purs","end":[8,32]}}