{"efVersion":"0.11.6","efModuleName":["Data","Interval","Duration"],"efExports":[{"TypeRef":[{"start":[1,1],"name":"/home/dhruv/Final/bower_components/purescript-datetime/src/Data/Interval/Duration.purs","end":[74,56]},"Duration",["Duration"]]},{"TypeRef":[{"start":[1,1],"name":"/home/dhruv/Final/bower_components/purescript-datetime/src/Data/Interval/Duration.purs","end":[74,56]},"DurationComponent",["Second","Minute","Hour","Day","Week","Month","Year"]]},{"ValueRef":[{"start":[1,1],"name":"/home/dhruv/Final/bower_components/purescript-datetime/src/Data/Interval/Duration.purs","end":[74,56]},{"Ident":"day"}]},{"ValueRef":[{"start":[1,1],"name":"/home/dhruv/Final/bower_components/purescript-datetime/src/Data/Interval/Duration.purs","end":[74,56]},{"Ident":"hour"}]},{"ValueRef":[{"start":[1,1],"name":"/home/dhruv/Final/bower_components/purescript-datetime/src/Data/Interval/Duration.purs","end":[74,56]},{"Ident":"millisecond"}]},{"ValueRef":[{"start":[1,1],"name":"/home/dhruv/Final/bower_components/purescript-datetime/src/Data/Interval/Duration.purs","end":[74,56]},{"Ident":"minute"}]},{"ValueRef":[{"start":[1,1],"name":"/home/dhruv/Final/bower_components/purescript-datetime/src/Data/Interval/Duration.purs","end":[74,56]},{"Ident":"month"}]},{"ValueRef":[{"start":[1,1],"name":"/home/dhruv/Final/bower_components/purescript-datetime/src/Data/Interval/Duration.purs","end":[74,56]},{"Ident":"second"}]},{"ValueRef":[{"start":[1,1],"name":"/home/dhruv/Final/bower_components/purescript-datetime/src/Data/Interval/Duration.purs","end":[74,56]},{"Ident":"week"}]},{"ValueRef":[{"start":[1,1],"name":"/home/dhruv/Final/bower_components/purescript-datetime/src/Data/Interval/Duration.purs","end":[74,56]},{"Ident":"year"}]},{"TypeInstanceRef":[{"start":[0,0],"name":"<generated>","end":[0,0]},{"Ident":"eqDuration"}]},{"TypeInstanceRef":[{"start":[0,0],"name":"<generated>","end":[0,0]},{"Ident":"ordDuration"}]},{"TypeInstanceRef":[{"start":[0,0],"name":"<generated>","end":[0,0]},{"Ident":"newtypeDuration"}]},{"TypeInstanceRef":[{"start":[0,0],"name":"<generated>","end":[0,0]},{"Ident":"showDuration"}]},{"TypeInstanceRef":[{"start":[0,0],"name":"<generated>","end":[0,0]},{"Ident":"semigroupDuration"}]},{"TypeInstanceRef":[{"start":[0,0],"name":"<generated>","end":[0,0]},{"Ident":"monoidDuration"}]},{"TypeInstanceRef":[{"start":[0,0],"name":"<generated>","end":[0,0]},{"Ident":"eqDurationComponent"}]},{"TypeInstanceRef":[{"start":[0,0],"name":"<generated>","end":[0,0]},{"Ident":"ordDurationComponent"}]},{"TypeInstanceRef":[{"start":[0,0],"name":"<generated>","end":[0,0]},{"Ident":"showDurationComponent"}]}],"efImports":[{"eiModule":["Prim"],"eiImportType":{"Implicit":[]},"eiImportedAs":null},{"eiModule":["Prim"],"eiImportType":{"Implicit":[]},"eiImportedAs":["Prim"]},{"eiModule":["Prelude"],"eiImportType":{"Implicit":[]},"eiImportedAs":null},{"eiModule":["Data","Map"],"eiImportType":{"Implicit":[]},"eiImportedAs":["Map"]},{"eiModule":["Data","Monoid"],"eiImportType":{"Explicit":[{"TypeClassRef":[{"start":[17,21],"name":"/home/dhruv/Final/bower_components/purescript-datetime/src/Data/Interval/Duration.purs","end":[17,33]},"Monoid"]},{"ValueRef":[{"start":[17,35],"name":"/home/dhruv/Final/bower_components/purescript-datetime/src/Data/Interval/Duration.purs","end":[17,41]},{"Ident":"mempty"}]}]},"eiImportedAs":null},{"eiModule":["Data","Newtype"],"eiImportType":{"Explicit":[{"TypeClassRef":[{"start":[18,22],"name":"/home/dhruv/Final/bower_components/purescript-datetime/src/Data/Interval/Duration.purs","end":[18,35]},"Newtype"]}]},"eiImportedAs":null}],"efFixities":[],"efTypeFixities":[],"efDeclarations":[{"EDType":{"edTypeName":"Duration","edTypeKind":{"tag":"NamedKind","contents":[["Prim"],"Type"]},"edTypeDeclarationKind":{"DataType":{"args":[],"ctors":[["Duration",[{"tag":"TypeApp","contents":[{"tag":"TypeApp","contents":[{"tag":"TypeConstructor","contents":[["Data","Map"],"Map"]},{"tag":"TypeConstructor","contents":[["Data","Interval","Duration"],"DurationComponent"]}]},{"tag":"TypeConstructor","contents":[["Prim"],"Number"]}]}]]]}}}},{"EDDataConstructor":{"edDataCtorName":"Duration","edDataCtorOrigin":"newtype","edDataCtorTypeCtor":"Duration","edDataCtorType":{"tag":"TypeApp","contents":[{"tag":"TypeApp","contents":[{"tag":"TypeConstructor","contents":[["Prim"],"Function"]},{"tag":"TypeApp","contents":[{"tag":"TypeApp","contents":[{"tag":"TypeConstructor","contents":[["Data","Map"],"Map"]},{"tag":"TypeConstructor","contents":[["Data","Interval","Duration"],"DurationComponent"]}]},{"tag":"TypeConstructor","contents":[["Prim"],"Number"]}]}]},{"tag":"TypeConstructor","contents":[["Data","Interval","Duration"],"Duration"]}]},"edDataCtorFields":[{"Ident":"value0"}]}},{"EDType":{"edTypeName":"DurationComponent","edTypeKind":{"tag":"NamedKind","contents":[["Prim"],"Type"]},"edTypeDeclarationKind":{"DataType":{"args":[],"ctors":[["Second",[]],["Minute",[]],["Hour",[]],["Day",[]],["Week",[]],["Month",[]],["Year",[]]]}}}},{"EDDataConstructor":{"edDataCtorName":"Second","edDataCtorOrigin":"data","edDataCtorTypeCtor":"DurationComponent","edDataCtorType":{"tag":"TypeConstructor","contents":[["Data","Interval","Duration"],"DurationComponent"]},"edDataCtorFields":[]}},{"EDDataConstructor":{"edDataCtorName":"Minute","edDataCtorOrigin":"data","edDataCtorTypeCtor":"DurationComponent","edDataCtorType":{"tag":"TypeConstructor","contents":[["Data","Interval","Duration"],"DurationComponent"]},"edDataCtorFields":[]}},{"EDDataConstructor":{"edDataCtorName":"Hour","edDataCtorOrigin":"data","edDataCtorTypeCtor":"DurationComponent","edDataCtorType":{"tag":"TypeConstructor","contents":[["Data","Interval","Duration"],"DurationComponent"]},"edDataCtorFields":[]}},{"EDDataConstructor":{"edDataCtorName":"Day","edDataCtorOrigin":"data","edDataCtorTypeCtor":"DurationComponent","edDataCtorType":{"tag":"TypeConstructor","contents":[["Data","Interval","Duration"],"DurationComponent"]},"edDataCtorFields":[]}},{"EDDataConstructor":{"edDataCtorName":"Week","edDataCtorOrigin":"data","edDataCtorTypeCtor":"DurationComponent","edDataCtorType":{"tag":"TypeConstructor","contents":[["Data","Interval","Duration"],"DurationComponent"]},"edDataCtorFields":[]}},{"EDDataConstructor":{"edDataCtorName":"Month","edDataCtorOrigin":"data","edDataCtorTypeCtor":"DurationComponent","edDataCtorType":{"tag":"TypeConstructor","contents":[["Data","Interval","Duration"],"DurationComponent"]},"edDataCtorFields":[]}},{"EDDataConstructor":{"edDataCtorName":"Year","edDataCtorOrigin":"data","edDataCtorTypeCtor":"DurationComponent","edDataCtorType":{"tag":"TypeConstructor","contents":[["Data","Interval","Duration"],"DurationComponent"]},"edDataCtorFields":[]}},{"EDValue":{"edValueName":{"Ident":"day"},"edValueType":{"tag":"TypeApp","contents":[{"tag":"TypeApp","contents":[{"tag":"TypeConstructor","contents":[["Prim"],"Function"]},{"tag":"TypeConstructor","contents":[["Prim"],"Number"]}]},{"tag":"TypeConstructor","contents":[["Data","Interval","Duration"],"Duration"]}]}}},{"EDValue":{"edValueName":{"Ident":"hour"},"edValueType":{"tag":"TypeApp","contents":[{"tag":"TypeApp","contents":[{"tag":"TypeConstructor","contents":[["Prim"],"Function"]},{"tag":"TypeConstructor","contents":[["Prim"],"Number"]}]},{"tag":"TypeConstructor","contents":[["Data","Interval","Duration"],"Duration"]}]}}},{"EDValue":{"edValueName":{"Ident":"millisecond"},"edValueType":{"tag":"TypeApp","contents":[{"tag":"TypeApp","contents":[{"tag":"TypeConstructor","contents":[["Prim"],"Function"]},{"tag":"TypeConstructor","contents":[["Prim"],"Number"]}]},{"tag":"TypeConstructor","contents":[["Data","Interval","Duration"],"Duration"]}]}}},{"EDValue":{"edValueName":{"Ident":"minute"},"edValueType":{"tag":"TypeApp","contents":[{"tag":"TypeApp","contents":[{"tag":"TypeConstructor","contents":[["Prim"],"Function"]},{"tag":"TypeConstructor","contents":[["Prim"],"Number"]}]},{"tag":"TypeConstructor","contents":[["Data","Interval","Duration"],"Duration"]}]}}},{"EDValue":{"edValueName":{"Ident":"month"},"edValueType":{"tag":"TypeApp","contents":[{"tag":"TypeApp","contents":[{"tag":"TypeConstructor","contents":[["Prim"],"Function"]},{"tag":"TypeConstructor","contents":[["Prim"],"Number"]}]},{"tag":"TypeConstructor","contents":[["Data","Interval","Duration"],"Duration"]}]}}},{"EDValue":{"edValueName":{"Ident":"second"},"edValueType":{"tag":"TypeApp","contents":[{"tag":"TypeApp","contents":[{"tag":"TypeConstructor","contents":[["Prim"],"Function"]},{"tag":"TypeConstructor","contents":[["Prim"],"Number"]}]},{"tag":"TypeConstructor","contents":[["Data","Interval","Duration"],"Duration"]}]}}},{"EDValue":{"edValueName":{"Ident":"week"},"edValueType":{"tag":"TypeApp","contents":[{"tag":"TypeApp","contents":[{"tag":"TypeConstructor","contents":[["Prim"],"Function"]},{"tag":"TypeConstructor","contents":[["Prim"],"Number"]}]},{"tag":"TypeConstructor","contents":[["Data","Interval","Duration"],"Duration"]}]}}},{"EDValue":{"edValueName":{"Ident":"year"},"edValueType":{"tag":"TypeApp","contents":[{"tag":"TypeApp","contents":[{"tag":"TypeConstructor","contents":[["Prim"],"Function"]},{"tag":"TypeConstructor","contents":[["Prim"],"Number"]}]},{"tag":"TypeConstructor","contents":[["Data","Interval","Duration"],"Duration"]}]}}},{"EDInstance":{"edInstanceClassName":[["Data","Eq"],"Eq"],"edInstanceName":{"Ident":"eqDuration"},"edInstanceTypes":[{"tag":"TypeConstructor","contents":[["Data","Interval","Duration"],"Duration"]}],"edInstanceConstraints":[]}},{"EDInstance":{"edInstanceClassName":[["Data","Ord"],"Ord"],"edInstanceName":{"Ident":"ordDuration"},"edInstanceTypes":[{"tag":"TypeConstructor","contents":[["Data","Interval","Duration"],"Duration"]}],"edInstanceConstraints":[]}},{"EDInstance":{"edInstanceClassName":[["Data","Newtype"],"Newtype"],"edInstanceName":{"Ident":"newtypeDuration"},"edInstanceTypes":[{"tag":"TypeConstructor","contents":[["Data","Interval","Duration"],"Duration"]},{"tag":"TypeApp","contents":[{"tag":"TypeApp","contents":[{"tag":"TypeConstructor","contents":[["Data","Map"],"Map"]},{"tag":"TypeConstructor","contents":[["Data","Interval","Duration"],"DurationComponent"]}]},{"tag":"TypeConstructor","contents":[["Prim"],"Number"]}]}],"edInstanceConstraints":[]}},{"EDInstance":{"edInstanceClassName":[["Data","Show"],"Show"],"edInstanceName":{"Ident":"showDuration"},"edInstanceTypes":[{"tag":"TypeConstructor","contents":[["Data","Interval","Duration"],"Duration"]}],"edInstanceConstraints":[]}},{"EDInstance":{"edInstanceClassName":[["Data","Semigroup"],"Semigroup"],"edInstanceName":{"Ident":"semigroupDuration"},"edInstanceTypes":[{"tag":"TypeConstructor","contents":[["Data","Interval","Duration"],"Duration"]}],"edInstanceConstraints":[]}},{"EDInstance":{"edInstanceClassName":[["Data","Monoid"],"Monoid"],"edInstanceName":{"Ident":"monoidDuration"},"edInstanceTypes":[{"tag":"TypeConstructor","contents":[["Data","Interval","Duration"],"Duration"]}],"edInstanceConstraints":[]}},{"EDInstance":{"edInstanceClassName":[["Data","Eq"],"Eq"],"edInstanceName":{"Ident":"eqDurationComponent"},"edInstanceTypes":[{"tag":"TypeConstructor","contents":[["Data","Interval","Duration"],"DurationComponent"]}],"edInstanceConstraints":[]}},{"EDInstance":{"edInstanceClassName":[["Data","Ord"],"Ord"],"edInstanceName":{"Ident":"ordDurationComponent"},"edInstanceTypes":[{"tag":"TypeConstructor","contents":[["Data","Interval","Duration"],"DurationComponent"]}],"edInstanceConstraints":[]}},{"EDInstance":{"edInstanceClassName":[["Data","Show"],"Show"],"edInstanceName":{"Ident":"showDurationComponent"},"edInstanceTypes":[{"tag":"TypeConstructor","contents":[["Data","Interval","Duration"],"DurationComponent"]}],"edInstanceConstraints":[]}}],"efSourceSpan":{"start":[1,1],"name":"/home/dhruv/Final/bower_components/purescript-datetime/src/Data/Interval/Duration.purs","end":[74,56]}}