{"efVersion":"0.11.6","efModuleName":["Data","Semigroup","Foldable"],"efExports":[{"TypeClassRef":[{"start":[1,1],"name":"/home/dhruv/Final/bower_components/purescript-foldable-traversable/src/Data/Semigroup/Foldable.purs","end":[73,25]},"Foldable1"]},{"ValueRef":[{"start":[1,1],"name":"/home/dhruv/Final/bower_components/purescript-foldable-traversable/src/Data/Semigroup/Foldable.purs","end":[73,25]},{"Ident":"fold1"}]},{"ValueRef":[{"start":[1,1],"name":"/home/dhruv/Final/bower_components/purescript-foldable-traversable/src/Data/Semigroup/Foldable.purs","end":[73,25]},{"Ident":"fold1Default"}]},{"ValueRef":[{"start":[1,1],"name":"/home/dhruv/Final/bower_components/purescript-foldable-traversable/src/Data/Semigroup/Foldable.purs","end":[73,25]},{"Ident":"foldMap1"}]},{"ValueRef":[{"start":[1,1],"name":"/home/dhruv/Final/bower_components/purescript-foldable-traversable/src/Data/Semigroup/Foldable.purs","end":[73,25]},{"Ident":"foldMap1Default"}]},{"ValueRef":[{"start":[1,1],"name":"/home/dhruv/Final/bower_components/purescript-foldable-traversable/src/Data/Semigroup/Foldable.purs","end":[73,25]},{"Ident":"for1_"}]},{"ValueRef":[{"start":[1,1],"name":"/home/dhruv/Final/bower_components/purescript-foldable-traversable/src/Data/Semigroup/Foldable.purs","end":[73,25]},{"Ident":"sequence1_"}]},{"ValueRef":[{"start":[1,1],"name":"/home/dhruv/Final/bower_components/purescript-foldable-traversable/src/Data/Semigroup/Foldable.purs","end":[73,25]},{"Ident":"traverse1_"}]},{"TypeInstanceRef":[{"start":[0,0],"name":"<generated>","end":[0,0]},{"Ident":"foldableDual"}]},{"TypeInstanceRef":[{"start":[0,0],"name":"<generated>","end":[0,0]},{"Ident":"foldableMultiplicative"}]}],"efImports":[{"eiModule":["Prim"],"eiImportType":{"Implicit":[]},"eiImportedAs":null},{"eiModule":["Prim"],"eiImportType":{"Implicit":[]},"eiImportedAs":["Prim"]},{"eiModule":["Prelude"],"eiImportType":{"Implicit":[]},"eiImportedAs":null},{"eiModule":["Data","Foldable"],"eiImportType":{"Explicit":[{"TypeClassRef":[{"start":[13,23],"name":"/home/dhruv/Final/bower_components/purescript-foldable-traversable/src/Data/Semigroup/Foldable.purs","end":[13,37]},"Foldable"]}]},"eiImportedAs":null},{"eiModule":["Data","Monoid","Dual"],"eiImportType":{"Explicit":[{"TypeRef":[{"start":[14,26],"name":"/home/dhruv/Final/bower_components/purescript-foldable-traversable/src/Data/Semigroup/Foldable.purs","end":[14,34]},"Dual",null]}]},"eiImportedAs":null},{"eiModule":["Data","Monoid","Multiplicative"],"eiImportType":{"Explicit":[{"TypeRef":[{"start":[15,36],"name":"/home/dhruv/Final/bower_components/purescript-foldable-traversable/src/Data/Semigroup/Foldable.purs","end":[15,54]},"Multiplicative",null]}]},"eiImportedAs":null}],"efFixities":[],"efTypeFixities":[],"efDeclarations":[{"EDType":{"edTypeName":"Foldable1","edTypeKind":{"tag":"FunKind","contents":[{"tag":"FunKind","contents":[{"tag":"NamedKind","contents":[["Prim"],"Type"]},{"tag":"NamedKind","contents":[["Prim"],"Type"]}]},{"tag":"NamedKind","contents":[["Prim"],"Type"]}]},"edTypeDeclarationKind":"TypeSynonym"}},{"EDTypeSynonym":{"edTypeSynonymName":"Foldable1","edTypeSynonymArguments":[["t",null]],"edTypeSynonymType":{"tag":"TypeApp","contents":[{"tag":"TypeConstructor","contents":[["Prim"],"Record"]},{"tag":"RCons","contents":["foldMap1",{"tag":"ForAll","contents":["m",{"tag":"ForAll","contents":["a",{"tag":"ConstrainedType","contents":[{"constraintClass":[["Data","Semigroup"],"Semigroup"],"constraintArgs":[{"tag":"TypeVar","contents":"m"}],"constraintData":null},{"tag":"TypeApp","contents":[{"tag":"TypeApp","contents":[{"tag":"TypeConstructor","contents":[["Prim"],"Function"]},{"tag":"TypeApp","contents":[{"tag":"TypeApp","contents":[{"tag":"TypeConstructor","contents":[["Prim"],"Function"]},{"tag":"TypeVar","contents":"a"}]},{"tag":"TypeVar","contents":"m"}]}]},{"tag":"TypeApp","contents":[{"tag":"TypeApp","contents":[{"tag":"TypeConstructor","contents":[["Prim"],"Function"]},{"tag":"TypeApp","contents":[{"tag":"TypeVar","contents":"t"},{"tag":"TypeVar","contents":"a"}]}]},{"tag":"TypeVar","contents":"m"}]}]}]},null]},null]},{"tag":"RCons","contents":["fold1",{"tag":"ForAll","contents":["m",{"tag":"ConstrainedType","contents":[{"constraintClass":[["Data","Semigroup"],"Semigroup"],"constraintArgs":[{"tag":"TypeVar","contents":"m"}],"constraintData":null},{"tag":"TypeApp","contents":[{"tag":"TypeApp","contents":[{"tag":"TypeConstructor","contents":[["Prim"],"Function"]},{"tag":"TypeApp","contents":[{"tag":"TypeVar","contents":"t"},{"tag":"TypeVar","contents":"m"}]}]},{"tag":"TypeVar","contents":"m"}]}]},null]},{"tag":"RCons","contents":["Foldable0",{"tag":"TypeApp","contents":[{"tag":"TypeApp","contents":[{"tag":"TypeConstructor","contents":[["Prim"],"Function"]},{"tag":"TypeApp","contents":[{"tag":"TypeConstructor","contents":[["Prim"],"Record"]},{"tag":"REmpty"}]}]},{"tag":"TypeApp","contents":[{"tag":"TypeConstructor","contents":[["Data","Foldable"],"Foldable"]},{"tag":"TypeVar","contents":"t"}]}]},{"tag":"REmpty"}]}]}]}]}}},{"EDClass":{"edClassName":"Foldable1","edClassTypeArguments":[["t",null]],"edClassMembers":[[{"Ident":"foldMap1"},{"tag":"ForAll","contents":["m",{"tag":"ForAll","contents":["a",{"tag":"ConstrainedType","contents":[{"constraintClass":[["Data","Semigroup"],"Semigroup"],"constraintArgs":[{"tag":"TypeVar","contents":"m"}],"constraintData":null},{"tag":"TypeApp","contents":[{"tag":"TypeApp","contents":[{"tag":"TypeConstructor","contents":[["Prim"],"Function"]},{"tag":"TypeApp","contents":[{"tag":"TypeApp","contents":[{"tag":"TypeConstructor","contents":[["Prim"],"Function"]},{"tag":"TypeVar","contents":"a"}]},{"tag":"TypeVar","contents":"m"}]}]},{"tag":"TypeApp","contents":[{"tag":"TypeApp","contents":[{"tag":"TypeConstructor","contents":[["Prim"],"Function"]},{"tag":"TypeApp","contents":[{"tag":"TypeVar","contents":"t"},{"tag":"TypeVar","contents":"a"}]}]},{"tag":"TypeVar","contents":"m"}]}]}]},null]},null]}],[{"Ident":"fold1"},{"tag":"ForAll","contents":["m",{"tag":"ConstrainedType","contents":[{"constraintClass":[["Data","Semigroup"],"Semigroup"],"constraintArgs":[{"tag":"TypeVar","contents":"m"}],"constraintData":null},{"tag":"TypeApp","contents":[{"tag":"TypeApp","contents":[{"tag":"TypeConstructor","contents":[["Prim"],"Function"]},{"tag":"TypeApp","contents":[{"tag":"TypeVar","contents":"t"},{"tag":"TypeVar","contents":"m"}]}]},{"tag":"TypeVar","contents":"m"}]}]},null]}]],"edClassConstraints":[{"constraintClass":[["Data","Foldable"],"Foldable"],"constraintArgs":[{"tag":"TypeVar","contents":"t"}],"constraintData":null}],"edFunctionalDependencies":[]}},{"EDValue":{"edValueName":{"Ident":"fold1"},"edValueType":{"tag":"ForAll","contents":["t",{"tag":"ForAll","contents":["m",{"tag":"ConstrainedType","contents":[{"constraintClass":[["Data","Semigroup","Foldable"],"Foldable1"],"constraintArgs":[{"tag":"TypeVar","contents":"t"}],"constraintData":null},{"tag":"ConstrainedType","contents":[{"constraintClass":[["Data","Semigroup"],"Semigroup"],"constraintArgs":[{"tag":"TypeVar","contents":"m"}],"constraintData":null},{"tag":"TypeApp","contents":[{"tag":"TypeApp","contents":[{"tag":"TypeConstructor","contents":[["Prim"],"Function"]},{"tag":"TypeApp","contents":[{"tag":"TypeVar","contents":"t"},{"tag":"TypeVar","contents":"m"}]}]},{"tag":"TypeVar","contents":"m"}]}]}]},63]},64]}}},{"EDValue":{"edValueName":{"Ident":"fold1Default"},"edValueType":{"tag":"ForAll","contents":["m",{"tag":"ForAll","contents":["t",{"tag":"ConstrainedType","contents":[{"constraintClass":[["Data","Semigroup","Foldable"],"Foldable1"],"constraintArgs":[{"tag":"TypeVar","contents":"t"}],"constraintData":null},{"tag":"ConstrainedType","contents":[{"constraintClass":[["Data","Semigroup"],"Semigroup"],"constraintArgs":[{"tag":"TypeVar","contents":"m"}],"constraintData":null},{"tag":"TypeApp","contents":[{"tag":"TypeApp","contents":[{"tag":"TypeConstructor","contents":[["Prim"],"Function"]},{"tag":"TypeApp","contents":[{"tag":"TypeVar","contents":"t"},{"tag":"TypeVar","contents":"m"}]}]},{"tag":"TypeVar","contents":"m"}]}]}]},35]},36]}}},{"EDValue":{"edValueName":{"Ident":"foldMap1"},"edValueType":{"tag":"ForAll","contents":["t",{"tag":"ForAll","contents":["m",{"tag":"ForAll","contents":["a",{"tag":"ConstrainedType","contents":[{"constraintClass":[["Data","Semigroup","Foldable"],"Foldable1"],"constraintArgs":[{"tag":"TypeVar","contents":"t"}],"constraintData":null},{"tag":"ConstrainedType","contents":[{"constraintClass":[["Data","Semigroup"],"Semigroup"],"constraintArgs":[{"tag":"TypeVar","contents":"m"}],"constraintData":null},{"tag":"TypeApp","contents":[{"tag":"TypeApp","contents":[{"tag":"TypeConstructor","contents":[["Prim"],"Function"]},{"tag":"TypeApp","contents":[{"tag":"TypeApp","contents":[{"tag":"TypeConstructor","contents":[["Prim"],"Function"]},{"tag":"TypeVar","contents":"a"}]},{"tag":"TypeVar","contents":"m"}]}]},{"tag":"TypeApp","contents":[{"tag":"TypeApp","contents":[{"tag":"TypeConstructor","contents":[["Prim"],"Function"]},{"tag":"TypeApp","contents":[{"tag":"TypeVar","contents":"t"},{"tag":"TypeVar","contents":"a"}]}]},{"tag":"TypeVar","contents":"m"}]}]}]}]},8]},9]},10]}}},{"EDValue":{"edValueName":{"Ident":"foldMap1Default"},"edValueType":{"tag":"ForAll","contents":["a",{"tag":"ForAll","contents":["m",{"tag":"ForAll","contents":["t",{"tag":"ConstrainedType","contents":[{"constraintClass":[["Data","Semigroup","Foldable"],"Foldable1"],"constraintArgs":[{"tag":"TypeVar","contents":"t"}],"constraintData":null},{"tag":"ConstrainedType","contents":[{"constraintClass":[["Data","Functor"],"Functor"],"constraintArgs":[{"tag":"TypeVar","contents":"t"}],"constraintData":null},{"tag":"ConstrainedType","contents":[{"constraintClass":[["Data","Semigroup"],"Semigroup"],"constraintArgs":[{"tag":"TypeVar","contents":"m"}],"constraintData":null},{"tag":"TypeApp","contents":[{"tag":"TypeApp","contents":[{"tag":"TypeConstructor","contents":[["Prim"],"Function"]},{"tag":"TypeApp","contents":[{"tag":"TypeApp","contents":[{"tag":"TypeConstructor","contents":[["Prim"],"Function"]},{"tag":"TypeVar","contents":"a"}]},{"tag":"TypeVar","contents":"m"}]}]},{"tag":"TypeApp","contents":[{"tag":"TypeApp","contents":[{"tag":"TypeConstructor","contents":[["Prim"],"Function"]},{"tag":"TypeApp","contents":[{"tag":"TypeVar","contents":"t"},{"tag":"TypeVar","contents":"a"}]}]},{"tag":"TypeVar","contents":"m"}]}]}]}]}]},65]},66]},67]}}},{"EDValue":{"edValueName":{"Ident":"for1_"},"edValueType":{"tag":"ForAll","contents":["b",{"tag":"ForAll","contents":["a",{"tag":"ForAll","contents":["f",{"tag":"ForAll","contents":["t",{"tag":"ConstrainedType","contents":[{"constraintClass":[["Data","Semigroup","Foldable"],"Foldable1"],"constraintArgs":[{"tag":"TypeVar","contents":"t"}],"constraintData":null},{"tag":"ConstrainedType","contents":[{"constraintClass":[["Control","Apply"],"Apply"],"constraintArgs":[{"tag":"TypeVar","contents":"f"}],"constraintData":null},{"tag":"TypeApp","contents":[{"tag":"TypeApp","contents":[{"tag":"TypeConstructor","contents":[["Prim"],"Function"]},{"tag":"TypeApp","contents":[{"tag":"TypeVar","contents":"t"},{"tag":"TypeVar","contents":"a"}]}]},{"tag":"TypeApp","contents":[{"tag":"TypeApp","contents":[{"tag":"TypeConstructor","contents":[["Prim"],"Function"]},{"tag":"TypeApp","contents":[{"tag":"TypeApp","contents":[{"tag":"TypeConstructor","contents":[["Prim"],"Function"]},{"tag":"TypeVar","contents":"a"}]},{"tag":"TypeApp","contents":[{"tag":"TypeVar","contents":"f"},{"tag":"TypeVar","contents":"b"}]}]}]},{"tag":"TypeApp","contents":[{"tag":"TypeVar","contents":"f"},{"tag":"TypeConstructor","contents":[["Data","Unit"],"Unit"]}]}]}]}]}]},21]},22]},23]},24]}}},{"EDValue":{"edValueName":{"Ident":"sequence1_"},"edValueType":{"tag":"ForAll","contents":["a",{"tag":"ForAll","contents":["f",{"tag":"ForAll","contents":["t",{"tag":"ConstrainedType","contents":[{"constraintClass":[["Data","Semigroup","Foldable"],"Foldable1"],"constraintArgs":[{"tag":"TypeVar","contents":"t"}],"constraintData":null},{"tag":"ConstrainedType","contents":[{"constraintClass":[["Control","Apply"],"Apply"],"constraintArgs":[{"tag":"TypeVar","contents":"f"}],"constraintData":null},{"tag":"TypeApp","contents":[{"tag":"TypeApp","contents":[{"tag":"TypeConstructor","contents":[["Prim"],"Function"]},{"tag":"TypeApp","contents":[{"tag":"TypeVar","contents":"t"},{"tag":"TypeApp","contents":[{"tag":"TypeVar","contents":"f"},{"tag":"TypeVar","contents":"a"}]}]}]},{"tag":"TypeApp","contents":[{"tag":"TypeVar","contents":"f"},{"tag":"TypeConstructor","contents":[["Data","Unit"],"Unit"]}]}]}]}]},29]},30]},31]}}},{"EDValue":{"edValueName":{"Ident":"traverse1_"},"edValueType":{"tag":"ForAll","contents":["b",{"tag":"ForAll","contents":["a",{"tag":"ForAll","contents":["f",{"tag":"ForAll","contents":["t",{"tag":"ConstrainedType","contents":[{"constraintClass":[["Data","Semigroup","Foldable"],"Foldable1"],"constraintArgs":[{"tag":"TypeVar","contents":"t"}],"constraintData":null},{"tag":"ConstrainedType","contents":[{"constraintClass":[["Control","Apply"],"Apply"],"constraintArgs":[{"tag":"TypeVar","contents":"f"}],"constraintData":null},{"tag":"TypeApp","contents":[{"tag":"TypeApp","contents":[{"tag":"TypeConstructor","contents":[["Prim"],"Function"]},{"tag":"TypeApp","contents":[{"tag":"TypeApp","contents":[{"tag":"TypeConstructor","contents":[["Prim"],"Function"]},{"tag":"TypeVar","contents":"a"}]},{"tag":"TypeApp","contents":[{"tag":"TypeVar","contents":"f"},{"tag":"TypeVar","contents":"b"}]}]}]},{"tag":"TypeApp","contents":[{"tag":"TypeApp","contents":[{"tag":"TypeConstructor","contents":[["Prim"],"Function"]},{"tag":"TypeApp","contents":[{"tag":"TypeVar","contents":"t"},{"tag":"TypeVar","contents":"a"}]}]},{"tag":"TypeApp","contents":[{"tag":"TypeVar","contents":"f"},{"tag":"TypeConstructor","contents":[["Data","Unit"],"Unit"]}]}]}]}]}]},11]},12]},13]},14]}}},{"EDInstance":{"edInstanceClassName":[["Data","Semigroup","Foldable"],"Foldable1"],"edInstanceName":{"Ident":"foldableDual"},"edInstanceTypes":[{"tag":"TypeConstructor","contents":[["Data","Monoid","Dual"],"Dual"]}],"edInstanceConstraints":[]}},{"EDInstance":{"edInstanceClassName":[["Data","Semigroup","Foldable"],"Foldable1"],"edInstanceName":{"Ident":"foldableMultiplicative"},"edInstanceTypes":[{"tag":"TypeConstructor","contents":[["Data","Monoid","Multiplicative"],"Multiplicative"]}],"edInstanceConstraints":[]}}],"efSourceSpan":{"start":[1,1],"name":"/home/dhruv/Final/bower_components/purescript-foldable-traversable/src/Data/Semigroup/Foldable.purs","end":[73,25]}}