{"efVersion":"0.11.6","efModuleName":["DOM","Event","WheelEvent"],"efExports":[{"TypeRef":[{"start":[1,1],"name":"/home/dhruv/Final/bower_components/purescript-dom/src/DOM/Event/WheelEvent.purs","end":[69,13]},"DeltaMode",["Pixel","Line","Page"]]},{"ReExportRef":[{"start":[1,1],"name":"/home/dhruv/Final/bower_components/purescript-dom/src/DOM/Event/WheelEvent.purs","end":[69,13]},["DOM","Event","Types"],{"TypeRef":[{"start":[1,1],"name":"/home/dhruv/Final/bower_components/purescript-dom/src/DOM/Event/WheelEvent.purs","end":[69,13]},"WheelEvent",[]]}]},{"ValueRef":[{"start":[1,1],"name":"/home/dhruv/Final/bower_components/purescript-dom/src/DOM/Event/WheelEvent.purs","end":[69,13]},{"Ident":"deltaMode"}]},{"ValueRef":[{"start":[1,1],"name":"/home/dhruv/Final/bower_components/purescript-dom/src/DOM/Event/WheelEvent.purs","end":[69,13]},{"Ident":"deltaModeIndex"}]},{"ValueRef":[{"start":[1,1],"name":"/home/dhruv/Final/bower_components/purescript-dom/src/DOM/Event/WheelEvent.purs","end":[69,13]},{"Ident":"deltaX"}]},{"ValueRef":[{"start":[1,1],"name":"/home/dhruv/Final/bower_components/purescript-dom/src/DOM/Event/WheelEvent.purs","end":[69,13]},{"Ident":"deltaY"}]},{"ValueRef":[{"start":[1,1],"name":"/home/dhruv/Final/bower_components/purescript-dom/src/DOM/Event/WheelEvent.purs","end":[69,13]},{"Ident":"deltaZ"}]},{"ValueRef":[{"start":[1,1],"name":"/home/dhruv/Final/bower_components/purescript-dom/src/DOM/Event/WheelEvent.purs","end":[69,13]},{"Ident":"eventToWheelEvent"}]},{"ValueRef":[{"start":[1,1],"name":"/home/dhruv/Final/bower_components/purescript-dom/src/DOM/Event/WheelEvent.purs","end":[69,13]},{"Ident":"fromEnumDeltaMode"}]},{"ReExportRef":[{"start":[1,1],"name":"/home/dhruv/Final/bower_components/purescript-dom/src/DOM/Event/WheelEvent.purs","end":[69,13]},["DOM","Event","Types"],{"ValueRef":[{"start":[1,1],"name":"/home/dhruv/Final/bower_components/purescript-dom/src/DOM/Event/WheelEvent.purs","end":[69,13]},{"Ident":"readWheelEvent"}]}]},{"ValueRef":[{"start":[1,1],"name":"/home/dhruv/Final/bower_components/purescript-dom/src/DOM/Event/WheelEvent.purs","end":[69,13]},{"Ident":"toEnumDeltaMode"}]},{"ReExportRef":[{"start":[1,1],"name":"/home/dhruv/Final/bower_components/purescript-dom/src/DOM/Event/WheelEvent.purs","end":[69,13]},["DOM","Event","Types"],{"ValueRef":[{"start":[1,1],"name":"/home/dhruv/Final/bower_components/purescript-dom/src/DOM/Event/WheelEvent.purs","end":[69,13]},{"Ident":"wheelEventToEvent"}]}]},{"ModuleRef":[{"start":[2,5],"name":"/home/dhruv/Final/bower_components/purescript-dom/src/DOM/Event/WheelEvent.purs","end":[2,13]},["T"]]},{"TypeInstanceRef":[{"start":[0,0],"name":"<generated>","end":[0,0]},{"Ident":"eqDeltaMode"}]},{"TypeInstanceRef":[{"start":[0,0],"name":"<generated>","end":[0,0]},{"Ident":"ordDeltaMode"}]},{"TypeInstanceRef":[{"start":[0,0],"name":"<generated>","end":[0,0]},{"Ident":"boundedDeltaMode"}]},{"TypeInstanceRef":[{"start":[0,0],"name":"<generated>","end":[0,0]},{"Ident":"enumDeltaMode"}]},{"TypeInstanceRef":[{"start":[0,0],"name":"<generated>","end":[0,0]},{"Ident":"boundedEnumDeltaMode"}]}],"efImports":[{"eiModule":["Prim"],"eiImportType":{"Implicit":[]},"eiImportedAs":null},{"eiModule":["Prim"],"eiImportType":{"Implicit":[]},"eiImportedAs":["Prim"]},{"eiModule":["Prelude"],"eiImportType":{"Implicit":[]},"eiImportedAs":null},{"eiModule":["Data","Enum"],"eiImportType":{"Explicit":[{"TypeClassRef":[{"start":[15,19],"name":"/home/dhruv/Final/bower_components/purescript-dom/src/DOM/Event/WheelEvent.purs","end":[15,36]},"BoundedEnum"]},{"TypeClassRef":[{"start":[15,38],"name":"/home/dhruv/Final/bower_components/purescript-dom/src/DOM/Event/WheelEvent.purs","end":[15,48]},"Enum"]},{"TypeRef":[{"start":[15,50],"name":"/home/dhruv/Final/bower_components/purescript-dom/src/DOM/Event/WheelEvent.purs","end":[15,65]},"Cardinality",null]},{"ValueRef":[{"start":[15,67],"name":"/home/dhruv/Final/bower_components/purescript-dom/src/DOM/Event/WheelEvent.purs","end":[15,78]},{"Ident":"defaultPred"}]},{"ValueRef":[{"start":[15,80],"name":"/home/dhruv/Final/bower_components/purescript-dom/src/DOM/Event/WheelEvent.purs","end":[15,91]},{"Ident":"defaultSucc"}]},{"ValueRef":[{"start":[15,93],"name":"/home/dhruv/Final/bower_components/purescript-dom/src/DOM/Event/WheelEvent.purs","end":[15,99]},{"Ident":"toEnum"}]}]},"eiImportedAs":null},{"eiModule":["Data","Foreign"],"eiImportType":{"Explicit":[{"TypeRef":[{"start":[16,22],"name":"/home/dhruv/Final/bower_components/purescript-dom/src/DOM/Event/WheelEvent.purs","end":[16,23]},"F",[]]},{"ValueRef":[{"start":[16,25],"name":"/home/dhruv/Final/bower_components/purescript-dom/src/DOM/Event/WheelEvent.purs","end":[16,34]},{"Ident":"toForeign"}]}]},"eiImportedAs":null},{"eiModule":["Data","Maybe"],"eiImportType":{"Explicit":[{"TypeRef":[{"start":[17,20],"name":"/home/dhruv/Final/bower_components/purescript-dom/src/DOM/Event/WheelEvent.purs","end":[17,29]},"Maybe",null]},{"ValueRef":[{"start":[17,31],"name":"/home/dhruv/Final/bower_components/purescript-dom/src/DOM/Event/WheelEvent.purs","end":[17,39]},{"Ident":"fromJust"}]}]},"eiImportedAs":null},{"eiModule":["DOM","Event","Types"],"eiImportType":{"Explicit":[{"TypeRef":[{"start":[18,25],"name":"/home/dhruv/Final/bower_components/purescript-dom/src/DOM/Event/WheelEvent.purs","end":[18,30]},"Event",[]]},{"TypeRef":[{"start":[18,32],"name":"/home/dhruv/Final/bower_components/purescript-dom/src/DOM/Event/WheelEvent.purs","end":[18,42]},"WheelEvent",[]]},{"ValueRef":[{"start":[18,44],"name":"/home/dhruv/Final/bower_components/purescript-dom/src/DOM/Event/WheelEvent.purs","end":[18,58]},{"Ident":"readWheelEvent"}]}]},"eiImportedAs":null},{"eiModule":["DOM","Event","Types"],"eiImportType":{"Explicit":[{"TypeRef":[{"start":[19,25],"name":"/home/dhruv/Final/bower_components/purescript-dom/src/DOM/Event/WheelEvent.purs","end":[19,35]},"WheelEvent",[]]},{"ValueRef":[{"start":[19,37],"name":"/home/dhruv/Final/bower_components/purescript-dom/src/DOM/Event/WheelEvent.purs","end":[19,51]},{"Ident":"readWheelEvent"}]},{"ValueRef":[{"start":[19,53],"name":"/home/dhruv/Final/bower_components/purescript-dom/src/DOM/Event/WheelEvent.purs","end":[19,70]},{"Ident":"wheelEventToEvent"}]}]},"eiImportedAs":["T"]}],"efFixities":[],"efTypeFixities":[],"efDeclarations":[{"EDType":{"edTypeName":"DeltaMode","edTypeKind":{"tag":"NamedKind","contents":[["Prim"],"Type"]},"edTypeDeclarationKind":{"DataType":{"args":[],"ctors":[["Pixel",[]],["Line",[]],["Page",[]]]}}}},{"EDDataConstructor":{"edDataCtorName":"Pixel","edDataCtorOrigin":"data","edDataCtorTypeCtor":"DeltaMode","edDataCtorType":{"tag":"TypeConstructor","contents":[["DOM","Event","WheelEvent"],"DeltaMode"]},"edDataCtorFields":[]}},{"EDDataConstructor":{"edDataCtorName":"Line","edDataCtorOrigin":"data","edDataCtorTypeCtor":"DeltaMode","edDataCtorType":{"tag":"TypeConstructor","contents":[["DOM","Event","WheelEvent"],"DeltaMode"]},"edDataCtorFields":[]}},{"EDDataConstructor":{"edDataCtorName":"Page","edDataCtorOrigin":"data","edDataCtorTypeCtor":"DeltaMode","edDataCtorType":{"tag":"TypeConstructor","contents":[["DOM","Event","WheelEvent"],"DeltaMode"]},"edDataCtorFields":[]}},{"EDValue":{"edValueName":{"Ident":"deltaMode"},"edValueType":{"tag":"ConstrainedType","contents":[{"constraintClass":[["Prim"],"Partial"],"constraintArgs":[],"constraintData":null},{"tag":"TypeApp","contents":[{"tag":"TypeApp","contents":[{"tag":"TypeConstructor","contents":[["Prim"],"Function"]},{"tag":"TypeConstructor","contents":[["DOM","Event","Types"],"WheelEvent"]}]},{"tag":"TypeConstructor","contents":[["DOM","Event","WheelEvent"],"DeltaMode"]}]}]}}},{"EDValue":{"edValueName":{"Ident":"deltaModeIndex"},"edValueType":{"tag":"TypeApp","contents":[{"tag":"TypeApp","contents":[{"tag":"TypeConstructor","contents":[["Prim"],"Function"]},{"tag":"TypeConstructor","contents":[["DOM","Event","Types"],"WheelEvent"]}]},{"tag":"TypeConstructor","contents":[["Prim"],"Int"]}]}}},{"EDValue":{"edValueName":{"Ident":"deltaX"},"edValueType":{"tag":"TypeApp","contents":[{"tag":"TypeApp","contents":[{"tag":"TypeConstructor","contents":[["Prim"],"Function"]},{"tag":"TypeConstructor","contents":[["DOM","Event","Types"],"WheelEvent"]}]},{"tag":"TypeConstructor","contents":[["Prim"],"Number"]}]}}},{"EDValue":{"edValueName":{"Ident":"deltaY"},"edValueType":{"tag":"TypeApp","contents":[{"tag":"TypeApp","contents":[{"tag":"TypeConstructor","contents":[["Prim"],"Function"]},{"tag":"TypeConstructor","contents":[["DOM","Event","Types"],"WheelEvent"]}]},{"tag":"TypeConstructor","contents":[["Prim"],"Number"]}]}}},{"EDValue":{"edValueName":{"Ident":"deltaZ"},"edValueType":{"tag":"TypeApp","contents":[{"tag":"TypeApp","contents":[{"tag":"TypeConstructor","contents":[["Prim"],"Function"]},{"tag":"TypeConstructor","contents":[["DOM","Event","Types"],"WheelEvent"]}]},{"tag":"TypeConstructor","contents":[["Prim"],"Number"]}]}}},{"EDValue":{"edValueName":{"Ident":"eventToWheelEvent"},"edValueType":{"tag":"TypeApp","contents":[{"tag":"TypeApp","contents":[{"tag":"TypeConstructor","contents":[["Prim"],"Function"]},{"tag":"TypeConstructor","contents":[["DOM","Event","Types"],"Event"]}]},{"tag":"TypeApp","contents":[{"tag":"TypeApp","contents":[{"tag":"TypeApp","contents":[{"tag":"TypeConstructor","contents":[["Control","Monad","Except","Trans"],"ExceptT"]},{"tag":"TypeApp","contents":[{"tag":"TypeConstructor","contents":[["Data","List","Types"],"NonEmptyList"]},{"tag":"TypeConstructor","contents":[["Data","Foreign"],"ForeignError"]}]}]},{"tag":"TypeConstructor","contents":[["Data","Identity"],"Identity"]}]},{"tag":"TypeConstructor","contents":[["DOM","Event","Types"],"WheelEvent"]}]}]}}},{"EDValue":{"edValueName":{"Ident":"fromEnumDeltaMode"},"edValueType":{"tag":"TypeApp","contents":[{"tag":"TypeApp","contents":[{"tag":"TypeConstructor","contents":[["Prim"],"Function"]},{"tag":"TypeConstructor","contents":[["DOM","Event","WheelEvent"],"DeltaMode"]}]},{"tag":"TypeConstructor","contents":[["Prim"],"Int"]}]}}},{"EDValue":{"edValueName":{"Ident":"toEnumDeltaMode"},"edValueType":{"tag":"TypeApp","contents":[{"tag":"TypeApp","contents":[{"tag":"TypeConstructor","contents":[["Prim"],"Function"]},{"tag":"TypeConstructor","contents":[["Prim"],"Int"]}]},{"tag":"TypeApp","contents":[{"tag":"TypeConstructor","contents":[["Data","Maybe"],"Maybe"]},{"tag":"TypeConstructor","contents":[["DOM","Event","WheelEvent"],"DeltaMode"]}]}]}}},{"EDInstance":{"edInstanceClassName":[["Data","Eq"],"Eq"],"edInstanceName":{"Ident":"eqDeltaMode"},"edInstanceTypes":[{"tag":"TypeConstructor","contents":[["DOM","Event","WheelEvent"],"DeltaMode"]}],"edInstanceConstraints":[]}},{"EDInstance":{"edInstanceClassName":[["Data","Ord"],"Ord"],"edInstanceName":{"Ident":"ordDeltaMode"},"edInstanceTypes":[{"tag":"TypeConstructor","contents":[["DOM","Event","WheelEvent"],"DeltaMode"]}],"edInstanceConstraints":[]}},{"EDInstance":{"edInstanceClassName":[["Data","Bounded"],"Bounded"],"edInstanceName":{"Ident":"boundedDeltaMode"},"edInstanceTypes":[{"tag":"TypeConstructor","contents":[["DOM","Event","WheelEvent"],"DeltaMode"]}],"edInstanceConstraints":[]}},{"EDInstance":{"edInstanceClassName":[["Data","Enum"],"Enum"],"edInstanceName":{"Ident":"enumDeltaMode"},"edInstanceTypes":[{"tag":"TypeConstructor","contents":[["DOM","Event","WheelEvent"],"DeltaMode"]}],"edInstanceConstraints":[]}},{"EDInstance":{"edInstanceClassName":[["Data","Enum"],"BoundedEnum"],"edInstanceName":{"Ident":"boundedEnumDeltaMode"},"edInstanceTypes":[{"tag":"TypeConstructor","contents":[["DOM","Event","WheelEvent"],"DeltaMode"]}],"edInstanceConstraints":[]}}],"efSourceSpan":{"start":[1,1],"name":"/home/dhruv/Final/bower_components/purescript-dom/src/DOM/Event/WheelEvent.purs","end":[69,13]}}