{"efVersion":"0.11.6","efModuleName":["DOM","HTML","Event","HashChangeEvent"],"efExports":[{"ValueRef":[{"start":[1,1],"name":"/home/dhruv/Final/bower_components/purescript-dom/src/DOM/HTML/Event/HashChangeEvent.purs","end":[6,45]},{"Ident":"newURL"}]},{"ValueRef":[{"start":[1,1],"name":"/home/dhruv/Final/bower_components/purescript-dom/src/DOM/HTML/Event/HashChangeEvent.purs","end":[6,45]},{"Ident":"oldURL"}]}],"efImports":[{"eiModule":["Prim"],"eiImportType":{"Implicit":[]},"eiImportedAs":null},{"eiModule":["Prim"],"eiImportType":{"Implicit":[]},"eiImportedAs":["Prim"]},{"eiModule":["DOM","HTML","Event","Types"],"eiImportType":{"Explicit":[{"TypeRef":[{"start":[3,30],"name":"/home/dhruv/Final/bower_components/purescript-dom/src/DOM/HTML/Event/HashChangeEvent.purs","end":[3,45]},"HashChangeEvent",[]]}]},"eiImportedAs":null}],"efFixities":[],"efTypeFixities":[],"efDeclarations":[{"EDValue":{"edValueName":{"Ident":"newURL"},"edValueType":{"tag":"TypeApp","contents":[{"tag":"TypeApp","contents":[{"tag":"TypeConstructor","contents":[["Prim"],"Function"]},{"tag":"TypeConstructor","contents":[["DOM","HTML","Event","Types"],"HashChangeEvent"]}]},{"tag":"TypeConstructor","contents":[["Prim"],"String"]}]}}},{"EDValue":{"edValueName":{"Ident":"oldURL"},"edValueType":{"tag":"TypeApp","contents":[{"tag":"TypeApp","contents":[{"tag":"TypeConstructor","contents":[["Prim"],"Function"]},{"tag":"TypeConstructor","contents":[["DOM","HTML","Event","Types"],"HashChangeEvent"]}]},{"tag":"TypeConstructor","contents":[["Prim"],"String"]}]}}}],"efSourceSpan":{"start":[1,1],"name":"/home/dhruv/Final/bower_components/purescript-dom/src/DOM/HTML/Event/HashChangeEvent.purs","end":[6,45]}}