{"efVersion":"0.11.6","efModuleName":["Graphics","Isometric"],"efExports":[{"ReExportRef":[{"start":[1,1],"name":"/home/dhruv/Final/bower_components/purescript-isometric/src/Graphics/Isometric.purs","end":[215,26]},["Graphics","Isometric","Types"],{"TypeRef":[{"start":[1,1],"name":"/home/dhruv/Final/bower_components/purescript-isometric/src/Graphics/Isometric.purs","end":[215,26]},"Angle",[]]}]},{"ReExportRef":[{"start":[1,1],"name":"/home/dhruv/Final/bower_components/purescript-isometric/src/Graphics/Isometric.purs","end":[215,26]},["Color"],{"TypeRef":[{"start":[1,1],"name":"/home/dhruv/Final/bower_components/purescript-isometric/src/Graphics/Isometric.purs","end":[215,26]},"Color",[]]}]},{"TypeRef":[{"start":[1,1],"name":"/home/dhruv/Final/bower_components/purescript-isometric/src/Graphics/Isometric.purs","end":[215,26]},"Face",[]]},{"ReExportRef":[{"start":[1,1],"name":"/home/dhruv/Final/bower_components/purescript-isometric/src/Graphics/Isometric.purs","end":[215,26]},["Graphics","Isometric","Types"],{"TypeRef":[{"start":[1,1],"name":"/home/dhruv/Final/bower_components/purescript-isometric/src/Graphics/Isometric.purs","end":[215,26]},"Point",[]]}]},{"TypeRef":[{"start":[1,1],"name":"/home/dhruv/Final/bower_components/purescript-isometric/src/Graphics/Isometric.purs","end":[215,26]},"Scene",["Fill","Many"]]},{"TypeRef":[{"start":[1,1],"name":"/home/dhruv/Final/bower_components/purescript-isometric/src/Graphics/Isometric.purs","end":[215,26]},"Shape",[]]},{"ReExportRef":[{"start":[1,1],"name":"/home/dhruv/Final/bower_components/purescript-isometric/src/Graphics/Isometric.purs","end":[215,26]},["Data","List","ThreeOrMore"],{"TypeRef":[{"start":[1,1],"name":"/home/dhruv/Final/bower_components/purescript-isometric/src/Graphics/Isometric.purs","end":[215,26]},"ThreeOrMore",[]]}]},{"ReExportRef":[{"start":[1,1],"name":"/home/dhruv/Final/bower_components/purescript-isometric/src/Graphics/Isometric.purs","end":[215,26]},["Graphics","Isometric","Types"],{"TypeRef":[{"start":[1,1],"name":"/home/dhruv/Final/bower_components/purescript-isometric/src/Graphics/Isometric.purs","end":[215,26]},"Vector",[]]}]},{"ValueRef":[{"start":[1,1],"name":"/home/dhruv/Final/bower_components/purescript-isometric/src/Graphics/Isometric.purs","end":[215,26]},{"Ident":"cone"}]},{"ValueRef":[{"start":[1,1],"name":"/home/dhruv/Final/bower_components/purescript-isometric/src/Graphics/Isometric.purs","end":[215,26]},{"Ident":"cube"}]},{"ValueRef":[{"start":[1,1],"name":"/home/dhruv/Final/bower_components/purescript-isometric/src/Graphics/Isometric.purs","end":[215,26]},{"Ident":"cylinder"}]},{"ValueRef":[{"start":[1,1],"name":"/home/dhruv/Final/bower_components/purescript-isometric/src/Graphics/Isometric.purs","end":[215,26]},{"Ident":"extrude"}]},{"ValueRef":[{"start":[1,1],"name":"/home/dhruv/Final/bower_components/purescript-isometric/src/Graphics/Isometric.purs","end":[215,26]},{"Ident":"extrudeCone"}]},{"ValueRef":[{"start":[1,1],"name":"/home/dhruv/Final/bower_components/purescript-isometric/src/Graphics/Isometric.purs","end":[215,26]},{"Ident":"filled"}]},{"ReExportRef":[{"start":[1,1],"name":"/home/dhruv/Final/bower_components/purescript-isometric/src/Graphics/Isometric.purs","end":[215,26]},["Data","List","ThreeOrMore"],{"ValueRef":[{"start":[1,1],"name":"/home/dhruv/Final/bower_components/purescript-isometric/src/Graphics/Isometric.purs","end":[215,26]},{"Ident":"last"}]}]},{"ValueRef":[{"start":[1,1],"name":"/home/dhruv/Final/bower_components/purescript-isometric/src/Graphics/Isometric.purs","end":[215,26]},{"Ident":"prism"}]},{"ValueRef":[{"start":[1,1],"name":"/home/dhruv/Final/bower_components/purescript-isometric/src/Graphics/Isometric.purs","end":[215,26]},{"Ident":"pyramid"}]},{"ValueRef":[{"start":[1,1],"name":"/home/dhruv/Final/bower_components/purescript-isometric/src/Graphics/Isometric.purs","end":[215,26]},{"Ident":"pyramid3"}]},{"ValueRef":[{"start":[1,1],"name":"/home/dhruv/Final/bower_components/purescript-isometric/src/Graphics/Isometric.purs","end":[215,26]},{"Ident":"renderScene"}]},{"ReExportRef":[{"start":[1,1],"name":"/home/dhruv/Final/bower_components/purescript-isometric/src/Graphics/Isometric.purs","end":[215,26]},["Data","List","ThreeOrMore"],{"ValueRef":[{"start":[1,1],"name":"/home/dhruv/Final/bower_components/purescript-isometric/src/Graphics/Isometric.purs","end":[215,26]},{"Ident":"reverse"}]}]},{"ValueRef":[{"start":[1,1],"name":"/home/dhruv/Final/bower_components/purescript-isometric/src/Graphics/Isometric.purs","end":[215,26]},{"Ident":"rotateX"}]},{"ValueRef":[{"start":[1,1],"name":"/home/dhruv/Final/bower_components/purescript-isometric/src/Graphics/Isometric.purs","end":[215,26]},{"Ident":"rotateY"}]},{"ValueRef":[{"start":[1,1],"name":"/home/dhruv/Final/bower_components/purescript-isometric/src/Graphics/Isometric.purs","end":[215,26]},{"Ident":"rotateZ"}]},{"ValueRef":[{"start":[1,1],"name":"/home/dhruv/Final/bower_components/purescript-isometric/src/Graphics/Isometric.purs","end":[215,26]},{"Ident":"scale"}]},{"ReExportRef":[{"start":[1,1],"name":"/home/dhruv/Final/bower_components/purescript-isometric/src/Graphics/Isometric.purs","end":[215,26]},["Data","List","ThreeOrMore"],{"ValueRef":[{"start":[1,1],"name":"/home/dhruv/Final/bower_components/purescript-isometric/src/Graphics/Isometric.purs","end":[215,26]},{"Ident":"toList"}]}]},{"ValueRef":[{"start":[1,1],"name":"/home/dhruv/Final/bower_components/purescript-isometric/src/Graphics/Isometric.purs","end":[215,26]},{"Ident":"translateX"}]},{"ValueRef":[{"start":[1,1],"name":"/home/dhruv/Final/bower_components/purescript-isometric/src/Graphics/Isometric.purs","end":[215,26]},{"Ident":"translateY"}]},{"ValueRef":[{"start":[1,1],"name":"/home/dhruv/Final/bower_components/purescript-isometric/src/Graphics/Isometric.purs","end":[215,26]},{"Ident":"translateZ"}]},{"ModuleRef":[{"start":[22,5],"name":"/home/dhruv/Final/bower_components/purescript-isometric/src/Graphics/Isometric.purs","end":[22,36]},["Graphics","Isometric","Types"]]},{"ModuleRef":[{"start":[23,5],"name":"/home/dhruv/Final/bower_components/purescript-isometric/src/Graphics/Isometric.purs","end":[23,21]},["ColorType"]]},{"ModuleRef":[{"start":[24,5],"name":"/home/dhruv/Final/bower_components/purescript-isometric/src/Graphics/Isometric.purs","end":[24,33]},["Data","List","ThreeOrMore"]]},{"TypeInstanceRef":[{"start":[0,0],"name":"<generated>","end":[0,0]},{"Ident":"semigroupScene"}]},{"TypeInstanceRef":[{"start":[0,0],"name":"<generated>","end":[0,0]},{"Ident":"monoidScene"}]}],"efImports":[{"eiModule":["Prim"],"eiImportType":{"Implicit":[]},"eiImportedAs":null},{"eiModule":["Prim"],"eiImportType":{"Implicit":[]},"eiImportedAs":["Prim"]},{"eiModule":["Prelude"],"eiImportType":{"Implicit":[]},"eiImportedAs":null},{"eiModule":["Data","List","ThreeOrMore"],"eiImportType":{"Explicit":[{"TypeRef":[{"start":[30,31],"name":"/home/dhruv/Final/bower_components/purescript-isometric/src/Graphics/Isometric.purs","end":[30,42]},"ThreeOrMore",[]]},{"ValueRef":[{"start":[30,44],"name":"/home/dhruv/Final/bower_components/purescript-isometric/src/Graphics/Isometric.purs","end":[30,48]},{"Ident":"last"}]},{"ValueRef":[{"start":[30,50],"name":"/home/dhruv/Final/bower_components/purescript-isometric/src/Graphics/Isometric.purs","end":[30,57]},{"Ident":"reverse"}]},{"ValueRef":[{"start":[30,59],"name":"/home/dhruv/Final/bower_components/purescript-isometric/src/Graphics/Isometric.purs","end":[30,65]},{"Ident":"toList"}]}]},"eiImportedAs":null},{"eiModule":["Data","Foldable"],"eiImportType":{"Explicit":[{"ValueRef":[{"start":[31,23],"name":"/home/dhruv/Final/bower_components/purescript-isometric/src/Graphics/Isometric.purs","end":[31,30]},{"Ident":"foldMap"}]},{"ValueRef":[{"start":[31,32],"name":"/home/dhruv/Final/bower_components/purescript-isometric/src/Graphics/Isometric.purs","end":[31,35]},{"Ident":"sum"}]}]},"eiImportedAs":null},{"eiModule":["Data","Int"],"eiImportType":{"Explicit":[{"ValueRef":[{"start":[32,18],"name":"/home/dhruv/Final/bower_components/purescript-isometric/src/Graphics/Isometric.purs","end":[32,26]},{"Ident":"toNumber"}]}]},"eiImportedAs":null},{"eiModule":["Data","List"],"eiImportType":{"Explicit":[{"TypeRef":[{"start":[33,19],"name":"/home/dhruv/Final/bower_components/purescript-isometric/src/Graphics/Isometric.purs","end":[33,27]},"List",null]},{"ValueRef":[{"start":[33,29],"name":"/home/dhruv/Final/bower_components/purescript-isometric/src/Graphics/Isometric.purs","end":[33,38]},{"Ident":"singleton"}]},{"ValueOpRef":[{"start":[33,40],"name":"/home/dhruv/Final/bower_components/purescript-isometric/src/Graphics/Isometric.purs","end":[33,43]},":"]},{"ValueOpRef":[{"start":[33,45],"name":"/home/dhruv/Final/bower_components/purescript-isometric/src/Graphics/Isometric.purs","end":[33,49]},".."]},{"ValueRef":[{"start":[33,51],"name":"/home/dhruv/Final/bower_components/purescript-isometric/src/Graphics/Isometric.purs","end":[33,57]},{"Ident":"sortBy"}]},{"ValueRef":[{"start":[33,59],"name":"/home/dhruv/Final/bower_components/purescript-isometric/src/Graphics/Isometric.purs","end":[33,66]},{"Ident":"zipWith"}]}]},"eiImportedAs":null},{"eiModule":["Data","Monoid"],"eiImportType":{"Explicit":[{"TypeClassRef":[{"start":[34,21],"name":"/home/dhruv/Final/bower_components/purescript-isometric/src/Graphics/Isometric.purs","end":[34,33]},"Monoid"]},{"ValueRef":[{"start":[34,35],"name":"/home/dhruv/Final/bower_components/purescript-isometric/src/Graphics/Isometric.purs","end":[34,41]},{"Ident":"mempty"}]}]},"eiImportedAs":null},{"eiModule":["Data","NonEmpty"],"eiImportType":{"Explicit":[{"ValueOpRef":[{"start":[35,23],"name":"/home/dhruv/Final/bower_components/purescript-isometric/src/Graphics/Isometric.purs","end":[35,27]},":|"]}]},"eiImportedAs":null},{"eiModule":["Math"],"eiImportType":{"Explicit":[{"ValueRef":[{"start":[37,14],"name":"/home/dhruv/Final/bower_components/purescript-isometric/src/Graphics/Isometric.purs","end":[37,16]},{"Ident":"pi"}]},{"ValueRef":[{"start":[37,18],"name":"/home/dhruv/Final/bower_components/purescript-isometric/src/Graphics/Isometric.purs","end":[37,22]},{"Ident":"asin"}]},{"ValueRef":[{"start":[37,24],"name":"/home/dhruv/Final/bower_components/purescript-isometric/src/Graphics/Isometric.purs","end":[37,28]},{"Ident":"sqrt"}]},{"ValueRef":[{"start":[37,30],"name":"/home/dhruv/Final/bower_components/purescript-isometric/src/Graphics/Isometric.purs","end":[37,33]},{"Ident":"sin"}]},{"ValueRef":[{"start":[37,35],"name":"/home/dhruv/Final/bower_components/purescript-isometric/src/Graphics/Isometric.purs","end":[37,38]},{"Ident":"cos"}]}]},"eiImportedAs":null},{"eiModule":["Graphics","Drawing"],"eiImportType":{"Implicit":[]},"eiImportedAs":["TwoD"]},{"eiModule":["Color"],"eiImportType":{"Explicit":[{"TypeRef":[{"start":[40,15],"name":"/home/dhruv/Final/bower_components/purescript-isometric/src/Graphics/Isometric.purs","end":[40,20]},"Color",[]]},{"ValueRef":[{"start":[40,22],"name":"/home/dhruv/Final/bower_components/purescript-isometric/src/Graphics/Isometric.purs","end":[40,29]},{"Ident":"lighten"}]}]},"eiImportedAs":null},{"eiModule":["Color"],"eiImportType":{"Explicit":[{"TypeRef":[{"start":[41,15],"name":"/home/dhruv/Final/bower_components/purescript-isometric/src/Graphics/Isometric.purs","end":[41,20]},"Color",[]]}]},"eiImportedAs":["ColorType"]},{"eiModule":["Graphics","Isometric","Point"],"eiImportType":{"Explicit":[{"ValueRef":[{"start":[43,34],"name":"/home/dhruv/Final/bower_components/purescript-isometric/src/Graphics/Isometric.purs","end":[43,40]},{"Ident":"vector"}]},{"ValueRef":[{"start":[43,42],"name":"/home/dhruv/Final/bower_components/purescript-isometric/src/Graphics/Isometric.purs","end":[43,45]},{"Ident":"dot"}]},{"ValueRef":[{"start":[43,47],"name":"/home/dhruv/Final/bower_components/purescript-isometric/src/Graphics/Isometric.purs","end":[43,56]},{"Ident":"normalize"}]},{"ValueRef":[{"start":[43,58],"name":"/home/dhruv/Final/bower_components/purescript-isometric/src/Graphics/Isometric.purs","end":[43,63]},{"Ident":"cross"}]},{"ValueRef":[{"start":[43,65],"name":"/home/dhruv/Final/bower_components/purescript-isometric/src/Graphics/Isometric.purs","end":[43,70]},{"Ident":"depth"}]},{"ValueRef":[{"start":[43,72],"name":"/home/dhruv/Final/bower_components/purescript-isometric/src/Graphics/Isometric.purs","end":[43,78]},{"Ident":"from2D"}]}]},"eiImportedAs":null},{"eiModule":["Graphics","Isometric","Point"],"eiImportType":{"Implicit":[]},"eiImportedAs":["P"]},{"eiModule":["Graphics","Isometric","Types"],"eiImportType":{"Explicit":[{"TypeRef":[{"start":[45,34],"name":"/home/dhruv/Final/bower_components/purescript-isometric/src/Graphics/Isometric.purs","end":[45,39]},"Angle",[]]},{"TypeRef":[{"start":[45,41],"name":"/home/dhruv/Final/bower_components/purescript-isometric/src/Graphics/Isometric.purs","end":[45,46]},"Point",[]]},{"TypeRef":[{"start":[45,48],"name":"/home/dhruv/Final/bower_components/purescript-isometric/src/Graphics/Isometric.purs","end":[45,54]},"Vector",[]]}]},"eiImportedAs":null}],"efFixities":[],"efTypeFixities":[],"efDeclarations":[{"EDType":{"edTypeName":"Face","edTypeKind":{"tag":"NamedKind","contents":[["Prim"],"Type"]},"edTypeDeclarationKind":"TypeSynonym"}},{"EDTypeSynonym":{"edTypeSynonymName":"Face","edTypeSynonymArguments":[],"edTypeSynonymType":{"tag":"TypeApp","contents":[{"tag":"TypeConstructor","contents":[["Data","List","ThreeOrMore"],"ThreeOrMore"]},{"tag":"TypeConstructor","contents":[["Graphics","Isometric","Types"],"Point"]}]}}},{"EDType":{"edTypeName":"Scene","edTypeKind":{"tag":"NamedKind","contents":[["Prim"],"Type"]},"edTypeDeclarationKind":{"DataType":{"args":[],"ctors":[["Fill",[{"tag":"TypeConstructor","contents":[["Color"],"Color"]},{"tag":"TypeConstructor","contents":[["Graphics","Isometric"],"Shape"]}]],["Many",[{"tag":"TypeApp","contents":[{"tag":"TypeConstructor","contents":[["Data","List","Types"],"List"]},{"tag":"TypeConstructor","contents":[["Graphics","Isometric"],"Scene"]}]}]]]}}}},{"EDDataConstructor":{"edDataCtorName":"Fill","edDataCtorOrigin":"data","edDataCtorTypeCtor":"Scene","edDataCtorType":{"tag":"TypeApp","contents":[{"tag":"TypeApp","contents":[{"tag":"TypeConstructor","contents":[["Prim"],"Function"]},{"tag":"TypeConstructor","contents":[["Color"],"Color"]}]},{"tag":"TypeApp","contents":[{"tag":"TypeApp","contents":[{"tag":"TypeConstructor","contents":[["Prim"],"Function"]},{"tag":"TypeConstructor","contents":[["Graphics","Isometric"],"Shape"]}]},{"tag":"TypeConstructor","contents":[["Graphics","Isometric"],"Scene"]}]}]},"edDataCtorFields":[{"Ident":"value0"},{"Ident":"value1"}]}},{"EDDataConstructor":{"edDataCtorName":"Many","edDataCtorOrigin":"data","edDataCtorTypeCtor":"Scene","edDataCtorType":{"tag":"TypeApp","contents":[{"tag":"TypeApp","contents":[{"tag":"TypeConstructor","contents":[["Prim"],"Function"]},{"tag":"TypeApp","contents":[{"tag":"TypeConstructor","contents":[["Data","List","Types"],"List"]},{"tag":"TypeConstructor","contents":[["Graphics","Isometric"],"Scene"]}]}]},{"tag":"TypeConstructor","contents":[["Graphics","Isometric"],"Scene"]}]},"edDataCtorFields":[{"Ident":"value0"}]}},{"EDType":{"edTypeName":"Shape","edTypeKind":{"tag":"NamedKind","contents":[["Prim"],"Type"]},"edTypeDeclarationKind":"TypeSynonym"}},{"EDTypeSynonym":{"edTypeSynonymName":"Shape","edTypeSynonymArguments":[],"edTypeSynonymType":{"tag":"TypeApp","contents":[{"tag":"TypeConstructor","contents":[["Data","List","Types"],"List"]},{"tag":"TypeConstructor","contents":[["Graphics","Isometric"],"Face"]}]}}},{"EDValue":{"edValueName":{"Ident":"cone"},"edValueType":{"tag":"TypeApp","contents":[{"tag":"TypeApp","contents":[{"tag":"TypeConstructor","contents":[["Prim"],"Function"]},{"tag":"TypeApp","contents":[{"tag":"TypeConstructor","contents":[["Prim"],"Record"]},{"tag":"RCons","contents":["x",{"tag":"TypeConstructor","contents":[["Prim"],"Number"]},{"tag":"RCons","contents":["y",{"tag":"TypeConstructor","contents":[["Prim"],"Number"]},{"tag":"RCons","contents":["z",{"tag":"TypeConstructor","contents":[["Prim"],"Number"]},{"tag":"REmpty"}]}]}]}]}]},{"tag":"TypeApp","contents":[{"tag":"TypeApp","contents":[{"tag":"TypeConstructor","contents":[["Prim"],"Function"]},{"tag":"TypeConstructor","contents":[["Prim"],"Int"]}]},{"tag":"TypeApp","contents":[{"tag":"TypeApp","contents":[{"tag":"TypeConstructor","contents":[["Prim"],"Function"]},{"tag":"TypeConstructor","contents":[["Prim"],"Number"]}]},{"tag":"TypeApp","contents":[{"tag":"TypeApp","contents":[{"tag":"TypeConstructor","contents":[["Prim"],"Function"]},{"tag":"TypeConstructor","contents":[["Prim"],"Number"]}]},{"tag":"TypeApp","contents":[{"tag":"TypeConstructor","contents":[["Data","List","Types"],"List"]},{"tag":"TypeApp","contents":[{"tag":"TypeApp","contents":[{"tag":"TypeConstructor","contents":[["Data","NonEmpty"],"NonEmpty"]},{"tag":"TypeApp","contents":[{"tag":"TypeConstructor","contents":[["Data","NonEmpty"],"NonEmpty"]},{"tag":"TypeApp","contents":[{"tag":"TypeConstructor","contents":[["Data","NonEmpty"],"NonEmpty"]},{"tag":"TypeConstructor","contents":[["Data","List","Types"],"List"]}]}]}]},{"tag":"TypeApp","contents":[{"tag":"TypeConstructor","contents":[["Prim"],"Record"]},{"tag":"RCons","contents":["x",{"tag":"TypeConstructor","contents":[["Prim"],"Number"]},{"tag":"RCons","contents":["y",{"tag":"TypeConstructor","contents":[["Prim"],"Number"]},{"tag":"RCons","contents":["z",{"tag":"TypeConstructor","contents":[["Prim"],"Number"]},{"tag":"REmpty"}]}]}]}]}]}]}]}]}]}]}}},{"EDValue":{"edValueName":{"Ident":"cube"},"edValueType":{"tag":"TypeApp","contents":[{"tag":"TypeApp","contents":[{"tag":"TypeConstructor","contents":[["Prim"],"Function"]},{"tag":"TypeApp","contents":[{"tag":"TypeConstructor","contents":[["Prim"],"Record"]},{"tag":"RCons","contents":["x",{"tag":"TypeConstructor","contents":[["Prim"],"Number"]},{"tag":"RCons","contents":["y",{"tag":"TypeConstructor","contents":[["Prim"],"Number"]},{"tag":"RCons","contents":["z",{"tag":"TypeConstructor","contents":[["Prim"],"Number"]},{"tag":"REmpty"}]}]}]}]}]},{"tag":"TypeApp","contents":[{"tag":"TypeApp","contents":[{"tag":"TypeConstructor","contents":[["Prim"],"Function"]},{"tag":"TypeConstructor","contents":[["Prim"],"Number"]}]},{"tag":"TypeApp","contents":[{"tag":"TypeConstructor","contents":[["Data","List","Types"],"List"]},{"tag":"TypeApp","contents":[{"tag":"TypeApp","contents":[{"tag":"TypeConstructor","contents":[["Data","NonEmpty"],"NonEmpty"]},{"tag":"TypeApp","contents":[{"tag":"TypeConstructor","contents":[["Data","NonEmpty"],"NonEmpty"]},{"tag":"TypeApp","contents":[{"tag":"TypeConstructor","contents":[["Data","NonEmpty"],"NonEmpty"]},{"tag":"TypeConstructor","contents":[["Data","List","Types"],"List"]}]}]}]},{"tag":"TypeApp","contents":[{"tag":"TypeConstructor","contents":[["Prim"],"Record"]},{"tag":"RCons","contents":["x",{"tag":"TypeConstructor","contents":[["Prim"],"Number"]},{"tag":"RCons","contents":["y",{"tag":"TypeConstructor","contents":[["Prim"],"Number"]},{"tag":"RCons","contents":["z",{"tag":"TypeConstructor","contents":[["Prim"],"Number"]},{"tag":"REmpty"}]}]}]}]}]}]}]}]}}},{"EDValue":{"edValueName":{"Ident":"cylinder"},"edValueType":{"tag":"TypeApp","contents":[{"tag":"TypeApp","contents":[{"tag":"TypeConstructor","contents":[["Prim"],"Function"]},{"tag":"TypeApp","contents":[{"tag":"TypeConstructor","contents":[["Prim"],"Record"]},{"tag":"RCons","contents":["x",{"tag":"TypeConstructor","contents":[["Prim"],"Number"]},{"tag":"RCons","contents":["y",{"tag":"TypeConstructor","contents":[["Prim"],"Number"]},{"tag":"RCons","contents":["z",{"tag":"TypeConstructor","contents":[["Prim"],"Number"]},{"tag":"REmpty"}]}]}]}]}]},{"tag":"TypeApp","contents":[{"tag":"TypeApp","contents":[{"tag":"TypeConstructor","contents":[["Prim"],"Function"]},{"tag":"TypeConstructor","contents":[["Prim"],"Int"]}]},{"tag":"TypeApp","contents":[{"tag":"TypeApp","contents":[{"tag":"TypeConstructor","contents":[["Prim"],"Function"]},{"tag":"TypeConstructor","contents":[["Prim"],"Number"]}]},{"tag":"TypeApp","contents":[{"tag":"TypeApp","contents":[{"tag":"TypeConstructor","contents":[["Prim"],"Function"]},{"tag":"TypeConstructor","contents":[["Prim"],"Number"]}]},{"tag":"TypeApp","contents":[{"tag":"TypeConstructor","contents":[["Data","List","Types"],"List"]},{"tag":"TypeApp","contents":[{"tag":"TypeApp","contents":[{"tag":"TypeConstructor","contents":[["Data","NonEmpty"],"NonEmpty"]},{"tag":"TypeApp","contents":[{"tag":"TypeConstructor","contents":[["Data","NonEmpty"],"NonEmpty"]},{"tag":"TypeApp","contents":[{"tag":"TypeConstructor","contents":[["Data","NonEmpty"],"NonEmpty"]},{"tag":"TypeConstructor","contents":[["Data","List","Types"],"List"]}]}]}]},{"tag":"TypeApp","contents":[{"tag":"TypeConstructor","contents":[["Prim"],"Record"]},{"tag":"RCons","contents":["x",{"tag":"TypeConstructor","contents":[["Prim"],"Number"]},{"tag":"RCons","contents":["y",{"tag":"TypeConstructor","contents":[["Prim"],"Number"]},{"tag":"RCons","contents":["z",{"tag":"TypeConstructor","contents":[["Prim"],"Number"]},{"tag":"REmpty"}]}]}]}]}]}]}]}]}]}]}}},{"EDValue":{"edValueName":{"Ident":"extrude"},"edValueType":{"tag":"TypeApp","contents":[{"tag":"TypeApp","contents":[{"tag":"TypeConstructor","contents":[["Prim"],"Function"]},{"tag":"TypeApp","contents":[{"tag":"TypeApp","contents":[{"tag":"TypeConstructor","contents":[["Data","NonEmpty"],"NonEmpty"]},{"tag":"TypeApp","contents":[{"tag":"TypeConstructor","contents":[["Data","NonEmpty"],"NonEmpty"]},{"tag":"TypeApp","contents":[{"tag":"TypeConstructor","contents":[["Data","NonEmpty"],"NonEmpty"]},{"tag":"TypeConstructor","contents":[["Data","List","Types"],"List"]}]}]}]},{"tag":"TypeApp","contents":[{"tag":"TypeConstructor","contents":[["Prim"],"Record"]},{"tag":"RCons","contents":["x",{"tag":"TypeConstructor","contents":[["Prim"],"Number"]},{"tag":"RCons","contents":["y",{"tag":"TypeConstructor","contents":[["Prim"],"Number"]},{"tag":"REmpty"}]}]}]}]}]},{"tag":"TypeApp","contents":[{"tag":"TypeApp","contents":[{"tag":"TypeConstructor","contents":[["Prim"],"Function"]},{"tag":"TypeConstructor","contents":[["Prim"],"Number"]}]},{"tag":"TypeApp","contents":[{"tag":"TypeConstructor","contents":[["Data","List","Types"],"List"]},{"tag":"TypeApp","contents":[{"tag":"TypeApp","contents":[{"tag":"TypeConstructor","contents":[["Data","NonEmpty"],"NonEmpty"]},{"tag":"TypeApp","contents":[{"tag":"TypeConstructor","contents":[["Data","NonEmpty"],"NonEmpty"]},{"tag":"TypeApp","contents":[{"tag":"TypeConstructor","contents":[["Data","NonEmpty"],"NonEmpty"]},{"tag":"TypeConstructor","contents":[["Data","List","Types"],"List"]}]}]}]},{"tag":"TypeApp","contents":[{"tag":"TypeConstructor","contents":[["Prim"],"Record"]},{"tag":"RCons","contents":["x",{"tag":"TypeConstructor","contents":[["Prim"],"Number"]},{"tag":"RCons","contents":["y",{"tag":"TypeConstructor","contents":[["Prim"],"Number"]},{"tag":"RCons","contents":["z",{"tag":"TypeConstructor","contents":[["Prim"],"Number"]},{"tag":"REmpty"}]}]}]}]}]}]}]}]}}},{"EDValue":{"edValueName":{"Ident":"extrudeCone"},"edValueType":{"tag":"TypeApp","contents":[{"tag":"TypeApp","contents":[{"tag":"TypeConstructor","contents":[["Prim"],"Function"]},{"tag":"TypeApp","contents":[{"tag":"TypeApp","contents":[{"tag":"TypeConstructor","contents":[["Data","NonEmpty"],"NonEmpty"]},{"tag":"TypeApp","contents":[{"tag":"TypeConstructor","contents":[["Data","NonEmpty"],"NonEmpty"]},{"tag":"TypeApp","contents":[{"tag":"TypeConstructor","contents":[["Data","NonEmpty"],"NonEmpty"]},{"tag":"TypeConstructor","contents":[["Data","List","Types"],"List"]}]}]}]},{"tag":"TypeApp","contents":[{"tag":"TypeConstructor","contents":[["Prim"],"Record"]},{"tag":"RCons","contents":["x",{"tag":"TypeConstructor","contents":[["Prim"],"Number"]},{"tag":"RCons","contents":["y",{"tag":"TypeConstructor","contents":[["Prim"],"Number"]},{"tag":"REmpty"}]}]}]}]}]},{"tag":"TypeApp","contents":[{"tag":"TypeApp","contents":[{"tag":"TypeConstructor","contents":[["Prim"],"Function"]},{"tag":"TypeConstructor","contents":[["Prim"],"Number"]}]},{"tag":"TypeApp","contents":[{"tag":"TypeConstructor","contents":[["Data","List","Types"],"List"]},{"tag":"TypeApp","contents":[{"tag":"TypeApp","contents":[{"tag":"TypeConstructor","contents":[["Data","NonEmpty"],"NonEmpty"]},{"tag":"TypeApp","contents":[{"tag":"TypeConstructor","contents":[["Data","NonEmpty"],"NonEmpty"]},{"tag":"TypeApp","contents":[{"tag":"TypeConstructor","contents":[["Data","NonEmpty"],"NonEmpty"]},{"tag":"TypeConstructor","contents":[["Data","List","Types"],"List"]}]}]}]},{"tag":"TypeApp","contents":[{"tag":"TypeConstructor","contents":[["Prim"],"Record"]},{"tag":"RCons","contents":["x",{"tag":"TypeConstructor","contents":[["Prim"],"Number"]},{"tag":"RCons","contents":["y",{"tag":"TypeConstructor","contents":[["Prim"],"Number"]},{"tag":"RCons","contents":["z",{"tag":"TypeConstructor","contents":[["Prim"],"Number"]},{"tag":"REmpty"}]}]}]}]}]}]}]}]}}},{"EDValue":{"edValueName":{"Ident":"filled"},"edValueType":{"tag":"TypeApp","contents":[{"tag":"TypeApp","contents":[{"tag":"TypeConstructor","contents":[["Prim"],"Function"]},{"tag":"TypeConstructor","contents":[["Color"],"Color"]}]},{"tag":"TypeApp","contents":[{"tag":"TypeApp","contents":[{"tag":"TypeConstructor","contents":[["Prim"],"Function"]},{"tag":"TypeApp","contents":[{"tag":"TypeConstructor","contents":[["Data","List","Types"],"List"]},{"tag":"TypeApp","contents":[{"tag":"TypeApp","contents":[{"tag":"TypeConstructor","contents":[["Data","NonEmpty"],"NonEmpty"]},{"tag":"TypeApp","contents":[{"tag":"TypeConstructor","contents":[["Data","NonEmpty"],"NonEmpty"]},{"tag":"TypeApp","contents":[{"tag":"TypeConstructor","contents":[["Data","NonEmpty"],"NonEmpty"]},{"tag":"TypeConstructor","contents":[["Data","List","Types"],"List"]}]}]}]},{"tag":"TypeApp","contents":[{"tag":"TypeConstructor","contents":[["Prim"],"Record"]},{"tag":"RCons","contents":["x",{"tag":"TypeConstructor","contents":[["Prim"],"Number"]},{"tag":"RCons","contents":["y",{"tag":"TypeConstructor","contents":[["Prim"],"Number"]},{"tag":"RCons","contents":["z",{"tag":"TypeConstructor","contents":[["Prim"],"Number"]},{"tag":"REmpty"}]}]}]}]}]}]}]},{"tag":"TypeConstructor","contents":[["Graphics","Isometric"],"Scene"]}]}]}}},{"EDValue":{"edValueName":{"Ident":"prism"},"edValueType":{"tag":"TypeApp","contents":[{"tag":"TypeApp","contents":[{"tag":"TypeConstructor","contents":[["Prim"],"Function"]},{"tag":"TypeApp","contents":[{"tag":"TypeConstructor","contents":[["Prim"],"Record"]},{"tag":"RCons","contents":["x",{"tag":"TypeConstructor","contents":[["Prim"],"Number"]},{"tag":"RCons","contents":["y",{"tag":"TypeConstructor","contents":[["Prim"],"Number"]},{"tag":"RCons","contents":["z",{"tag":"TypeConstructor","contents":[["Prim"],"Number"]},{"tag":"REmpty"}]}]}]}]}]},{"tag":"TypeApp","contents":[{"tag":"TypeApp","contents":[{"tag":"TypeConstructor","contents":[["Prim"],"Function"]},{"tag":"TypeConstructor","contents":[["Prim"],"Number"]}]},{"tag":"TypeApp","contents":[{"tag":"TypeApp","contents":[{"tag":"TypeConstructor","contents":[["Prim"],"Function"]},{"tag":"TypeConstructor","contents":[["Prim"],"Number"]}]},{"tag":"TypeApp","contents":[{"tag":"TypeApp","contents":[{"tag":"TypeConstructor","contents":[["Prim"],"Function"]},{"tag":"TypeConstructor","contents":[["Prim"],"Number"]}]},{"tag":"TypeApp","contents":[{"tag":"TypeConstructor","contents":[["Data","List","Types"],"List"]},{"tag":"TypeApp","contents":[{"tag":"TypeApp","contents":[{"tag":"TypeConstructor","contents":[["Data","NonEmpty"],"NonEmpty"]},{"tag":"TypeApp","contents":[{"tag":"TypeConstructor","contents":[["Data","NonEmpty"],"NonEmpty"]},{"tag":"TypeApp","contents":[{"tag":"TypeConstructor","contents":[["Data","NonEmpty"],"NonEmpty"]},{"tag":"TypeConstructor","contents":[["Data","List","Types"],"List"]}]}]}]},{"tag":"TypeApp","contents":[{"tag":"TypeConstructor","contents":[["Prim"],"Record"]},{"tag":"RCons","contents":["x",{"tag":"TypeConstructor","contents":[["Prim"],"Number"]},{"tag":"RCons","contents":["y",{"tag":"TypeConstructor","contents":[["Prim"],"Number"]},{"tag":"RCons","contents":["z",{"tag":"TypeConstructor","contents":[["Prim"],"Number"]},{"tag":"REmpty"}]}]}]}]}]}]}]}]}]}]}}},{"EDValue":{"edValueName":{"Ident":"pyramid"},"edValueType":{"tag":"TypeApp","contents":[{"tag":"TypeApp","contents":[{"tag":"TypeConstructor","contents":[["Prim"],"Function"]},{"tag":"TypeApp","contents":[{"tag":"TypeConstructor","contents":[["Prim"],"Record"]},{"tag":"RCons","contents":["x",{"tag":"TypeConstructor","contents":[["Prim"],"Number"]},{"tag":"RCons","contents":["y",{"tag":"TypeConstructor","contents":[["Prim"],"Number"]},{"tag":"RCons","contents":["z",{"tag":"TypeConstructor","contents":[["Prim"],"Number"]},{"tag":"REmpty"}]}]}]}]}]},{"tag":"TypeApp","contents":[{"tag":"TypeApp","contents":[{"tag":"TypeConstructor","contents":[["Prim"],"Function"]},{"tag":"TypeConstructor","contents":[["Prim"],"Number"]}]},{"tag":"TypeApp","contents":[{"tag":"TypeApp","contents":[{"tag":"TypeConstructor","contents":[["Prim"],"Function"]},{"tag":"TypeConstructor","contents":[["Prim"],"Number"]}]},{"tag":"TypeApp","contents":[{"tag":"TypeConstructor","contents":[["Data","List","Types"],"List"]},{"tag":"TypeApp","contents":[{"tag":"TypeApp","contents":[{"tag":"TypeConstructor","contents":[["Data","NonEmpty"],"NonEmpty"]},{"tag":"TypeApp","contents":[{"tag":"TypeConstructor","contents":[["Data","NonEmpty"],"NonEmpty"]},{"tag":"TypeApp","contents":[{"tag":"TypeConstructor","contents":[["Data","NonEmpty"],"NonEmpty"]},{"tag":"TypeConstructor","contents":[["Data","List","Types"],"List"]}]}]}]},{"tag":"TypeApp","contents":[{"tag":"TypeConstructor","contents":[["Prim"],"Record"]},{"tag":"RCons","contents":["x",{"tag":"TypeConstructor","contents":[["Prim"],"Number"]},{"tag":"RCons","contents":["y",{"tag":"TypeConstructor","contents":[["Prim"],"Number"]},{"tag":"RCons","contents":["z",{"tag":"TypeConstructor","contents":[["Prim"],"Number"]},{"tag":"REmpty"}]}]}]}]}]}]}]}]}]}}},{"EDValue":{"edValueName":{"Ident":"pyramid3"},"edValueType":{"tag":"TypeApp","contents":[{"tag":"TypeApp","contents":[{"tag":"TypeConstructor","contents":[["Prim"],"Function"]},{"tag":"TypeApp","contents":[{"tag":"TypeConstructor","contents":[["Prim"],"Record"]},{"tag":"RCons","contents":["x",{"tag":"TypeConstructor","contents":[["Prim"],"Number"]},{"tag":"RCons","contents":["y",{"tag":"TypeConstructor","contents":[["Prim"],"Number"]},{"tag":"RCons","contents":["z",{"tag":"TypeConstructor","contents":[["Prim"],"Number"]},{"tag":"REmpty"}]}]}]}]}]},{"tag":"TypeApp","contents":[{"tag":"TypeApp","contents":[{"tag":"TypeConstructor","contents":[["Prim"],"Function"]},{"tag":"TypeConstructor","contents":[["Prim"],"Number"]}]},{"tag":"TypeApp","contents":[{"tag":"TypeApp","contents":[{"tag":"TypeConstructor","contents":[["Prim"],"Function"]},{"tag":"TypeConstructor","contents":[["Prim"],"Number"]}]},{"tag":"TypeApp","contents":[{"tag":"TypeConstructor","contents":[["Data","List","Types"],"List"]},{"tag":"TypeApp","contents":[{"tag":"TypeApp","contents":[{"tag":"TypeConstructor","contents":[["Data","NonEmpty"],"NonEmpty"]},{"tag":"TypeApp","contents":[{"tag":"TypeConstructor","contents":[["Data","NonEmpty"],"NonEmpty"]},{"tag":"TypeApp","contents":[{"tag":"TypeConstructor","contents":[["Data","NonEmpty"],"NonEmpty"]},{"tag":"TypeConstructor","contents":[["Data","List","Types"],"List"]}]}]}]},{"tag":"TypeApp","contents":[{"tag":"TypeConstructor","contents":[["Prim"],"Record"]},{"tag":"RCons","contents":["x",{"tag":"TypeConstructor","contents":[["Prim"],"Number"]},{"tag":"RCons","contents":["y",{"tag":"TypeConstructor","contents":[["Prim"],"Number"]},{"tag":"RCons","contents":["z",{"tag":"TypeConstructor","contents":[["Prim"],"Number"]},{"tag":"REmpty"}]}]}]}]}]}]}]}]}]}}},{"EDValue":{"edValueName":{"Ident":"renderScene"},"edValueType":{"tag":"TypeApp","contents":[{"tag":"TypeApp","contents":[{"tag":"TypeConstructor","contents":[["Prim"],"Function"]},{"tag":"TypeApp","contents":[{"tag":"TypeConstructor","contents":[["Prim"],"Record"]},{"tag":"RCons","contents":["x",{"tag":"TypeConstructor","contents":[["Prim"],"Number"]},{"tag":"RCons","contents":["y",{"tag":"TypeConstructor","contents":[["Prim"],"Number"]},{"tag":"RCons","contents":["z",{"tag":"TypeConstructor","contents":[["Prim"],"Number"]},{"tag":"REmpty"}]}]}]}]}]},{"tag":"TypeApp","contents":[{"tag":"TypeApp","contents":[{"tag":"TypeConstructor","contents":[["Prim"],"Function"]},{"tag":"TypeConstructor","contents":[["Graphics","Isometric"],"Scene"]}]},{"tag":"TypeConstructor","contents":[["Graphics","Drawing"],"Drawing"]}]}]}}},{"EDValue":{"edValueName":{"Ident":"rotateX"},"edValueType":{"tag":"TypeApp","contents":[{"tag":"TypeApp","contents":[{"tag":"TypeConstructor","contents":[["Prim"],"Function"]},{"tag":"TypeConstructor","contents":[["Prim"],"Number"]}]},{"tag":"TypeApp","contents":[{"tag":"TypeApp","contents":[{"tag":"TypeConstructor","contents":[["Prim"],"Function"]},{"tag":"TypeConstructor","contents":[["Graphics","Isometric"],"Scene"]}]},{"tag":"TypeConstructor","contents":[["Graphics","Isometric"],"Scene"]}]}]}}},{"EDValue":{"edValueName":{"Ident":"rotateY"},"edValueType":{"tag":"TypeApp","contents":[{"tag":"TypeApp","contents":[{"tag":"TypeConstructor","contents":[["Prim"],"Function"]},{"tag":"TypeConstructor","contents":[["Prim"],"Number"]}]},{"tag":"TypeApp","contents":[{"tag":"TypeApp","contents":[{"tag":"TypeConstructor","contents":[["Prim"],"Function"]},{"tag":"TypeConstructor","contents":[["Graphics","Isometric"],"Scene"]}]},{"tag":"TypeConstructor","contents":[["Graphics","Isometric"],"Scene"]}]}]}}},{"EDValue":{"edValueName":{"Ident":"rotateZ"},"edValueType":{"tag":"TypeApp","contents":[{"tag":"TypeApp","contents":[{"tag":"TypeConstructor","contents":[["Prim"],"Function"]},{"tag":"TypeConstructor","contents":[["Prim"],"Number"]}]},{"tag":"TypeApp","contents":[{"tag":"TypeApp","contents":[{"tag":"TypeConstructor","contents":[["Prim"],"Function"]},{"tag":"TypeConstructor","contents":[["Graphics","Isometric"],"Scene"]}]},{"tag":"TypeConstructor","contents":[["Graphics","Isometric"],"Scene"]}]}]}}},{"EDValue":{"edValueName":{"Ident":"scale"},"edValueType":{"tag":"TypeApp","contents":[{"tag":"TypeApp","contents":[{"tag":"TypeConstructor","contents":[["Prim"],"Function"]},{"tag":"TypeConstructor","contents":[["Prim"],"Number"]}]},{"tag":"TypeApp","contents":[{"tag":"TypeApp","contents":[{"tag":"TypeConstructor","contents":[["Prim"],"Function"]},{"tag":"TypeConstructor","contents":[["Graphics","Isometric"],"Scene"]}]},{"tag":"TypeConstructor","contents":[["Graphics","Isometric"],"Scene"]}]}]}}},{"EDValue":{"edValueName":{"Ident":"translateX"},"edValueType":{"tag":"TypeApp","contents":[{"tag":"TypeApp","contents":[{"tag":"TypeConstructor","contents":[["Prim"],"Function"]},{"tag":"TypeConstructor","contents":[["Prim"],"Number"]}]},{"tag":"TypeApp","contents":[{"tag":"TypeApp","contents":[{"tag":"TypeConstructor","contents":[["Prim"],"Function"]},{"tag":"TypeConstructor","contents":[["Graphics","Isometric"],"Scene"]}]},{"tag":"TypeConstructor","contents":[["Graphics","Isometric"],"Scene"]}]}]}}},{"EDValue":{"edValueName":{"Ident":"translateY"},"edValueType":{"tag":"TypeApp","contents":[{"tag":"TypeApp","contents":[{"tag":"TypeConstructor","contents":[["Prim"],"Function"]},{"tag":"TypeConstructor","contents":[["Prim"],"Number"]}]},{"tag":"TypeApp","contents":[{"tag":"TypeApp","contents":[{"tag":"TypeConstructor","contents":[["Prim"],"Function"]},{"tag":"TypeConstructor","contents":[["Graphics","Isometric"],"Scene"]}]},{"tag":"TypeConstructor","contents":[["Graphics","Isometric"],"Scene"]}]}]}}},{"EDValue":{"edValueName":{"Ident":"translateZ"},"edValueType":{"tag":"TypeApp","contents":[{"tag":"TypeApp","contents":[{"tag":"TypeConstructor","contents":[["Prim"],"Function"]},{"tag":"TypeConstructor","contents":[["Prim"],"Number"]}]},{"tag":"TypeApp","contents":[{"tag":"TypeApp","contents":[{"tag":"TypeConstructor","contents":[["Prim"],"Function"]},{"tag":"TypeConstructor","contents":[["Graphics","Isometric"],"Scene"]}]},{"tag":"TypeConstructor","contents":[["Graphics","Isometric"],"Scene"]}]}]}}},{"EDInstance":{"edInstanceClassName":[["Data","Semigroup"],"Semigroup"],"edInstanceName":{"Ident":"semigroupScene"},"edInstanceTypes":[{"tag":"TypeConstructor","contents":[["Graphics","Isometric"],"Scene"]}],"edInstanceConstraints":[]}},{"EDInstance":{"edInstanceClassName":[["Data","Monoid"],"Monoid"],"edInstanceName":{"Ident":"monoidScene"},"edInstanceTypes":[{"tag":"TypeConstructor","contents":[["Graphics","Isometric"],"Scene"]}],"edInstanceConstraints":[]}}],"efSourceSpan":{"start":[1,1],"name":"/home/dhruv/Final/bower_components/purescript-isometric/src/Graphics/Isometric.purs","end":[215,26]}}