{"efVersion":"0.11.6","efModuleName":["Data","Time","Component"],"efExports":[{"TypeRef":[{"start":[1,1],"name":"/home/dhruv/Final/bower_components/purescript-datetime/src/Data/Time/Component.purs","end":[133,55]},"Hour",[]]},{"TypeRef":[{"start":[1,1],"name":"/home/dhruv/Final/bower_components/purescript-datetime/src/Data/Time/Component.purs","end":[133,55]},"Millisecond",[]]},{"TypeRef":[{"start":[1,1],"name":"/home/dhruv/Final/bower_components/purescript-datetime/src/Data/Time/Component.purs","end":[133,55]},"Minute",[]]},{"TypeRef":[{"start":[1,1],"name":"/home/dhruv/Final/bower_components/purescript-datetime/src/Data/Time/Component.purs","end":[133,55]},"Second",[]]},{"TypeInstanceRef":[{"start":[0,0],"name":"<generated>","end":[0,0]},{"Ident":"eqHour"}]},{"TypeInstanceRef":[{"start":[0,0],"name":"<generated>","end":[0,0]},{"Ident":"ordHour"}]},{"TypeInstanceRef":[{"start":[0,0],"name":"<generated>","end":[0,0]},{"Ident":"genericHour"}]},{"TypeInstanceRef":[{"start":[0,0],"name":"<generated>","end":[0,0]},{"Ident":"boundedHour"}]},{"TypeInstanceRef":[{"start":[0,0],"name":"<generated>","end":[0,0]},{"Ident":"enumHour"}]},{"TypeInstanceRef":[{"start":[0,0],"name":"<generated>","end":[0,0]},{"Ident":"boundedEnumHour"}]},{"TypeInstanceRef":[{"start":[0,0],"name":"<generated>","end":[0,0]},{"Ident":"showHour"}]},{"TypeInstanceRef":[{"start":[0,0],"name":"<generated>","end":[0,0]},{"Ident":"eqMinute"}]},{"TypeInstanceRef":[{"start":[0,0],"name":"<generated>","end":[0,0]},{"Ident":"ordMinute"}]},{"TypeInstanceRef":[{"start":[0,0],"name":"<generated>","end":[0,0]},{"Ident":"genericMinute"}]},{"TypeInstanceRef":[{"start":[0,0],"name":"<generated>","end":[0,0]},{"Ident":"boundedMinute"}]},{"TypeInstanceRef":[{"start":[0,0],"name":"<generated>","end":[0,0]},{"Ident":"enumMinute"}]},{"TypeInstanceRef":[{"start":[0,0],"name":"<generated>","end":[0,0]},{"Ident":"boundedEnumMinute"}]},{"TypeInstanceRef":[{"start":[0,0],"name":"<generated>","end":[0,0]},{"Ident":"showMinute"}]},{"TypeInstanceRef":[{"start":[0,0],"name":"<generated>","end":[0,0]},{"Ident":"eqSecond"}]},{"TypeInstanceRef":[{"start":[0,0],"name":"<generated>","end":[0,0]},{"Ident":"ordSecond"}]},{"TypeInstanceRef":[{"start":[0,0],"name":"<generated>","end":[0,0]},{"Ident":"genericSecond"}]},{"TypeInstanceRef":[{"start":[0,0],"name":"<generated>","end":[0,0]},{"Ident":"boundedSecond"}]},{"TypeInstanceRef":[{"start":[0,0],"name":"<generated>","end":[0,0]},{"Ident":"enumSecond"}]},{"TypeInstanceRef":[{"start":[0,0],"name":"<generated>","end":[0,0]},{"Ident":"boundedEnumSecond"}]},{"TypeInstanceRef":[{"start":[0,0],"name":"<generated>","end":[0,0]},{"Ident":"showSecond"}]},{"TypeInstanceRef":[{"start":[0,0],"name":"<generated>","end":[0,0]},{"Ident":"eqMillisecond"}]},{"TypeInstanceRef":[{"start":[0,0],"name":"<generated>","end":[0,0]},{"Ident":"ordMillisecond"}]},{"TypeInstanceRef":[{"start":[0,0],"name":"<generated>","end":[0,0]},{"Ident":"genericMillisecond"}]},{"TypeInstanceRef":[{"start":[0,0],"name":"<generated>","end":[0,0]},{"Ident":"boundedMillisecond"}]},{"TypeInstanceRef":[{"start":[0,0],"name":"<generated>","end":[0,0]},{"Ident":"enumMillisecond"}]},{"TypeInstanceRef":[{"start":[0,0],"name":"<generated>","end":[0,0]},{"Ident":"boundedEnumMillisecond"}]},{"TypeInstanceRef":[{"start":[0,0],"name":"<generated>","end":[0,0]},{"Ident":"showMillisecond"}]}],"efImports":[{"eiModule":["Prim"],"eiImportType":{"Implicit":[]},"eiImportedAs":null},{"eiModule":["Prim"],"eiImportType":{"Implicit":[]},"eiImportedAs":["Prim"]},{"eiModule":["Prelude"],"eiImportType":{"Implicit":[]},"eiImportedAs":null},{"eiModule":["Data","Enum"],"eiImportType":{"Explicit":[{"TypeClassRef":[{"start":[10,19],"name":"/home/dhruv/Final/bower_components/purescript-datetime/src/Data/Time/Component.purs","end":[10,29]},"Enum"]},{"TypeClassRef":[{"start":[10,31],"name":"/home/dhruv/Final/bower_components/purescript-datetime/src/Data/Time/Component.purs","end":[10,48]},"BoundedEnum"]},{"ValueRef":[{"start":[10,50],"name":"/home/dhruv/Final/bower_components/purescript-datetime/src/Data/Time/Component.purs","end":[10,56]},{"Ident":"toEnum"}]},{"ValueRef":[{"start":[10,58],"name":"/home/dhruv/Final/bower_components/purescript-datetime/src/Data/Time/Component.purs","end":[10,66]},{"Ident":"fromEnum"}]},{"TypeRef":[{"start":[10,68],"name":"/home/dhruv/Final/bower_components/purescript-datetime/src/Data/Time/Component.purs","end":[10,83]},"Cardinality",null]}]},"eiImportedAs":null},{"eiModule":["Data","Generic"],"eiImportType":{"Explicit":[{"TypeClassRef":[{"start":[11,22],"name":"/home/dhruv/Final/bower_components/purescript-datetime/src/Data/Time/Component.purs","end":[11,35]},"Generic"]}]},"eiImportedAs":null},{"eiModule":["Data","Maybe"],"eiImportType":{"Explicit":[{"TypeRef":[{"start":[12,20],"name":"/home/dhruv/Final/bower_components/purescript-datetime/src/Data/Time/Component.purs","end":[12,29]},"Maybe",null]}]},"eiImportedAs":null}],"efFixities":[],"efTypeFixities":[],"efDeclarations":[{"EDType":{"edTypeName":"Hour","edTypeKind":{"tag":"NamedKind","contents":[["Prim"],"Type"]},"edTypeDeclarationKind":{"DataType":{"args":[],"ctors":[["Hour",[{"tag":"TypeConstructor","contents":[["Prim"],"Int"]}]]]}}}},{"EDType":{"edTypeName":"Millisecond","edTypeKind":{"tag":"NamedKind","contents":[["Prim"],"Type"]},"edTypeDeclarationKind":{"DataType":{"args":[],"ctors":[["Millisecond",[{"tag":"TypeConstructor","contents":[["Prim"],"Int"]}]]]}}}},{"EDType":{"edTypeName":"Minute","edTypeKind":{"tag":"NamedKind","contents":[["Prim"],"Type"]},"edTypeDeclarationKind":{"DataType":{"args":[],"ctors":[["Minute",[{"tag":"TypeConstructor","contents":[["Prim"],"Int"]}]]]}}}},{"EDType":{"edTypeName":"Second","edTypeKind":{"tag":"NamedKind","contents":[["Prim"],"Type"]},"edTypeDeclarationKind":{"DataType":{"args":[],"ctors":[["Second",[{"tag":"TypeConstructor","contents":[["Prim"],"Int"]}]]]}}}},{"EDInstance":{"edInstanceClassName":[["Data","Eq"],"Eq"],"edInstanceName":{"Ident":"eqHour"},"edInstanceTypes":[{"tag":"TypeConstructor","contents":[["Data","Time","Component"],"Hour"]}],"edInstanceConstraints":[]}},{"EDInstance":{"edInstanceClassName":[["Data","Ord"],"Ord"],"edInstanceName":{"Ident":"ordHour"},"edInstanceTypes":[{"tag":"TypeConstructor","contents":[["Data","Time","Component"],"Hour"]}],"edInstanceConstraints":[]}},{"EDInstance":{"edInstanceClassName":[["Data","Generic"],"Generic"],"edInstanceName":{"Ident":"genericHour"},"edInstanceTypes":[{"tag":"TypeConstructor","contents":[["Data","Time","Component"],"Hour"]}],"edInstanceConstraints":[]}},{"EDInstance":{"edInstanceClassName":[["Data","Bounded"],"Bounded"],"edInstanceName":{"Ident":"boundedHour"},"edInstanceTypes":[{"tag":"TypeConstructor","contents":[["Data","Time","Component"],"Hour"]}],"edInstanceConstraints":[]}},{"EDInstance":{"edInstanceClassName":[["Data","Enum"],"Enum"],"edInstanceName":{"Ident":"enumHour"},"edInstanceTypes":[{"tag":"TypeConstructor","contents":[["Data","Time","Component"],"Hour"]}],"edInstanceConstraints":[]}},{"EDInstance":{"edInstanceClassName":[["Data","Enum"],"BoundedEnum"],"edInstanceName":{"Ident":"boundedEnumHour"},"edInstanceTypes":[{"tag":"TypeConstructor","contents":[["Data","Time","Component"],"Hour"]}],"edInstanceConstraints":[]}},{"EDInstance":{"edInstanceClassName":[["Data","Show"],"Show"],"edInstanceName":{"Ident":"showHour"},"edInstanceTypes":[{"tag":"TypeConstructor","contents":[["Data","Time","Component"],"Hour"]}],"edInstanceConstraints":[]}},{"EDInstance":{"edInstanceClassName":[["Data","Eq"],"Eq"],"edInstanceName":{"Ident":"eqMinute"},"edInstanceTypes":[{"tag":"TypeConstructor","contents":[["Data","Time","Component"],"Minute"]}],"edInstanceConstraints":[]}},{"EDInstance":{"edInstanceClassName":[["Data","Ord"],"Ord"],"edInstanceName":{"Ident":"ordMinute"},"edInstanceTypes":[{"tag":"TypeConstructor","contents":[["Data","Time","Component"],"Minute"]}],"edInstanceConstraints":[]}},{"EDInstance":{"edInstanceClassName":[["Data","Generic"],"Generic"],"edInstanceName":{"Ident":"genericMinute"},"edInstanceTypes":[{"tag":"TypeConstructor","contents":[["Data","Time","Component"],"Minute"]}],"edInstanceConstraints":[]}},{"EDInstance":{"edInstanceClassName":[["Data","Bounded"],"Bounded"],"edInstanceName":{"Ident":"boundedMinute"},"edInstanceTypes":[{"tag":"TypeConstructor","contents":[["Data","Time","Component"],"Minute"]}],"edInstanceConstraints":[]}},{"EDInstance":{"edInstanceClassName":[["Data","Enum"],"Enum"],"edInstanceName":{"Ident":"enumMinute"},"edInstanceTypes":[{"tag":"TypeConstructor","contents":[["Data","Time","Component"],"Minute"]}],"edInstanceConstraints":[]}},{"EDInstance":{"edInstanceClassName":[["Data","Enum"],"BoundedEnum"],"edInstanceName":{"Ident":"boundedEnumMinute"},"edInstanceTypes":[{"tag":"TypeConstructor","contents":[["Data","Time","Component"],"Minute"]}],"edInstanceConstraints":[]}},{"EDInstance":{"edInstanceClassName":[["Data","Show"],"Show"],"edInstanceName":{"Ident":"showMinute"},"edInstanceTypes":[{"tag":"TypeConstructor","contents":[["Data","Time","Component"],"Minute"]}],"edInstanceConstraints":[]}},{"EDInstance":{"edInstanceClassName":[["Data","Eq"],"Eq"],"edInstanceName":{"Ident":"eqSecond"},"edInstanceTypes":[{"tag":"TypeConstructor","contents":[["Data","Time","Component"],"Second"]}],"edInstanceConstraints":[]}},{"EDInstance":{"edInstanceClassName":[["Data","Ord"],"Ord"],"edInstanceName":{"Ident":"ordSecond"},"edInstanceTypes":[{"tag":"TypeConstructor","contents":[["Data","Time","Component"],"Second"]}],"edInstanceConstraints":[]}},{"EDInstance":{"edInstanceClassName":[["Data","Generic"],"Generic"],"edInstanceName":{"Ident":"genericSecond"},"edInstanceTypes":[{"tag":"TypeConstructor","contents":[["Data","Time","Component"],"Second"]}],"edInstanceConstraints":[]}},{"EDInstance":{"edInstanceClassName":[["Data","Bounded"],"Bounded"],"edInstanceName":{"Ident":"boundedSecond"},"edInstanceTypes":[{"tag":"TypeConstructor","contents":[["Data","Time","Component"],"Second"]}],"edInstanceConstraints":[]}},{"EDInstance":{"edInstanceClassName":[["Data","Enum"],"Enum"],"edInstanceName":{"Ident":"enumSecond"},"edInstanceTypes":[{"tag":"TypeConstructor","contents":[["Data","Time","Component"],"Second"]}],"edInstanceConstraints":[]}},{"EDInstance":{"edInstanceClassName":[["Data","Enum"],"BoundedEnum"],"edInstanceName":{"Ident":"boundedEnumSecond"},"edInstanceTypes":[{"tag":"TypeConstructor","contents":[["Data","Time","Component"],"Second"]}],"edInstanceConstraints":[]}},{"EDInstance":{"edInstanceClassName":[["Data","Show"],"Show"],"edInstanceName":{"Ident":"showSecond"},"edInstanceTypes":[{"tag":"TypeConstructor","contents":[["Data","Time","Component"],"Second"]}],"edInstanceConstraints":[]}},{"EDInstance":{"edInstanceClassName":[["Data","Eq"],"Eq"],"edInstanceName":{"Ident":"eqMillisecond"},"edInstanceTypes":[{"tag":"TypeConstructor","contents":[["Data","Time","Component"],"Millisecond"]}],"edInstanceConstraints":[]}},{"EDInstance":{"edInstanceClassName":[["Data","Ord"],"Ord"],"edInstanceName":{"Ident":"ordMillisecond"},"edInstanceTypes":[{"tag":"TypeConstructor","contents":[["Data","Time","Component"],"Millisecond"]}],"edInstanceConstraints":[]}},{"EDInstance":{"edInstanceClassName":[["Data","Generic"],"Generic"],"edInstanceName":{"Ident":"genericMillisecond"},"edInstanceTypes":[{"tag":"TypeConstructor","contents":[["Data","Time","Component"],"Millisecond"]}],"edInstanceConstraints":[]}},{"EDInstance":{"edInstanceClassName":[["Data","Bounded"],"Bounded"],"edInstanceName":{"Ident":"boundedMillisecond"},"edInstanceTypes":[{"tag":"TypeConstructor","contents":[["Data","Time","Component"],"Millisecond"]}],"edInstanceConstraints":[]}},{"EDInstance":{"edInstanceClassName":[["Data","Enum"],"Enum"],"edInstanceName":{"Ident":"enumMillisecond"},"edInstanceTypes":[{"tag":"TypeConstructor","contents":[["Data","Time","Component"],"Millisecond"]}],"edInstanceConstraints":[]}},{"EDInstance":{"edInstanceClassName":[["Data","Enum"],"BoundedEnum"],"edInstanceName":{"Ident":"boundedEnumMillisecond"},"edInstanceTypes":[{"tag":"TypeConstructor","contents":[["Data","Time","Component"],"Millisecond"]}],"edInstanceConstraints":[]}},{"EDInstance":{"edInstanceClassName":[["Data","Show"],"Show"],"edInstanceName":{"Ident":"showMillisecond"},"edInstanceTypes":[{"tag":"TypeConstructor","contents":[["Data","Time","Component"],"Millisecond"]}],"edInstanceConstraints":[]}}],"efSourceSpan":{"start":[1,1],"name":"/home/dhruv/Final/bower_components/purescript-datetime/src/Data/Time/Component.purs","end":[133,55]}}