{"efVersion":"0.11.6","efModuleName":["DOM","WebStorage","Event","StorageEvent"],"efExports":[{"ReExportRef":[{"start":[1,1],"name":"/home/dhruv/Final/bower_components/purescript-dom/src/DOM/WebStorage/Event/StorageEvent.purs","end":[39,27]},["DOM","WebStorage","Types"],{"TypeRef":[{"start":[1,1],"name":"/home/dhruv/Final/bower_components/purescript-dom/src/DOM/WebStorage/Event/StorageEvent.purs","end":[39,27]},"Storage",[]]}]},{"ReExportRef":[{"start":[1,1],"name":"/home/dhruv/Final/bower_components/purescript-dom/src/DOM/WebStorage/Event/StorageEvent.purs","end":[39,27]},["DOM","WebStorage","Event","Types"],{"TypeRef":[{"start":[1,1],"name":"/home/dhruv/Final/bower_components/purescript-dom/src/DOM/WebStorage/Event/StorageEvent.purs","end":[39,27]},"StorageEvent",[]]}]},{"ValueRef":[{"start":[1,1],"name":"/home/dhruv/Final/bower_components/purescript-dom/src/DOM/WebStorage/Event/StorageEvent.purs","end":[39,27]},{"Ident":"key"}]},{"ValueRef":[{"start":[1,1],"name":"/home/dhruv/Final/bower_components/purescript-dom/src/DOM/WebStorage/Event/StorageEvent.purs","end":[39,27]},{"Ident":"newValue"}]},{"ValueRef":[{"start":[1,1],"name":"/home/dhruv/Final/bower_components/purescript-dom/src/DOM/WebStorage/Event/StorageEvent.purs","end":[39,27]},{"Ident":"oldValue"}]},{"ValueRef":[{"start":[1,1],"name":"/home/dhruv/Final/bower_components/purescript-dom/src/DOM/WebStorage/Event/StorageEvent.purs","end":[39,27]},{"Ident":"storageArea"}]},{"ValueRef":[{"start":[1,1],"name":"/home/dhruv/Final/bower_components/purescript-dom/src/DOM/WebStorage/Event/StorageEvent.purs","end":[39,27]},{"Ident":"url"}]},{"ModuleRef":[{"start":[7,5],"name":"/home/dhruv/Final/bower_components/purescript-dom/src/DOM/WebStorage/Event/StorageEvent.purs","end":[7,38]},["DOM","WebStorage","Event","Types"]]},{"ModuleRef":[{"start":[8,5],"name":"/home/dhruv/Final/bower_components/purescript-dom/src/DOM/WebStorage/Event/StorageEvent.purs","end":[8,32]},["DOM","WebStorage","Types"]]}],"efImports":[{"eiModule":["Prim"],"eiImportType":{"Implicit":[]},"eiImportedAs":null},{"eiModule":["Prim"],"eiImportType":{"Implicit":[]},"eiImportedAs":["Prim"]},{"eiModule":["Prelude"],"eiImportType":{"Implicit":[]},"eiImportedAs":null},{"eiModule":["DOM","WebStorage","Types"],"eiImportType":{"Explicit":[{"TypeRef":[{"start":[13,30],"name":"/home/dhruv/Final/bower_components/purescript-dom/src/DOM/WebStorage/Event/StorageEvent.purs","end":[13,37]},"Storage",[]]}]},"eiImportedAs":null},{"eiModule":["DOM","WebStorage","Event","Types"],"eiImportType":{"Explicit":[{"TypeRef":[{"start":[14,36],"name":"/home/dhruv/Final/bower_components/purescript-dom/src/DOM/WebStorage/Event/StorageEvent.purs","end":[14,48]},"StorageEvent",[]]}]},"eiImportedAs":null},{"eiModule":["Data","Maybe"],"eiImportType":{"Explicit":[{"TypeRef":[{"start":[16,20],"name":"/home/dhruv/Final/bower_components/purescript-dom/src/DOM/WebStorage/Event/StorageEvent.purs","end":[16,25]},"Maybe",[]]}]},"eiImportedAs":null},{"eiModule":["Data","Nullable"],"eiImportType":{"Explicit":[{"TypeRef":[{"start":[17,23],"name":"/home/dhruv/Final/bower_components/purescript-dom/src/DOM/WebStorage/Event/StorageEvent.purs","end":[17,31]},"Nullable",[]]},{"ValueRef":[{"start":[17,33],"name":"/home/dhruv/Final/bower_components/purescript-dom/src/DOM/WebStorage/Event/StorageEvent.purs","end":[17,40]},{"Ident":"toMaybe"}]}]},"eiImportedAs":null}],"efFixities":[],"efTypeFixities":[],"efDeclarations":[{"EDValue":{"edValueName":{"Ident":"key"},"edValueType":{"tag":"TypeApp","contents":[{"tag":"TypeApp","contents":[{"tag":"TypeConstructor","contents":[["Prim"],"Function"]},{"tag":"TypeConstructor","contents":[["DOM","WebStorage","Event","Types"],"StorageEvent"]}]},{"tag":"TypeApp","contents":[{"tag":"TypeConstructor","contents":[["Data","Maybe"],"Maybe"]},{"tag":"TypeConstructor","contents":[["Prim"],"String"]}]}]}}},{"EDValue":{"edValueName":{"Ident":"newValue"},"edValueType":{"tag":"TypeApp","contents":[{"tag":"TypeApp","contents":[{"tag":"TypeConstructor","contents":[["Prim"],"Function"]},{"tag":"TypeConstructor","contents":[["DOM","WebStorage","Event","Types"],"StorageEvent"]}]},{"tag":"TypeApp","contents":[{"tag":"TypeConstructor","contents":[["Data","Maybe"],"Maybe"]},{"tag":"TypeConstructor","contents":[["Prim"],"String"]}]}]}}},{"EDValue":{"edValueName":{"Ident":"oldValue"},"edValueType":{"tag":"TypeApp","contents":[{"tag":"TypeApp","contents":[{"tag":"TypeConstructor","contents":[["Prim"],"Function"]},{"tag":"TypeConstructor","contents":[["DOM","WebStorage","Event","Types"],"StorageEvent"]}]},{"tag":"TypeApp","contents":[{"tag":"TypeConstructor","contents":[["Data","Maybe"],"Maybe"]},{"tag":"TypeConstructor","contents":[["Prim"],"String"]}]}]}}},{"EDValue":{"edValueName":{"Ident":"storageArea"},"edValueType":{"tag":"TypeApp","contents":[{"tag":"TypeApp","contents":[{"tag":"TypeConstructor","contents":[["Prim"],"Function"]},{"tag":"TypeConstructor","contents":[["DOM","WebStorage","Event","Types"],"StorageEvent"]}]},{"tag":"TypeApp","contents":[{"tag":"TypeConstructor","contents":[["Data","Maybe"],"Maybe"]},{"tag":"TypeConstructor","contents":[["DOM","WebStorage","Types"],"Storage"]}]}]}}},{"EDValue":{"edValueName":{"Ident":"url"},"edValueType":{"tag":"TypeApp","contents":[{"tag":"TypeApp","contents":[{"tag":"TypeConstructor","contents":[["Prim"],"Function"]},{"tag":"TypeConstructor","contents":[["DOM","WebStorage","Event","Types"],"StorageEvent"]}]},{"tag":"TypeConstructor","contents":[["Prim"],"String"]}]}}}],"efSourceSpan":{"start":[1,1],"name":"/home/dhruv/Final/bower_components/purescript-dom/src/DOM/WebStorage/Event/StorageEvent.purs","end":[39,27]}}