{"efVersion":"0.11.6","efModuleName":["Data","Bounded"],"efExports":[{"ReExportRef":[{"start":[1,1],"name":"/home/dhruv/Final/bower_components/purescript-prelude/src/Data/Bounded.purs","end":[46,12]},["Data","Ordering"],{"TypeRef":[{"start":[1,1],"name":"/home/dhruv/Final/bower_components/purescript-prelude/src/Data/Bounded.purs","end":[46,12]},"Ordering",["EQ","GT","LT"]]}]},{"TypeClassRef":[{"start":[1,1],"name":"/home/dhruv/Final/bower_components/purescript-prelude/src/Data/Bounded.purs","end":[46,12]},"Bounded"]},{"ReExportRef":[{"start":[1,1],"name":"/home/dhruv/Final/bower_components/purescript-prelude/src/Data/Bounded.purs","end":[46,12]},["Data","Ord"],{"TypeClassRef":[{"start":[1,1],"name":"/home/dhruv/Final/bower_components/purescript-prelude/src/Data/Bounded.purs","end":[46,12]},"Ord"]}]},{"ValueRef":[{"start":[1,1],"name":"/home/dhruv/Final/bower_components/purescript-prelude/src/Data/Bounded.purs","end":[46,12]},{"Ident":"bottom"}]},{"ReExportRef":[{"start":[1,1],"name":"/home/dhruv/Final/bower_components/purescript-prelude/src/Data/Bounded.purs","end":[46,12]},["Data","Ord"],{"ValueRef":[{"start":[1,1],"name":"/home/dhruv/Final/bower_components/purescript-prelude/src/Data/Bounded.purs","end":[46,12]},{"Ident":"compare"}]}]},{"ValueRef":[{"start":[1,1],"name":"/home/dhruv/Final/bower_components/purescript-prelude/src/Data/Bounded.purs","end":[46,12]},{"Ident":"top"}]},{"ReExportRef":[{"start":[1,1],"name":"/home/dhruv/Final/bower_components/purescript-prelude/src/Data/Bounded.purs","end":[46,12]},["Data","Ord"],{"ValueOpRef":[{"start":[1,1],"name":"/home/dhruv/Final/bower_components/purescript-prelude/src/Data/Bounded.purs","end":[46,12]},"<"]}]},{"ReExportRef":[{"start":[1,1],"name":"/home/dhruv/Final/bower_components/purescript-prelude/src/Data/Bounded.purs","end":[46,12]},["Data","Ord"],{"ValueOpRef":[{"start":[1,1],"name":"/home/dhruv/Final/bower_components/purescript-prelude/src/Data/Bounded.purs","end":[46,12]},"<="]}]},{"ReExportRef":[{"start":[1,1],"name":"/home/dhruv/Final/bower_components/purescript-prelude/src/Data/Bounded.purs","end":[46,12]},["Data","Ord"],{"ValueOpRef":[{"start":[1,1],"name":"/home/dhruv/Final/bower_components/purescript-prelude/src/Data/Bounded.purs","end":[46,12]},">"]}]},{"ReExportRef":[{"start":[1,1],"name":"/home/dhruv/Final/bower_components/purescript-prelude/src/Data/Bounded.purs","end":[46,12]},["Data","Ord"],{"ValueOpRef":[{"start":[1,1],"name":"/home/dhruv/Final/bower_components/purescript-prelude/src/Data/Bounded.purs","end":[46,12]},">="]}]},{"ModuleRef":[{"start":[5,5],"name":"/home/dhruv/Final/bower_components/purescript-prelude/src/Data/Bounded.purs","end":[5,20]},["Data","Ord"]]},{"TypeInstanceRef":[{"start":[0,0],"name":"<generated>","end":[0,0]},{"Ident":"boundedBoolean"}]},{"TypeInstanceRef":[{"start":[0,0],"name":"<generated>","end":[0,0]},{"Ident":"boundedInt"}]},{"TypeInstanceRef":[{"start":[0,0],"name":"<generated>","end":[0,0]},{"Ident":"boundedChar"}]},{"TypeInstanceRef":[{"start":[0,0],"name":"<generated>","end":[0,0]},{"Ident":"boundedOrdering"}]},{"TypeInstanceRef":[{"start":[0,0],"name":"<generated>","end":[0,0]},{"Ident":"boundedUnit"}]}],"efImports":[{"eiModule":["Prim"],"eiImportType":{"Implicit":[]},"eiImportedAs":null},{"eiModule":["Prim"],"eiImportType":{"Implicit":[]},"eiImportedAs":["Prim"]},{"eiModule":["Data","Ord"],"eiImportType":{"Explicit":[{"TypeClassRef":[{"start":[8,18],"name":"/home/dhruv/Final/bower_components/purescript-prelude/src/Data/Bounded.purs","end":[8,27]},"Ord"]},{"TypeRef":[{"start":[8,29],"name":"/home/dhruv/Final/bower_components/purescript-prelude/src/Data/Bounded.purs","end":[8,41]},"Ordering",null]},{"ValueRef":[{"start":[8,43],"name":"/home/dhruv/Final/bower_components/purescript-prelude/src/Data/Bounded.purs","end":[8,50]},{"Ident":"compare"}]},{"ValueOpRef":[{"start":[8,52],"name":"/home/dhruv/Final/bower_components/purescript-prelude/src/Data/Bounded.purs","end":[8,55]},"<"]},{"ValueOpRef":[{"start":[8,57],"name":"/home/dhruv/Final/bower_components/purescript-prelude/src/Data/Bounded.purs","end":[8,61]},"<="]},{"ValueOpRef":[{"start":[8,63],"name":"/home/dhruv/Final/bower_components/purescript-prelude/src/Data/Bounded.purs","end":[8,66]},">"]},{"ValueOpRef":[{"start":[8,68],"name":"/home/dhruv/Final/bower_components/purescript-prelude/src/Data/Bounded.purs","end":[8,72]},">="]}]},"eiImportedAs":null},{"eiModule":["Data","Unit"],"eiImportType":{"Explicit":[{"TypeRef":[{"start":[9,19],"name":"/home/dhruv/Final/bower_components/purescript-prelude/src/Data/Bounded.purs","end":[9,23]},"Unit",[]]},{"ValueRef":[{"start":[9,25],"name":"/home/dhruv/Final/bower_components/purescript-prelude/src/Data/Bounded.purs","end":[9,29]},{"Ident":"unit"}]}]},"eiImportedAs":null}],"efFixities":[],"efTypeFixities":[],"efDeclarations":[{"EDType":{"edTypeName":"Bounded","edTypeKind":{"tag":"FunKind","contents":[{"tag":"NamedKind","contents":[["Prim"],"Type"]},{"tag":"NamedKind","contents":[["Prim"],"Type"]}]},"edTypeDeclarationKind":"TypeSynonym"}},{"EDTypeSynonym":{"edTypeSynonymName":"Bounded","edTypeSynonymArguments":[["a",null]],"edTypeSynonymType":{"tag":"TypeApp","contents":[{"tag":"TypeConstructor","contents":[["Prim"],"Record"]},{"tag":"RCons","contents":["top",{"tag":"TypeVar","contents":"a"},{"tag":"RCons","contents":["bottom",{"tag":"TypeVar","contents":"a"},{"tag":"RCons","contents":["Ord0",{"tag":"TypeApp","contents":[{"tag":"TypeApp","contents":[{"tag":"TypeConstructor","contents":[["Prim"],"Function"]},{"tag":"TypeApp","contents":[{"tag":"TypeConstructor","contents":[["Prim"],"Record"]},{"tag":"REmpty"}]}]},{"tag":"TypeApp","contents":[{"tag":"TypeConstructor","contents":[["Data","Ord"],"Ord"]},{"tag":"TypeVar","contents":"a"}]}]},{"tag":"REmpty"}]}]}]}]}}},{"EDClass":{"edClassName":"Bounded","edClassTypeArguments":[["a",null]],"edClassMembers":[[{"Ident":"top"},{"tag":"TypeVar","contents":"a"}],[{"Ident":"bottom"},{"tag":"TypeVar","contents":"a"}]],"edClassConstraints":[{"constraintClass":[["Data","Ord"],"Ord"],"constraintArgs":[{"tag":"TypeVar","contents":"a"}],"constraintData":null}],"edFunctionalDependencies":[]}},{"EDValue":{"edValueName":{"Ident":"bottom"},"edValueType":{"tag":"ForAll","contents":["a",{"tag":"ConstrainedType","contents":[{"constraintClass":[["Data","Bounded"],"Bounded"],"constraintArgs":[{"tag":"TypeVar","contents":"a"}],"constraintData":null},{"tag":"TypeVar","contents":"a"}]},1]}}},{"EDValue":{"edValueName":{"Ident":"top"},"edValueType":{"tag":"ForAll","contents":["a",{"tag":"ConstrainedType","contents":[{"constraintClass":[["Data","Bounded"],"Bounded"],"constraintArgs":[{"tag":"TypeVar","contents":"a"}],"constraintData":null},{"tag":"TypeVar","contents":"a"}]},0]}}},{"EDInstance":{"edInstanceClassName":[["Data","Bounded"],"Bounded"],"edInstanceName":{"Ident":"boundedBoolean"},"edInstanceTypes":[{"tag":"TypeConstructor","contents":[["Prim"],"Boolean"]}],"edInstanceConstraints":[]}},{"EDInstance":{"edInstanceClassName":[["Data","Bounded"],"Bounded"],"edInstanceName":{"Ident":"boundedInt"},"edInstanceTypes":[{"tag":"TypeConstructor","contents":[["Prim"],"Int"]}],"edInstanceConstraints":[]}},{"EDInstance":{"edInstanceClassName":[["Data","Bounded"],"Bounded"],"edInstanceName":{"Ident":"boundedChar"},"edInstanceTypes":[{"tag":"TypeConstructor","contents":[["Prim"],"Char"]}],"edInstanceConstraints":[]}},{"EDInstance":{"edInstanceClassName":[["Data","Bounded"],"Bounded"],"edInstanceName":{"Ident":"boundedOrdering"},"edInstanceTypes":[{"tag":"TypeConstructor","contents":[["Data","Ordering"],"Ordering"]}],"edInstanceConstraints":[]}},{"EDInstance":{"edInstanceClassName":[["Data","Bounded"],"Bounded"],"edInstanceName":{"Ident":"boundedUnit"},"edInstanceTypes":[{"tag":"TypeConstructor","contents":[["Data","Unit"],"Unit"]}],"edInstanceConstraints":[]}}],"efSourceSpan":{"start":[1,1],"name":"/home/dhruv/Final/bower_components/purescript-prelude/src/Data/Bounded.purs","end":[46,12]}}