{"efVersion":"0.11.6","efModuleName":["DOM","Node","HTMLCollection"],"efExports":[{"ValueRef":[{"start":[1,1],"name":"/home/dhruv/Final/bower_components/purescript-dom/src/DOM/Node/HTMLCollection.purs","end":[33,113]},{"Ident":"item"}]},{"ValueRef":[{"start":[1,1],"name":"/home/dhruv/Final/bower_components/purescript-dom/src/DOM/Node/HTMLCollection.purs","end":[33,113]},{"Ident":"length"}]},{"ValueRef":[{"start":[1,1],"name":"/home/dhruv/Final/bower_components/purescript-dom/src/DOM/Node/HTMLCollection.purs","end":[33,113]},{"Ident":"namedItem"}]},{"ValueRef":[{"start":[1,1],"name":"/home/dhruv/Final/bower_components/purescript-dom/src/DOM/Node/HTMLCollection.purs","end":[33,113]},{"Ident":"toArray"}]}],"efImports":[{"eiModule":["Prim"],"eiImportType":{"Implicit":[]},"eiImportedAs":null},{"eiModule":["Prim"],"eiImportType":{"Implicit":[]},"eiImportedAs":["Prim"]},{"eiModule":["Prelude"],"eiImportType":{"Implicit":[]},"eiImportedAs":null},{"eiModule":["Control","Monad","Eff"],"eiImportType":{"Explicit":[{"TypeRef":[{"start":[9,27],"name":"/home/dhruv/Final/bower_components/purescript-dom/src/DOM/Node/HTMLCollection.purs","end":[9,30]},"Eff",[]]}]},"eiImportedAs":null},{"eiModule":["Data","Maybe"],"eiImportType":{"Explicit":[{"TypeRef":[{"start":[10,20],"name":"/home/dhruv/Final/bower_components/purescript-dom/src/DOM/Node/HTMLCollection.purs","end":[10,25]},"Maybe",[]]}]},"eiImportedAs":null},{"eiModule":["Data","Nullable"],"eiImportType":{"Explicit":[{"TypeRef":[{"start":[11,23],"name":"/home/dhruv/Final/bower_components/purescript-dom/src/DOM/Node/HTMLCollection.purs","end":[11,31]},"Nullable",[]]},{"ValueRef":[{"start":[11,33],"name":"/home/dhruv/Final/bower_components/purescript-dom/src/DOM/Node/HTMLCollection.purs","end":[11,40]},{"Ident":"toMaybe"}]}]},"eiImportedAs":null},{"eiModule":["DOM"],"eiImportType":{"Explicit":[{"TypeRef":[{"start":[12,13],"name":"/home/dhruv/Final/bower_components/purescript-dom/src/DOM/Node/HTMLCollection.purs","end":[12,16]},"DOM",[]]}]},"eiImportedAs":null},{"eiModule":["DOM","Node","Types"],"eiImportType":{"Explicit":[{"TypeRef":[{"start":[13,24],"name":"/home/dhruv/Final/bower_components/purescript-dom/src/DOM/Node/HTMLCollection.purs","end":[13,31]},"Element",[]]},{"TypeRef":[{"start":[13,33],"name":"/home/dhruv/Final/bower_components/purescript-dom/src/DOM/Node/HTMLCollection.purs","end":[13,47]},"HTMLCollection",[]]},{"TypeRef":[{"start":[13,49],"name":"/home/dhruv/Final/bower_components/purescript-dom/src/DOM/Node/HTMLCollection.purs","end":[13,58]},"ElementId",[]]}]},"eiImportedAs":null}],"efFixities":[],"efTypeFixities":[],"efDeclarations":[{"EDValue":{"edValueName":{"Ident":"item"},"edValueType":{"tag":"ForAll","contents":["eff",{"tag":"TypeApp","contents":[{"tag":"TypeApp","contents":[{"tag":"TypeConstructor","contents":[["Prim"],"Function"]},{"tag":"TypeConstructor","contents":[["Prim"],"Int"]}]},{"tag":"TypeApp","contents":[{"tag":"TypeApp","contents":[{"tag":"TypeConstructor","contents":[["Prim"],"Function"]},{"tag":"TypeConstructor","contents":[["DOM","Node","Types"],"HTMLCollection"]}]},{"tag":"TypeApp","contents":[{"tag":"TypeApp","contents":[{"tag":"TypeConstructor","contents":[["Control","Monad","Eff"],"Eff"]},{"tag":"RCons","contents":["dom",{"tag":"TypeConstructor","contents":[["DOM"],"DOM"]},{"tag":"TypeVar","contents":"eff"}]}]},{"tag":"TypeApp","contents":[{"tag":"TypeConstructor","contents":[["Data","Maybe"],"Maybe"]},{"tag":"TypeConstructor","contents":[["DOM","Node","Types"],"Element"]}]}]}]}]},3]}}},{"EDValue":{"edValueName":{"Ident":"length"},"edValueType":{"tag":"ForAll","contents":["eff",{"tag":"TypeApp","contents":[{"tag":"TypeApp","contents":[{"tag":"TypeConstructor","contents":[["Prim"],"Function"]},{"tag":"TypeConstructor","contents":[["DOM","Node","Types"],"HTMLCollection"]}]},{"tag":"TypeApp","contents":[{"tag":"TypeApp","contents":[{"tag":"TypeConstructor","contents":[["Control","Monad","Eff"],"Eff"]},{"tag":"RCons","contents":["dom",{"tag":"TypeConstructor","contents":[["DOM"],"DOM"]},{"tag":"TypeVar","contents":"eff"}]}]},{"tag":"TypeConstructor","contents":[["Prim"],"Int"]}]}]},null]}}},{"EDValue":{"edValueName":{"Ident":"namedItem"},"edValueType":{"tag":"ForAll","contents":["eff",{"tag":"TypeApp","contents":[{"tag":"TypeApp","contents":[{"tag":"TypeConstructor","contents":[["Prim"],"Function"]},{"tag":"TypeConstructor","contents":[["DOM","Node","Types"],"ElementId"]}]},{"tag":"TypeApp","contents":[{"tag":"TypeApp","contents":[{"tag":"TypeConstructor","contents":[["Prim"],"Function"]},{"tag":"TypeConstructor","contents":[["DOM","Node","Types"],"HTMLCollection"]}]},{"tag":"TypeApp","contents":[{"tag":"TypeApp","contents":[{"tag":"TypeConstructor","contents":[["Control","Monad","Eff"],"Eff"]},{"tag":"RCons","contents":["dom",{"tag":"TypeConstructor","contents":[["DOM"],"DOM"]},{"tag":"TypeVar","contents":"eff"}]}]},{"tag":"TypeApp","contents":[{"tag":"TypeConstructor","contents":[["Data","Maybe"],"Maybe"]},{"tag":"TypeConstructor","contents":[["DOM","Node","Types"],"Element"]}]}]}]}]},0]}}},{"EDValue":{"edValueName":{"Ident":"toArray"},"edValueType":{"tag":"ForAll","contents":["eff",{"tag":"TypeApp","contents":[{"tag":"TypeApp","contents":[{"tag":"TypeConstructor","contents":[["Prim"],"Function"]},{"tag":"TypeConstructor","contents":[["DOM","Node","Types"],"HTMLCollection"]}]},{"tag":"TypeApp","contents":[{"tag":"TypeApp","contents":[{"tag":"TypeConstructor","contents":[["Control","Monad","Eff"],"Eff"]},{"tag":"RCons","contents":["dom",{"tag":"TypeConstructor","contents":[["DOM"],"DOM"]},{"tag":"TypeVar","contents":"eff"}]}]},{"tag":"TypeApp","contents":[{"tag":"TypeConstructor","contents":[["Prim"],"Array"]},{"tag":"TypeConstructor","contents":[["DOM","Node","Types"],"Element"]}]}]}]},null]}}}],"efSourceSpan":{"start":[1,1],"name":"/home/dhruv/Final/bower_components/purescript-dom/src/DOM/Node/HTMLCollection.purs","end":[33,113]}}