{"efVersion":"0.11.6","efModuleName":["DOM","HTML","Event","DragEvent"],"efExports":[{"ValueRef":[{"start":[1,1],"name":"/home/dhruv/Final/bower_components/purescript-dom/src/DOM/HTML/Event/DragEvent.purs","end":[8,45]},{"Ident":"dataTransfer"}]}],"efImports":[{"eiModule":["Prim"],"eiImportType":{"Implicit":[]},"eiImportedAs":null},{"eiModule":["Prim"],"eiImportType":{"Implicit":[]},"eiImportedAs":["Prim"]},{"eiModule":["DOM","HTML","Event","DataTransfer"],"eiImportType":{"Explicit":[{"TypeRef":[{"start":[5,37],"name":"/home/dhruv/Final/bower_components/purescript-dom/src/DOM/HTML/Event/DragEvent.purs","end":[5,49]},"DataTransfer",[]]}]},"eiImportedAs":null},{"eiModule":["DOM","HTML","Event","Types"],"eiImportType":{"Explicit":[{"TypeRef":[{"start":[6,30],"name":"/home/dhruv/Final/bower_components/purescript-dom/src/DOM/HTML/Event/DragEvent.purs","end":[6,39]},"DragEvent",[]]}]},"eiImportedAs":null}],"efFixities":[],"efTypeFixities":[],"efDeclarations":[{"EDValue":{"edValueName":{"Ident":"dataTransfer"},"edValueType":{"tag":"TypeApp","contents":[{"tag":"TypeApp","contents":[{"tag":"TypeConstructor","contents":[["Prim"],"Function"]},{"tag":"TypeConstructor","contents":[["DOM","HTML","Event","Types"],"DragEvent"]}]},{"tag":"TypeConstructor","contents":[["DOM","HTML","Event","DataTransfer"],"DataTransfer"]}]}}}],"efSourceSpan":{"start":[1,1],"name":"/home/dhruv/Final/bower_components/purescript-dom/src/DOM/HTML/Event/DragEvent.purs","end":[8,45]}}