{"efVersion":"0.11.6","efModuleName":["Data","Time","Duration","Gen"],"efExports":[{"ValueRef":[{"start":[1,1],"name":"/home/dhruv/Final/bower_components/purescript-datetime/src/Data/Time/Duration/Gen.purs","end":[27,40]},{"Ident":"genDays"}]},{"ValueRef":[{"start":[1,1],"name":"/home/dhruv/Final/bower_components/purescript-datetime/src/Data/Time/Duration/Gen.purs","end":[27,40]},{"Ident":"genHours"}]},{"ValueRef":[{"start":[1,1],"name":"/home/dhruv/Final/bower_components/purescript-datetime/src/Data/Time/Duration/Gen.purs","end":[27,40]},{"Ident":"genMilliseconds"}]},{"ValueRef":[{"start":[1,1],"name":"/home/dhruv/Final/bower_components/purescript-datetime/src/Data/Time/Duration/Gen.purs","end":[27,40]},{"Ident":"genMinutes"}]},{"ValueRef":[{"start":[1,1],"name":"/home/dhruv/Final/bower_components/purescript-datetime/src/Data/Time/Duration/Gen.purs","end":[27,40]},{"Ident":"genSeconds"}]}],"efImports":[{"eiModule":["Prim"],"eiImportType":{"Implicit":[]},"eiImportedAs":null},{"eiModule":["Prim"],"eiImportType":{"Implicit":[]},"eiImportedAs":["Prim"]},{"eiModule":["Prelude"],"eiImportType":{"Implicit":[]},"eiImportedAs":null},{"eiModule":["Control","Monad","Gen"],"eiImportType":{"Explicit":[{"TypeClassRef":[{"start":[5,27],"name":"/home/dhruv/Final/bower_components/purescript-datetime/src/Data/Time/Duration/Gen.purs","end":[5,41]},"MonadGen"]}]},"eiImportedAs":null},{"eiModule":["Control","Monad","Gen"],"eiImportType":{"Implicit":[]},"eiImportedAs":["Gen"]},{"eiModule":["Data","Time","Duration"],"eiImportType":{"Explicit":[{"TypeRef":[{"start":[7,28],"name":"/home/dhruv/Final/bower_components/purescript-datetime/src/Data/Time/Duration/Gen.purs","end":[7,36]},"Days",null]},{"TypeRef":[{"start":[7,38],"name":"/home/dhruv/Final/bower_components/purescript-datetime/src/Data/Time/Duration/Gen.purs","end":[7,47]},"Hours",null]},{"TypeRef":[{"start":[7,49],"name":"/home/dhruv/Final/bower_components/purescript-datetime/src/Data/Time/Duration/Gen.purs","end":[7,65]},"Milliseconds",null]},{"TypeRef":[{"start":[7,67],"name":"/home/dhruv/Final/bower_components/purescript-datetime/src/Data/Time/Duration/Gen.purs","end":[7,78]},"Minutes",null]},{"TypeRef":[{"start":[7,80],"name":"/home/dhruv/Final/bower_components/purescript-datetime/src/Data/Time/Duration/Gen.purs","end":[7,91]},"Seconds",null]}]},"eiImportedAs":null}],"efFixities":[],"efTypeFixities":[],"efDeclarations":[{"EDValue":{"edValueName":{"Ident":"genDays"},"edValueType":{"tag":"ForAll","contents":["m",{"tag":"ConstrainedType","contents":[{"constraintClass":[["Control","Monad","Gen","Class"],"MonadGen"],"constraintArgs":[{"tag":"TypeVar","contents":"m"}],"constraintData":null},{"tag":"TypeApp","contents":[{"tag":"TypeVar","contents":"m"},{"tag":"TypeConstructor","contents":[["Data","Time","Duration"],"Days"]}]}]},8]}}},{"EDValue":{"edValueName":{"Ident":"genHours"},"edValueType":{"tag":"ForAll","contents":["m",{"tag":"ConstrainedType","contents":[{"constraintClass":[["Control","Monad","Gen","Class"],"MonadGen"],"constraintArgs":[{"tag":"TypeVar","contents":"m"}],"constraintData":null},{"tag":"TypeApp","contents":[{"tag":"TypeVar","contents":"m"},{"tag":"TypeConstructor","contents":[["Data","Time","Duration"],"Hours"]}]}]},6]}}},{"EDValue":{"edValueName":{"Ident":"genMilliseconds"},"edValueType":{"tag":"ForAll","contents":["m",{"tag":"ConstrainedType","contents":[{"constraintClass":[["Control","Monad","Gen","Class"],"MonadGen"],"constraintArgs":[{"tag":"TypeVar","contents":"m"}],"constraintData":null},{"tag":"TypeApp","contents":[{"tag":"TypeVar","contents":"m"},{"tag":"TypeConstructor","contents":[["Data","Time","Duration"],"Milliseconds"]}]}]},4]}}},{"EDValue":{"edValueName":{"Ident":"genMinutes"},"edValueType":{"tag":"ForAll","contents":["m",{"tag":"ConstrainedType","contents":[{"constraintClass":[["Control","Monad","Gen","Class"],"MonadGen"],"constraintArgs":[{"tag":"TypeVar","contents":"m"}],"constraintData":null},{"tag":"TypeApp","contents":[{"tag":"TypeVar","contents":"m"},{"tag":"TypeConstructor","contents":[["Data","Time","Duration"],"Minutes"]}]}]},2]}}},{"EDValue":{"edValueName":{"Ident":"genSeconds"},"edValueType":{"tag":"ForAll","contents":["m",{"tag":"ConstrainedType","contents":[{"constraintClass":[["Control","Monad","Gen","Class"],"MonadGen"],"constraintArgs":[{"tag":"TypeVar","contents":"m"}],"constraintData":null},{"tag":"TypeApp","contents":[{"tag":"TypeVar","contents":"m"},{"tag":"TypeConstructor","contents":[["Data","Time","Duration"],"Seconds"]}]}]},0]}}}],"efSourceSpan":{"start":[1,1],"name":"/home/dhruv/Final/bower_components/purescript-datetime/src/Data/Time/Duration/Gen.purs","end":[27,40]}}