{"efVersion":"0.11.6","efModuleName":["DOM","Event","FocusEvent"],"efExports":[{"ReExportRef":[{"start":[1,1],"name":"/home/dhruv/Final/bower_components/purescript-dom/src/DOM/Event/FocusEvent.purs","end":[20,29]},["DOM","Event","Types"],{"TypeRef":[{"start":[1,1],"name":"/home/dhruv/Final/bower_components/purescript-dom/src/DOM/Event/FocusEvent.purs","end":[20,29]},"FocusEvent",[]]}]},{"ValueRef":[{"start":[1,1],"name":"/home/dhruv/Final/bower_components/purescript-dom/src/DOM/Event/FocusEvent.purs","end":[20,29]},{"Ident":"eventToFocusEvent"}]},{"ReExportRef":[{"start":[1,1],"name":"/home/dhruv/Final/bower_components/purescript-dom/src/DOM/Event/FocusEvent.purs","end":[20,29]},["DOM","Event","Types"],{"ValueRef":[{"start":[1,1],"name":"/home/dhruv/Final/bower_components/purescript-dom/src/DOM/Event/FocusEvent.purs","end":[20,29]},{"Ident":"focusEventToEvent"}]}]},{"ReExportRef":[{"start":[1,1],"name":"/home/dhruv/Final/bower_components/purescript-dom/src/DOM/Event/FocusEvent.purs","end":[20,29]},["DOM","Event","Types"],{"ValueRef":[{"start":[1,1],"name":"/home/dhruv/Final/bower_components/purescript-dom/src/DOM/Event/FocusEvent.purs","end":[20,29]},{"Ident":"readFocusEvent"}]}]},{"ValueRef":[{"start":[1,1],"name":"/home/dhruv/Final/bower_components/purescript-dom/src/DOM/Event/FocusEvent.purs","end":[20,29]},{"Ident":"relatedTarget"}]},{"ModuleRef":[{"start":[2,5],"name":"/home/dhruv/Final/bower_components/purescript-dom/src/DOM/Event/FocusEvent.purs","end":[2,13]},["T"]]}],"efImports":[{"eiModule":["Prim"],"eiImportType":{"Implicit":[]},"eiImportedAs":null},{"eiModule":["Prim"],"eiImportType":{"Implicit":[]},"eiImportedAs":["Prim"]},{"eiModule":["Prelude"],"eiImportType":{"Implicit":[]},"eiImportedAs":null},{"eiModule":["Data","Foreign"],"eiImportType":{"Explicit":[{"TypeRef":[{"start":[8,22],"name":"/home/dhruv/Final/bower_components/purescript-dom/src/DOM/Event/FocusEvent.purs","end":[8,23]},"F",[]]},{"ValueRef":[{"start":[8,25],"name":"/home/dhruv/Final/bower_components/purescript-dom/src/DOM/Event/FocusEvent.purs","end":[8,34]},{"Ident":"toForeign"}]}]},"eiImportedAs":null},{"eiModule":["Data","Maybe"],"eiImportType":{"Explicit":[{"TypeRef":[{"start":[9,20],"name":"/home/dhruv/Final/bower_components/purescript-dom/src/DOM/Event/FocusEvent.purs","end":[9,25]},"Maybe",[]]}]},"eiImportedAs":null},{"eiModule":["Data","Nullable"],"eiImportType":{"Explicit":[{"TypeRef":[{"start":[10,23],"name":"/home/dhruv/Final/bower_components/purescript-dom/src/DOM/Event/FocusEvent.purs","end":[10,31]},"Nullable",[]]},{"ValueRef":[{"start":[10,33],"name":"/home/dhruv/Final/bower_components/purescript-dom/src/DOM/Event/FocusEvent.purs","end":[10,40]},{"Ident":"toMaybe"}]}]},"eiImportedAs":null},{"eiModule":["DOM","Event","Types"],"eiImportType":{"Explicit":[{"TypeRef":[{"start":[11,25],"name":"/home/dhruv/Final/bower_components/purescript-dom/src/DOM/Event/FocusEvent.purs","end":[11,30]},"Event",[]]},{"TypeRef":[{"start":[11,32],"name":"/home/dhruv/Final/bower_components/purescript-dom/src/DOM/Event/FocusEvent.purs","end":[11,43]},"EventTarget",[]]},{"TypeRef":[{"start":[11,45],"name":"/home/dhruv/Final/bower_components/purescript-dom/src/DOM/Event/FocusEvent.purs","end":[11,55]},"FocusEvent",[]]},{"ValueRef":[{"start":[11,57],"name":"/home/dhruv/Final/bower_components/purescript-dom/src/DOM/Event/FocusEvent.purs","end":[11,71]},{"Ident":"readFocusEvent"}]}]},"eiImportedAs":null},{"eiModule":["DOM","Event","Types"],"eiImportType":{"Explicit":[{"TypeRef":[{"start":[12,25],"name":"/home/dhruv/Final/bower_components/purescript-dom/src/DOM/Event/FocusEvent.purs","end":[12,35]},"FocusEvent",[]]},{"ValueRef":[{"start":[12,37],"name":"/home/dhruv/Final/bower_components/purescript-dom/src/DOM/Event/FocusEvent.purs","end":[12,54]},{"Ident":"focusEventToEvent"}]},{"ValueRef":[{"start":[12,56],"name":"/home/dhruv/Final/bower_components/purescript-dom/src/DOM/Event/FocusEvent.purs","end":[12,70]},{"Ident":"readFocusEvent"}]}]},"eiImportedAs":["T"]}],"efFixities":[],"efTypeFixities":[],"efDeclarations":[{"EDValue":{"edValueName":{"Ident":"eventToFocusEvent"},"edValueType":{"tag":"TypeApp","contents":[{"tag":"TypeApp","contents":[{"tag":"TypeConstructor","contents":[["Prim"],"Function"]},{"tag":"TypeConstructor","contents":[["DOM","Event","Types"],"Event"]}]},{"tag":"TypeApp","contents":[{"tag":"TypeApp","contents":[{"tag":"TypeApp","contents":[{"tag":"TypeConstructor","contents":[["Control","Monad","Except","Trans"],"ExceptT"]},{"tag":"TypeApp","contents":[{"tag":"TypeConstructor","contents":[["Data","List","Types"],"NonEmptyList"]},{"tag":"TypeConstructor","contents":[["Data","Foreign"],"ForeignError"]}]}]},{"tag":"TypeConstructor","contents":[["Data","Identity"],"Identity"]}]},{"tag":"TypeConstructor","contents":[["DOM","Event","Types"],"FocusEvent"]}]}]}}},{"EDValue":{"edValueName":{"Ident":"relatedTarget"},"edValueType":{"tag":"TypeApp","contents":[{"tag":"TypeApp","contents":[{"tag":"TypeConstructor","contents":[["Prim"],"Function"]},{"tag":"TypeConstructor","contents":[["DOM","Event","Types"],"FocusEvent"]}]},{"tag":"TypeApp","contents":[{"tag":"TypeConstructor","contents":[["Data","Maybe"],"Maybe"]},{"tag":"TypeConstructor","contents":[["DOM","Event","Types"],"EventTarget"]}]}]}}}],"efSourceSpan":{"start":[1,1],"name":"/home/dhruv/Final/bower_components/purescript-dom/src/DOM/Event/FocusEvent.purs","end":[20,29]}}