{"efVersion":"0.11.6","efModuleName":["DOM","HTML","Event","DataTransfer"],"efExports":[{"TypeRef":[{"start":[1,1],"name":"/home/dhruv/Final/bower_components/purescript-dom/src/DOM/HTML/Event/DataTransfer.purs","end":[63,60]},"DataTransfer",[]]},{"ValueRef":[{"start":[1,1],"name":"/home/dhruv/Final/bower_components/purescript-dom/src/DOM/HTML/Event/DataTransfer.purs","end":[63,60]},{"Ident":"files"}]},{"ValueRef":[{"start":[1,1],"name":"/home/dhruv/Final/bower_components/purescript-dom/src/DOM/HTML/Event/DataTransfer.purs","end":[63,60]},{"Ident":"getData"}]},{"ValueRef":[{"start":[1,1],"name":"/home/dhruv/Final/bower_components/purescript-dom/src/DOM/HTML/Event/DataTransfer.purs","end":[63,60]},{"Ident":"setData"}]},{"ValueRef":[{"start":[1,1],"name":"/home/dhruv/Final/bower_components/purescript-dom/src/DOM/HTML/Event/DataTransfer.purs","end":[63,60]},{"Ident":"types"}]}],"efImports":[{"eiModule":["Prim"],"eiImportType":{"Implicit":[]},"eiImportedAs":null},{"eiModule":["Prim"],"eiImportType":{"Implicit":[]},"eiImportedAs":["Prim"]},{"eiModule":["Prelude"],"eiImportType":{"Implicit":[]},"eiImportedAs":null},{"eiModule":["Control","Monad","Eff"],"eiImportType":{"Explicit":[{"TypeRef":[{"start":[10,27],"name":"/home/dhruv/Final/bower_components/purescript-dom/src/DOM/HTML/Event/DataTransfer.purs","end":[10,30]},"Eff",[]]}]},"eiImportedAs":null},{"eiModule":["DOM"],"eiImportType":{"Explicit":[{"TypeRef":[{"start":[11,13],"name":"/home/dhruv/Final/bower_components/purescript-dom/src/DOM/HTML/Event/DataTransfer.purs","end":[11,16]},"DOM",[]]}]},"eiImportedAs":null},{"eiModule":["DOM","File","Types"],"eiImportType":{"Explicit":[{"TypeRef":[{"start":[12,24],"name":"/home/dhruv/Final/bower_components/purescript-dom/src/DOM/HTML/Event/DataTransfer.purs","end":[12,32]},"FileList",[]]}]},"eiImportedAs":null},{"eiModule":["Data","Maybe"],"eiImportType":{"Explicit":[{"TypeRef":[{"start":[13,20],"name":"/home/dhruv/Final/bower_components/purescript-dom/src/DOM/HTML/Event/DataTransfer.purs","end":[13,25]},"Maybe",[]]}]},"eiImportedAs":null},{"eiModule":["Data","MediaType"],"eiImportType":{"Explicit":[{"TypeRef":[{"start":[14,24],"name":"/home/dhruv/Final/bower_components/purescript-dom/src/DOM/HTML/Event/DataTransfer.purs","end":[14,37]},"MediaType",null]}]},"eiImportedAs":null},{"eiModule":["Data","Nullable"],"eiImportType":{"Explicit":[{"TypeRef":[{"start":[15,23],"name":"/home/dhruv/Final/bower_components/purescript-dom/src/DOM/HTML/Event/DataTransfer.purs","end":[15,31]},"Nullable",[]]},{"ValueRef":[{"start":[15,33],"name":"/home/dhruv/Final/bower_components/purescript-dom/src/DOM/HTML/Event/DataTransfer.purs","end":[15,40]},{"Ident":"toMaybe"}]}]},"eiImportedAs":null}],"efFixities":[],"efTypeFixities":[],"efDeclarations":[{"EDType":{"edTypeName":"DataTransfer","edTypeKind":{"tag":"NamedKind","contents":[["Prim"],"Type"]},"edTypeDeclarationKind":"ExternData"}},{"EDValue":{"edValueName":{"Ident":"files"},"edValueType":{"tag":"TypeApp","contents":[{"tag":"TypeApp","contents":[{"tag":"TypeConstructor","contents":[["Prim"],"Function"]},{"tag":"TypeConstructor","contents":[["DOM","HTML","Event","DataTransfer"],"DataTransfer"]}]},{"tag":"TypeApp","contents":[{"tag":"TypeConstructor","contents":[["Data","Maybe"],"Maybe"]},{"tag":"TypeConstructor","contents":[["DOM","File","Types"],"FileList"]}]}]}}},{"EDValue":{"edValueName":{"Ident":"getData"},"edValueType":{"tag":"ForAll","contents":["eff",{"tag":"TypeApp","contents":[{"tag":"TypeApp","contents":[{"tag":"TypeConstructor","contents":[["Prim"],"Function"]},{"tag":"TypeConstructor","contents":[["Data","MediaType"],"MediaType"]}]},{"tag":"TypeApp","contents":[{"tag":"TypeApp","contents":[{"tag":"TypeConstructor","contents":[["Prim"],"Function"]},{"tag":"TypeConstructor","contents":[["DOM","HTML","Event","DataTransfer"],"DataTransfer"]}]},{"tag":"TypeApp","contents":[{"tag":"TypeApp","contents":[{"tag":"TypeConstructor","contents":[["Control","Monad","Eff"],"Eff"]},{"tag":"RCons","contents":["dom",{"tag":"TypeConstructor","contents":[["DOM"],"DOM"]},{"tag":"TypeVar","contents":"eff"}]}]},{"tag":"TypeConstructor","contents":[["Prim"],"String"]}]}]}]},3]}}},{"EDValue":{"edValueName":{"Ident":"setData"},"edValueType":{"tag":"ForAll","contents":["eff",{"tag":"TypeApp","contents":[{"tag":"TypeApp","contents":[{"tag":"TypeConstructor","contents":[["Prim"],"Function"]},{"tag":"TypeConstructor","contents":[["Data","MediaType"],"MediaType"]}]},{"tag":"TypeApp","contents":[{"tag":"TypeApp","contents":[{"tag":"TypeConstructor","contents":[["Prim"],"Function"]},{"tag":"TypeConstructor","contents":[["Prim"],"String"]}]},{"tag":"TypeApp","contents":[{"tag":"TypeApp","contents":[{"tag":"TypeConstructor","contents":[["Prim"],"Function"]},{"tag":"TypeConstructor","contents":[["DOM","HTML","Event","DataTransfer"],"DataTransfer"]}]},{"tag":"TypeApp","contents":[{"tag":"TypeApp","contents":[{"tag":"TypeConstructor","contents":[["Control","Monad","Eff"],"Eff"]},{"tag":"RCons","contents":["dom",{"tag":"TypeConstructor","contents":[["DOM"],"DOM"]},{"tag":"TypeVar","contents":"eff"}]}]},{"tag":"TypeConstructor","contents":[["Data","Unit"],"Unit"]}]}]}]}]},0]}}},{"EDValue":{"edValueName":{"Ident":"types"},"edValueType":{"tag":"TypeApp","contents":[{"tag":"TypeApp","contents":[{"tag":"TypeConstructor","contents":[["Prim"],"Function"]},{"tag":"TypeConstructor","contents":[["DOM","HTML","Event","DataTransfer"],"DataTransfer"]}]},{"tag":"TypeApp","contents":[{"tag":"TypeConstructor","contents":[["Prim"],"Array"]},{"tag":"TypeConstructor","contents":[["Prim"],"String"]}]}]}}}],"efSourceSpan":{"start":[1,1],"name":"/home/dhruv/Final/bower_components/purescript-dom/src/DOM/HTML/Event/DataTransfer.purs","end":[63,60]}}