{"efVersion":"0.11.6","efModuleName":["Data","Traversable","Accum","Internal"],"efExports":[{"TypeRef":[{"start":[1,1],"name":"/home/dhruv/Final/bower_components/purescript-foldable-traversable/src/Data/Traversable/Accum/Internal.purs","end":[44,46]},"StateL",["StateL"]]},{"TypeRef":[{"start":[1,1],"name":"/home/dhruv/Final/bower_components/purescript-foldable-traversable/src/Data/Traversable/Accum/Internal.purs","end":[44,46]},"StateR",["StateR"]]},{"ValueRef":[{"start":[1,1],"name":"/home/dhruv/Final/bower_components/purescript-foldable-traversable/src/Data/Traversable/Accum/Internal.purs","end":[44,46]},{"Ident":"stateL"}]},{"ValueRef":[{"start":[1,1],"name":"/home/dhruv/Final/bower_components/purescript-foldable-traversable/src/Data/Traversable/Accum/Internal.purs","end":[44,46]},{"Ident":"stateR"}]},{"TypeInstanceRef":[{"start":[0,0],"name":"<generated>","end":[0,0]},{"Ident":"functorStateL"}]},{"TypeInstanceRef":[{"start":[0,0],"name":"<generated>","end":[0,0]},{"Ident":"applyStateL"}]},{"TypeInstanceRef":[{"start":[0,0],"name":"<generated>","end":[0,0]},{"Ident":"applicativeStateL"}]},{"TypeInstanceRef":[{"start":[0,0],"name":"<generated>","end":[0,0]},{"Ident":"functorStateR"}]},{"TypeInstanceRef":[{"start":[0,0],"name":"<generated>","end":[0,0]},{"Ident":"applyStateR"}]},{"TypeInstanceRef":[{"start":[0,0],"name":"<generated>","end":[0,0]},{"Ident":"applicativeStateR"}]}],"efImports":[{"eiModule":["Prim"],"eiImportType":{"Implicit":[]},"eiImportedAs":null},{"eiModule":["Prim"],"eiImportType":{"Implicit":[]},"eiImportedAs":["Prim"]},{"eiModule":["Prelude"],"eiImportType":{"Implicit":[]},"eiImportedAs":null},{"eiModule":["Data","Traversable","Accum"],"eiImportType":{"Explicit":[{"TypeRef":[{"start":[9,32],"name":"/home/dhruv/Final/bower_components/purescript-foldable-traversable/src/Data/Traversable/Accum/Internal.purs","end":[9,37]},"Accum",[]]}]},"eiImportedAs":null}],"efFixities":[],"efTypeFixities":[],"efDeclarations":[{"EDType":{"edTypeName":"StateL","edTypeKind":{"tag":"FunKind","contents":[{"tag":"NamedKind","contents":[["Prim"],"Type"]},{"tag":"FunKind","contents":[{"tag":"NamedKind","contents":[["Prim"],"Type"]},{"tag":"NamedKind","contents":[["Prim"],"Type"]}]}]},"edTypeDeclarationKind":{"DataType":{"args":[["s",{"tag":"NamedKind","contents":[["Prim"],"Type"]}],["a",{"tag":"NamedKind","contents":[["Prim"],"Type"]}]],"ctors":[["StateL",[{"tag":"TypeApp","contents":[{"tag":"TypeApp","contents":[{"tag":"TypeConstructor","contents":[["Prim"],"Function"]},{"tag":"TypeVar","contents":"s"}]},{"tag":"TypeApp","contents":[{"tag":"TypeApp","contents":[{"tag":"TypeConstructor","contents":[["Data","Traversable","Accum"],"Accum"]},{"tag":"TypeVar","contents":"s"}]},{"tag":"TypeVar","contents":"a"}]}]}]]]}}}},{"EDDataConstructor":{"edDataCtorName":"StateL","edDataCtorOrigin":"newtype","edDataCtorTypeCtor":"StateL","edDataCtorType":{"tag":"ForAll","contents":["a",{"tag":"ForAll","contents":["s",{"tag":"TypeApp","contents":[{"tag":"TypeApp","contents":[{"tag":"TypeConstructor","contents":[["Prim"],"Function"]},{"tag":"TypeApp","contents":[{"tag":"TypeApp","contents":[{"tag":"TypeConstructor","contents":[["Prim"],"Function"]},{"tag":"TypeVar","contents":"s"}]},{"tag":"TypeApp","contents":[{"tag":"TypeApp","contents":[{"tag":"TypeConstructor","contents":[["Data","Traversable","Accum"],"Accum"]},{"tag":"TypeVar","contents":"s"}]},{"tag":"TypeVar","contents":"a"}]}]}]},{"tag":"TypeApp","contents":[{"tag":"TypeApp","contents":[{"tag":"TypeConstructor","contents":[["Data","Traversable","Accum","Internal"],"StateL"]},{"tag":"TypeVar","contents":"s"}]},{"tag":"TypeVar","contents":"a"}]}]},null]},null]},"edDataCtorFields":[{"Ident":"value0"}]}},{"EDType":{"edTypeName":"StateR","edTypeKind":{"tag":"FunKind","contents":[{"tag":"NamedKind","contents":[["Prim"],"Type"]},{"tag":"FunKind","contents":[{"tag":"NamedKind","contents":[["Prim"],"Type"]},{"tag":"NamedKind","contents":[["Prim"],"Type"]}]}]},"edTypeDeclarationKind":{"DataType":{"args":[["s",{"tag":"NamedKind","contents":[["Prim"],"Type"]}],["a",{"tag":"NamedKind","contents":[["Prim"],"Type"]}]],"ctors":[["StateR",[{"tag":"TypeApp","contents":[{"tag":"TypeApp","contents":[{"tag":"TypeConstructor","contents":[["Prim"],"Function"]},{"tag":"TypeVar","contents":"s"}]},{"tag":"TypeApp","contents":[{"tag":"TypeApp","contents":[{"tag":"TypeConstructor","contents":[["Data","Traversable","Accum"],"Accum"]},{"tag":"TypeVar","contents":"s"}]},{"tag":"TypeVar","contents":"a"}]}]}]]]}}}},{"EDDataConstructor":{"edDataCtorName":"StateR","edDataCtorOrigin":"newtype","edDataCtorTypeCtor":"StateR","edDataCtorType":{"tag":"ForAll","contents":["a",{"tag":"ForAll","contents":["s",{"tag":"TypeApp","contents":[{"tag":"TypeApp","contents":[{"tag":"TypeConstructor","contents":[["Prim"],"Function"]},{"tag":"TypeApp","contents":[{"tag":"TypeApp","contents":[{"tag":"TypeConstructor","contents":[["Prim"],"Function"]},{"tag":"TypeVar","contents":"s"}]},{"tag":"TypeApp","contents":[{"tag":"TypeApp","contents":[{"tag":"TypeConstructor","contents":[["Data","Traversable","Accum"],"Accum"]},{"tag":"TypeVar","contents":"s"}]},{"tag":"TypeVar","contents":"a"}]}]}]},{"tag":"TypeApp","contents":[{"tag":"TypeApp","contents":[{"tag":"TypeConstructor","contents":[["Data","Traversable","Accum","Internal"],"StateR"]},{"tag":"TypeVar","contents":"s"}]},{"tag":"TypeVar","contents":"a"}]}]},null]},null]},"edDataCtorFields":[{"Ident":"value0"}]}},{"EDValue":{"edValueName":{"Ident":"stateL"},"edValueType":{"tag":"ForAll","contents":["a",{"tag":"ForAll","contents":["s",{"tag":"TypeApp","contents":[{"tag":"TypeApp","contents":[{"tag":"TypeConstructor","contents":[["Prim"],"Function"]},{"tag":"TypeApp","contents":[{"tag":"TypeApp","contents":[{"tag":"TypeConstructor","contents":[["Data","Traversable","Accum","Internal"],"StateL"]},{"tag":"TypeVar","contents":"s"}]},{"tag":"TypeVar","contents":"a"}]}]},{"tag":"TypeApp","contents":[{"tag":"TypeApp","contents":[{"tag":"TypeConstructor","contents":[["Prim"],"Function"]},{"tag":"TypeVar","contents":"s"}]},{"tag":"TypeApp","contents":[{"tag":"TypeConstructor","contents":[["Prim"],"Record"]},{"tag":"RCons","contents":["accum",{"tag":"TypeVar","contents":"s"},{"tag":"RCons","contents":["value",{"tag":"TypeVar","contents":"a"},{"tag":"REmpty"}]}]}]}]}]},4]},5]}}},{"EDValue":{"edValueName":{"Ident":"stateR"},"edValueType":{"tag":"ForAll","contents":["a",{"tag":"ForAll","contents":["s",{"tag":"TypeApp","contents":[{"tag":"TypeApp","contents":[{"tag":"TypeConstructor","contents":[["Prim"],"Function"]},{"tag":"TypeApp","contents":[{"tag":"TypeApp","contents":[{"tag":"TypeConstructor","contents":[["Data","Traversable","Accum","Internal"],"StateR"]},{"tag":"TypeVar","contents":"s"}]},{"tag":"TypeVar","contents":"a"}]}]},{"tag":"TypeApp","contents":[{"tag":"TypeApp","contents":[{"tag":"TypeConstructor","contents":[["Prim"],"Function"]},{"tag":"TypeVar","contents":"s"}]},{"tag":"TypeApp","contents":[{"tag":"TypeConstructor","contents":[["Prim"],"Record"]},{"tag":"RCons","contents":["accum",{"tag":"TypeVar","contents":"s"},{"tag":"RCons","contents":["value",{"tag":"TypeVar","contents":"a"},{"tag":"REmpty"}]}]}]}]}]},0]},1]}}},{"EDInstance":{"edInstanceClassName":[["Data","Functor"],"Functor"],"edInstanceName":{"Ident":"functorStateL"},"edInstanceTypes":[{"tag":"TypeApp","contents":[{"tag":"TypeConstructor","contents":[["Data","Traversable","Accum","Internal"],"StateL"]},{"tag":"TypeVar","contents":"s"}]}],"edInstanceConstraints":[]}},{"EDInstance":{"edInstanceClassName":[["Control","Apply"],"Apply"],"edInstanceName":{"Ident":"applyStateL"},"edInstanceTypes":[{"tag":"TypeApp","contents":[{"tag":"TypeConstructor","contents":[["Data","Traversable","Accum","Internal"],"StateL"]},{"tag":"TypeVar","contents":"s"}]}],"edInstanceConstraints":[]}},{"EDInstance":{"edInstanceClassName":[["Control","Applicative"],"Applicative"],"edInstanceName":{"Ident":"applicativeStateL"},"edInstanceTypes":[{"tag":"TypeApp","contents":[{"tag":"TypeConstructor","contents":[["Data","Traversable","Accum","Internal"],"StateL"]},{"tag":"TypeVar","contents":"s"}]}],"edInstanceConstraints":[]}},{"EDInstance":{"edInstanceClassName":[["Data","Functor"],"Functor"],"edInstanceName":{"Ident":"functorStateR"},"edInstanceTypes":[{"tag":"TypeApp","contents":[{"tag":"TypeConstructor","contents":[["Data","Traversable","Accum","Internal"],"StateR"]},{"tag":"TypeVar","contents":"s"}]}],"edInstanceConstraints":[]}},{"EDInstance":{"edInstanceClassName":[["Control","Apply"],"Apply"],"edInstanceName":{"Ident":"applyStateR"},"edInstanceTypes":[{"tag":"TypeApp","contents":[{"tag":"TypeConstructor","contents":[["Data","Traversable","Accum","Internal"],"StateR"]},{"tag":"TypeVar","contents":"s"}]}],"edInstanceConstraints":[]}},{"EDInstance":{"edInstanceClassName":[["Control","Applicative"],"Applicative"],"edInstanceName":{"Ident":"applicativeStateR"},"edInstanceTypes":[{"tag":"TypeApp","contents":[{"tag":"TypeConstructor","contents":[["Data","Traversable","Accum","Internal"],"StateR"]},{"tag":"TypeVar","contents":"s"}]}],"edInstanceConstraints":[]}}],"efSourceSpan":{"start":[1,1],"name":"/home/dhruv/Final/bower_components/purescript-foldable-traversable/src/Data/Traversable/Accum/Internal.purs","end":[44,46]}}