{"efVersion":"0.11.6","efModuleName":["Graphics","Drawing"],"efExports":[{"ReExportRef":[{"start":[1,1],"name":"/home/dhruv/Final/bower_components/purescript-drawing/src/Graphics/Drawing.purs","end":[297,40]},["Color"],{"TypeRef":[{"start":[1,1],"name":"/home/dhruv/Final/bower_components/purescript-drawing/src/Graphics/Drawing.purs","end":[297,40]},"Color",[]]}]},{"ReExportRef":[{"start":[1,1],"name":"/home/dhruv/Final/bower_components/purescript-drawing/src/Graphics/Drawing.purs","end":[297,40]},["Color"],{"TypeRef":[{"start":[1,1],"name":"/home/dhruv/Final/bower_components/purescript-drawing/src/Graphics/Drawing.purs","end":[297,40]},"ColorSpace",["HSL","LCh","Lab","RGB"]]}]},{"TypeRef":[{"start":[1,1],"name":"/home/dhruv/Final/bower_components/purescript-drawing/src/Graphics/Drawing.purs","end":[297,40]},"Drawing",[]]},{"TypeRef":[{"start":[1,1],"name":"/home/dhruv/Final/bower_components/purescript-drawing/src/Graphics/Drawing.purs","end":[297,40]},"FillStyle",[]]},{"ReExportRef":[{"start":[1,1],"name":"/home/dhruv/Final/bower_components/purescript-drawing/src/Graphics/Drawing.purs","end":[297,40]},["Graphics","Drawing","Font"],{"TypeRef":[{"start":[1,1],"name":"/home/dhruv/Final/bower_components/purescript-drawing/src/Graphics/Drawing.purs","end":[297,40]},"Font",[]]}]},{"TypeRef":[{"start":[1,1],"name":"/home/dhruv/Final/bower_components/purescript-drawing/src/Graphics/Drawing.purs","end":[297,40]},"OutlineStyle",[]]},{"TypeRef":[{"start":[1,1],"name":"/home/dhruv/Final/bower_components/purescript-drawing/src/Graphics/Drawing.purs","end":[297,40]},"Point",[]]},{"TypeRef":[{"start":[1,1],"name":"/home/dhruv/Final/bower_components/purescript-drawing/src/Graphics/Drawing.purs","end":[297,40]},"Shadow",[]]},{"TypeRef":[{"start":[1,1],"name":"/home/dhruv/Final/bower_components/purescript-drawing/src/Graphics/Drawing.purs","end":[297,40]},"Shape",[]]},{"ValueRef":[{"start":[1,1],"name":"/home/dhruv/Final/bower_components/purescript-drawing/src/Graphics/Drawing.purs","end":[297,40]},{"Ident":"arc"}]},{"ReExportRef":[{"start":[1,1],"name":"/home/dhruv/Final/bower_components/purescript-drawing/src/Graphics/Drawing.purs","end":[297,40]},["Color"],{"ValueRef":[{"start":[1,1],"name":"/home/dhruv/Final/bower_components/purescript-drawing/src/Graphics/Drawing.purs","end":[297,40]},{"Ident":"black"}]}]},{"ReExportRef":[{"start":[1,1],"name":"/home/dhruv/Final/bower_components/purescript-drawing/src/Graphics/Drawing.purs","end":[297,40]},["Color"],{"ValueRef":[{"start":[1,1],"name":"/home/dhruv/Final/bower_components/purescript-drawing/src/Graphics/Drawing.purs","end":[297,40]},{"Ident":"brightness"}]}]},{"ValueRef":[{"start":[1,1],"name":"/home/dhruv/Final/bower_components/purescript-drawing/src/Graphics/Drawing.purs","end":[297,40]},{"Ident":"circle"}]},{"ValueRef":[{"start":[1,1],"name":"/home/dhruv/Final/bower_components/purescript-drawing/src/Graphics/Drawing.purs","end":[297,40]},{"Ident":"clipped"}]},{"ValueRef":[{"start":[1,1],"name":"/home/dhruv/Final/bower_components/purescript-drawing/src/Graphics/Drawing.purs","end":[297,40]},{"Ident":"closed"}]},{"ReExportRef":[{"start":[1,1],"name":"/home/dhruv/Final/bower_components/purescript-drawing/src/Graphics/Drawing.purs","end":[297,40]},["Color"],{"ValueRef":[{"start":[1,1],"name":"/home/dhruv/Final/bower_components/purescript-drawing/src/Graphics/Drawing.purs","end":[297,40]},{"Ident":"complementary"}]}]},{"ReExportRef":[{"start":[1,1],"name":"/home/dhruv/Final/bower_components/purescript-drawing/src/Graphics/Drawing.purs","end":[297,40]},["Color"],{"ValueRef":[{"start":[1,1],"name":"/home/dhruv/Final/bower_components/purescript-drawing/src/Graphics/Drawing.purs","end":[297,40]},{"Ident":"contrast"}]}]},{"ReExportRef":[{"start":[1,1],"name":"/home/dhruv/Final/bower_components/purescript-drawing/src/Graphics/Drawing.purs","end":[297,40]},["Color"],{"ValueRef":[{"start":[1,1],"name":"/home/dhruv/Final/bower_components/purescript-drawing/src/Graphics/Drawing.purs","end":[297,40]},{"Ident":"cssStringHSLA"}]}]},{"ReExportRef":[{"start":[1,1],"name":"/home/dhruv/Final/bower_components/purescript-drawing/src/Graphics/Drawing.purs","end":[297,40]},["Color"],{"ValueRef":[{"start":[1,1],"name":"/home/dhruv/Final/bower_components/purescript-drawing/src/Graphics/Drawing.purs","end":[297,40]},{"Ident":"cssStringRGBA"}]}]},{"ReExportRef":[{"start":[1,1],"name":"/home/dhruv/Final/bower_components/purescript-drawing/src/Graphics/Drawing.purs","end":[297,40]},["Color"],{"ValueRef":[{"start":[1,1],"name":"/home/dhruv/Final/bower_components/purescript-drawing/src/Graphics/Drawing.purs","end":[297,40]},{"Ident":"darken"}]}]},{"ReExportRef":[{"start":[1,1],"name":"/home/dhruv/Final/bower_components/purescript-drawing/src/Graphics/Drawing.purs","end":[297,40]},["Color"],{"ValueRef":[{"start":[1,1],"name":"/home/dhruv/Final/bower_components/purescript-drawing/src/Graphics/Drawing.purs","end":[297,40]},{"Ident":"desaturate"}]}]},{"ReExportRef":[{"start":[1,1],"name":"/home/dhruv/Final/bower_components/purescript-drawing/src/Graphics/Drawing.purs","end":[297,40]},["Color"],{"ValueRef":[{"start":[1,1],"name":"/home/dhruv/Final/bower_components/purescript-drawing/src/Graphics/Drawing.purs","end":[297,40]},{"Ident":"distance"}]}]},{"ValueRef":[{"start":[1,1],"name":"/home/dhruv/Final/bower_components/purescript-drawing/src/Graphics/Drawing.purs","end":[297,40]},{"Ident":"everywhere"}]},{"ValueRef":[{"start":[1,1],"name":"/home/dhruv/Final/bower_components/purescript-drawing/src/Graphics/Drawing.purs","end":[297,40]},{"Ident":"fillColor"}]},{"ValueRef":[{"start":[1,1],"name":"/home/dhruv/Final/bower_components/purescript-drawing/src/Graphics/Drawing.purs","end":[297,40]},{"Ident":"filled"}]},{"ReExportRef":[{"start":[1,1],"name":"/home/dhruv/Final/bower_components/purescript-drawing/src/Graphics/Drawing.purs","end":[297,40]},["Graphics","Drawing","Font"],{"ValueRef":[{"start":[1,1],"name":"/home/dhruv/Final/bower_components/purescript-drawing/src/Graphics/Drawing.purs","end":[297,40]},{"Ident":"fontString"}]}]},{"ReExportRef":[{"start":[1,1],"name":"/home/dhruv/Final/bower_components/purescript-drawing/src/Graphics/Drawing.purs","end":[297,40]},["Color"],{"ValueRef":[{"start":[1,1],"name":"/home/dhruv/Final/bower_components/purescript-drawing/src/Graphics/Drawing.purs","end":[297,40]},{"Ident":"fromHexString"}]}]},{"ReExportRef":[{"start":[1,1],"name":"/home/dhruv/Final/bower_components/purescript-drawing/src/Graphics/Drawing.purs","end":[297,40]},["Color"],{"ValueRef":[{"start":[1,1],"name":"/home/dhruv/Final/bower_components/purescript-drawing/src/Graphics/Drawing.purs","end":[297,40]},{"Ident":"fromInt"}]}]},{"ReExportRef":[{"start":[1,1],"name":"/home/dhruv/Final/bower_components/purescript-drawing/src/Graphics/Drawing.purs","end":[297,40]},["Color"],{"ValueRef":[{"start":[1,1],"name":"/home/dhruv/Final/bower_components/purescript-drawing/src/Graphics/Drawing.purs","end":[297,40]},{"Ident":"graytone"}]}]},{"ReExportRef":[{"start":[1,1],"name":"/home/dhruv/Final/bower_components/purescript-drawing/src/Graphics/Drawing.purs","end":[297,40]},["Color"],{"ValueRef":[{"start":[1,1],"name":"/home/dhruv/Final/bower_components/purescript-drawing/src/Graphics/Drawing.purs","end":[297,40]},{"Ident":"hsl"}]}]},{"ReExportRef":[{"start":[1,1],"name":"/home/dhruv/Final/bower_components/purescript-drawing/src/Graphics/Drawing.purs","end":[297,40]},["Color"],{"ValueRef":[{"start":[1,1],"name":"/home/dhruv/Final/bower_components/purescript-drawing/src/Graphics/Drawing.purs","end":[297,40]},{"Ident":"hsla"}]}]},{"ReExportRef":[{"start":[1,1],"name":"/home/dhruv/Final/bower_components/purescript-drawing/src/Graphics/Drawing.purs","end":[297,40]},["Color"],{"ValueRef":[{"start":[1,1],"name":"/home/dhruv/Final/bower_components/purescript-drawing/src/Graphics/Drawing.purs","end":[297,40]},{"Ident":"hsv"}]}]},{"ReExportRef":[{"start":[1,1],"name":"/home/dhruv/Final/bower_components/purescript-drawing/src/Graphics/Drawing.purs","end":[297,40]},["Color"],{"ValueRef":[{"start":[1,1],"name":"/home/dhruv/Final/bower_components/purescript-drawing/src/Graphics/Drawing.purs","end":[297,40]},{"Ident":"hsva"}]}]},{"ReExportRef":[{"start":[1,1],"name":"/home/dhruv/Final/bower_components/purescript-drawing/src/Graphics/Drawing.purs","end":[297,40]},["Color"],{"ValueRef":[{"start":[1,1],"name":"/home/dhruv/Final/bower_components/purescript-drawing/src/Graphics/Drawing.purs","end":[297,40]},{"Ident":"isLight"}]}]},{"ReExportRef":[{"start":[1,1],"name":"/home/dhruv/Final/bower_components/purescript-drawing/src/Graphics/Drawing.purs","end":[297,40]},["Color"],{"ValueRef":[{"start":[1,1],"name":"/home/dhruv/Final/bower_components/purescript-drawing/src/Graphics/Drawing.purs","end":[297,40]},{"Ident":"isReadable"}]}]},{"ReExportRef":[{"start":[1,1],"name":"/home/dhruv/Final/bower_components/purescript-drawing/src/Graphics/Drawing.purs","end":[297,40]},["Color"],{"ValueRef":[{"start":[1,1],"name":"/home/dhruv/Final/bower_components/purescript-drawing/src/Graphics/Drawing.purs","end":[297,40]},{"Ident":"lab"}]}]},{"ReExportRef":[{"start":[1,1],"name":"/home/dhruv/Final/bower_components/purescript-drawing/src/Graphics/Drawing.purs","end":[297,40]},["Color"],{"ValueRef":[{"start":[1,1],"name":"/home/dhruv/Final/bower_components/purescript-drawing/src/Graphics/Drawing.purs","end":[297,40]},{"Ident":"lch"}]}]},{"ReExportRef":[{"start":[1,1],"name":"/home/dhruv/Final/bower_components/purescript-drawing/src/Graphics/Drawing.purs","end":[297,40]},["Color"],{"ValueRef":[{"start":[1,1],"name":"/home/dhruv/Final/bower_components/purescript-drawing/src/Graphics/Drawing.purs","end":[297,40]},{"Ident":"lighten"}]}]},{"ValueRef":[{"start":[1,1],"name":"/home/dhruv/Final/bower_components/purescript-drawing/src/Graphics/Drawing.purs","end":[297,40]},{"Ident":"lineWidth"}]},{"ReExportRef":[{"start":[1,1],"name":"/home/dhruv/Final/bower_components/purescript-drawing/src/Graphics/Drawing.purs","end":[297,40]},["Color"],{"ValueRef":[{"start":[1,1],"name":"/home/dhruv/Final/bower_components/purescript-drawing/src/Graphics/Drawing.purs","end":[297,40]},{"Ident":"luminance"}]}]},{"ReExportRef":[{"start":[1,1],"name":"/home/dhruv/Final/bower_components/purescript-drawing/src/Graphics/Drawing.purs","end":[297,40]},["Color"],{"ValueRef":[{"start":[1,1],"name":"/home/dhruv/Final/bower_components/purescript-drawing/src/Graphics/Drawing.purs","end":[297,40]},{"Ident":"mix"}]}]},{"ValueRef":[{"start":[1,1],"name":"/home/dhruv/Final/bower_components/purescript-drawing/src/Graphics/Drawing.purs","end":[297,40]},{"Ident":"outlineColor"}]},{"ValueRef":[{"start":[1,1],"name":"/home/dhruv/Final/bower_components/purescript-drawing/src/Graphics/Drawing.purs","end":[297,40]},{"Ident":"outlined"}]},{"ValueRef":[{"start":[1,1],"name":"/home/dhruv/Final/bower_components/purescript-drawing/src/Graphics/Drawing.purs","end":[297,40]},{"Ident":"path"}]},{"ValueRef":[{"start":[1,1],"name":"/home/dhruv/Final/bower_components/purescript-drawing/src/Graphics/Drawing.purs","end":[297,40]},{"Ident":"rectangle"}]},{"ValueRef":[{"start":[1,1],"name":"/home/dhruv/Final/bower_components/purescript-drawing/src/Graphics/Drawing.purs","end":[297,40]},{"Ident":"render"}]},{"ReExportRef":[{"start":[1,1],"name":"/home/dhruv/Final/bower_components/purescript-drawing/src/Graphics/Drawing.purs","end":[297,40]},["Color"],{"ValueRef":[{"start":[1,1],"name":"/home/dhruv/Final/bower_components/purescript-drawing/src/Graphics/Drawing.purs","end":[297,40]},{"Ident":"rgb"}]}]},{"ReExportRef":[{"start":[1,1],"name":"/home/dhruv/Final/bower_components/purescript-drawing/src/Graphics/Drawing.purs","end":[297,40]},["Color"],{"ValueRef":[{"start":[1,1],"name":"/home/dhruv/Final/bower_components/purescript-drawing/src/Graphics/Drawing.purs","end":[297,40]},{"Ident":"rgb'"}]}]},{"ReExportRef":[{"start":[1,1],"name":"/home/dhruv/Final/bower_components/purescript-drawing/src/Graphics/Drawing.purs","end":[297,40]},["Color"],{"ValueRef":[{"start":[1,1],"name":"/home/dhruv/Final/bower_components/purescript-drawing/src/Graphics/Drawing.purs","end":[297,40]},{"Ident":"rgba"}]}]},{"ReExportRef":[{"start":[1,1],"name":"/home/dhruv/Final/bower_components/purescript-drawing/src/Graphics/Drawing.purs","end":[297,40]},["Color"],{"ValueRef":[{"start":[1,1],"name":"/home/dhruv/Final/bower_components/purescript-drawing/src/Graphics/Drawing.purs","end":[297,40]},{"Ident":"rgba'"}]}]},{"ValueRef":[{"start":[1,1],"name":"/home/dhruv/Final/bower_components/purescript-drawing/src/Graphics/Drawing.purs","end":[297,40]},{"Ident":"rotate"}]},{"ReExportRef":[{"start":[1,1],"name":"/home/dhruv/Final/bower_components/purescript-drawing/src/Graphics/Drawing.purs","end":[297,40]},["Color"],{"ValueRef":[{"start":[1,1],"name":"/home/dhruv/Final/bower_components/purescript-drawing/src/Graphics/Drawing.purs","end":[297,40]},{"Ident":"rotateHue"}]}]},{"ReExportRef":[{"start":[1,1],"name":"/home/dhruv/Final/bower_components/purescript-drawing/src/Graphics/Drawing.purs","end":[297,40]},["Color"],{"ValueRef":[{"start":[1,1],"name":"/home/dhruv/Final/bower_components/purescript-drawing/src/Graphics/Drawing.purs","end":[297,40]},{"Ident":"saturate"}]}]},{"ValueRef":[{"start":[1,1],"name":"/home/dhruv/Final/bower_components/purescript-drawing/src/Graphics/Drawing.purs","end":[297,40]},{"Ident":"scale"}]},{"ValueRef":[{"start":[1,1],"name":"/home/dhruv/Final/bower_components/purescript-drawing/src/Graphics/Drawing.purs","end":[297,40]},{"Ident":"shadow"}]},{"ValueRef":[{"start":[1,1],"name":"/home/dhruv/Final/bower_components/purescript-drawing/src/Graphics/Drawing.purs","end":[297,40]},{"Ident":"shadowBlur"}]},{"ValueRef":[{"start":[1,1],"name":"/home/dhruv/Final/bower_components/purescript-drawing/src/Graphics/Drawing.purs","end":[297,40]},{"Ident":"shadowColor"}]},{"ValueRef":[{"start":[1,1],"name":"/home/dhruv/Final/bower_components/purescript-drawing/src/Graphics/Drawing.purs","end":[297,40]},{"Ident":"shadowOffset"}]},{"ValueRef":[{"start":[1,1],"name":"/home/dhruv/Final/bower_components/purescript-drawing/src/Graphics/Drawing.purs","end":[297,40]},{"Ident":"text"}]},{"ReExportRef":[{"start":[1,1],"name":"/home/dhruv/Final/bower_components/purescript-drawing/src/Graphics/Drawing.purs","end":[297,40]},["Color"],{"ValueRef":[{"start":[1,1],"name":"/home/dhruv/Final/bower_components/purescript-drawing/src/Graphics/Drawing.purs","end":[297,40]},{"Ident":"textColor"}]}]},{"ReExportRef":[{"start":[1,1],"name":"/home/dhruv/Final/bower_components/purescript-drawing/src/Graphics/Drawing.purs","end":[297,40]},["Color"],{"ValueRef":[{"start":[1,1],"name":"/home/dhruv/Final/bower_components/purescript-drawing/src/Graphics/Drawing.purs","end":[297,40]},{"Ident":"toGray"}]}]},{"ReExportRef":[{"start":[1,1],"name":"/home/dhruv/Final/bower_components/purescript-drawing/src/Graphics/Drawing.purs","end":[297,40]},["Color"],{"ValueRef":[{"start":[1,1],"name":"/home/dhruv/Final/bower_components/purescript-drawing/src/Graphics/Drawing.purs","end":[297,40]},{"Ident":"toHSLA"}]}]},{"ReExportRef":[{"start":[1,1],"name":"/home/dhruv/Final/bower_components/purescript-drawing/src/Graphics/Drawing.purs","end":[297,40]},["Color"],{"ValueRef":[{"start":[1,1],"name":"/home/dhruv/Final/bower_components/purescript-drawing/src/Graphics/Drawing.purs","end":[297,40]},{"Ident":"toHSVA"}]}]},{"ReExportRef":[{"start":[1,1],"name":"/home/dhruv/Final/bower_components/purescript-drawing/src/Graphics/Drawing.purs","end":[297,40]},["Color"],{"ValueRef":[{"start":[1,1],"name":"/home/dhruv/Final/bower_components/purescript-drawing/src/Graphics/Drawing.purs","end":[297,40]},{"Ident":"toHexString"}]}]},{"ReExportRef":[{"start":[1,1],"name":"/home/dhruv/Final/bower_components/purescript-drawing/src/Graphics/Drawing.purs","end":[297,40]},["Color"],{"ValueRef":[{"start":[1,1],"name":"/home/dhruv/Final/bower_components/purescript-drawing/src/Graphics/Drawing.purs","end":[297,40]},{"Ident":"toLCh"}]}]},{"ReExportRef":[{"start":[1,1],"name":"/home/dhruv/Final/bower_components/purescript-drawing/src/Graphics/Drawing.purs","end":[297,40]},["Color"],{"ValueRef":[{"start":[1,1],"name":"/home/dhruv/Final/bower_components/purescript-drawing/src/Graphics/Drawing.purs","end":[297,40]},{"Ident":"toLab"}]}]},{"ReExportRef":[{"start":[1,1],"name":"/home/dhruv/Final/bower_components/purescript-drawing/src/Graphics/Drawing.purs","end":[297,40]},["Color"],{"ValueRef":[{"start":[1,1],"name":"/home/dhruv/Final/bower_components/purescript-drawing/src/Graphics/Drawing.purs","end":[297,40]},{"Ident":"toRGBA"}]}]},{"ReExportRef":[{"start":[1,1],"name":"/home/dhruv/Final/bower_components/purescript-drawing/src/Graphics/Drawing.purs","end":[297,40]},["Color"],{"ValueRef":[{"start":[1,1],"name":"/home/dhruv/Final/bower_components/purescript-drawing/src/Graphics/Drawing.purs","end":[297,40]},{"Ident":"toRGBA'"}]}]},{"ReExportRef":[{"start":[1,1],"name":"/home/dhruv/Final/bower_components/purescript-drawing/src/Graphics/Drawing.purs","end":[297,40]},["Color"],{"ValueRef":[{"start":[1,1],"name":"/home/dhruv/Final/bower_components/purescript-drawing/src/Graphics/Drawing.purs","end":[297,40]},{"Ident":"toXYZ"}]}]},{"ValueRef":[{"start":[1,1],"name":"/home/dhruv/Final/bower_components/purescript-drawing/src/Graphics/Drawing.purs","end":[297,40]},{"Ident":"translate"}]},{"ReExportRef":[{"start":[1,1],"name":"/home/dhruv/Final/bower_components/purescript-drawing/src/Graphics/Drawing.purs","end":[297,40]},["Color"],{"ValueRef":[{"start":[1,1],"name":"/home/dhruv/Final/bower_components/purescript-drawing/src/Graphics/Drawing.purs","end":[297,40]},{"Ident":"white"}]}]},{"ReExportRef":[{"start":[1,1],"name":"/home/dhruv/Final/bower_components/purescript-drawing/src/Graphics/Drawing.purs","end":[297,40]},["Color"],{"ValueRef":[{"start":[1,1],"name":"/home/dhruv/Final/bower_components/purescript-drawing/src/Graphics/Drawing.purs","end":[297,40]},{"Ident":"xyz"}]}]},{"ModuleRef":[{"start":[12,5],"name":"/home/dhruv/Final/bower_components/purescript-drawing/src/Graphics/Drawing.purs","end":[12,17]},["Color"]]},{"ModuleRef":[{"start":[13,5],"name":"/home/dhruv/Final/bower_components/purescript-drawing/src/Graphics/Drawing.purs","end":[13,33]},["Graphics","Drawing","Font"]]},{"TypeInstanceRef":[{"start":[0,0],"name":"<generated>","end":[0,0]},{"Ident":"semigroupShape"}]},{"TypeInstanceRef":[{"start":[0,0],"name":"<generated>","end":[0,0]},{"Ident":"monoidShape"}]},{"TypeInstanceRef":[{"start":[0,0],"name":"<generated>","end":[0,0]},{"Ident":"eqShape"}]},{"TypeInstanceRef":[{"start":[0,0],"name":"<generated>","end":[0,0]},{"Ident":"semigroupFillStyle"}]},{"TypeInstanceRef":[{"start":[0,0],"name":"<generated>","end":[0,0]},{"Ident":"monoidFillStyle"}]},{"TypeInstanceRef":[{"start":[0,0],"name":"<generated>","end":[0,0]},{"Ident":"eqFillStyle"}]},{"TypeInstanceRef":[{"start":[0,0],"name":"<generated>","end":[0,0]},{"Ident":"semigroupOutlineStyle"}]},{"TypeInstanceRef":[{"start":[0,0],"name":"<generated>","end":[0,0]},{"Ident":"monoidOutlineStyle"}]},{"TypeInstanceRef":[{"start":[0,0],"name":"<generated>","end":[0,0]},{"Ident":"eqOutlineStyle"}]},{"TypeInstanceRef":[{"start":[0,0],"name":"<generated>","end":[0,0]},{"Ident":"eqShadow"}]},{"TypeInstanceRef":[{"start":[0,0],"name":"<generated>","end":[0,0]},{"Ident":"semigroupShadow"}]},{"TypeInstanceRef":[{"start":[0,0],"name":"<generated>","end":[0,0]},{"Ident":"monoidShadow"}]},{"TypeInstanceRef":[{"start":[0,0],"name":"<generated>","end":[0,0]},{"Ident":"semigroupDrawing"}]},{"TypeInstanceRef":[{"start":[0,0],"name":"<generated>","end":[0,0]},{"Ident":"monoidDrawing"}]},{"TypeInstanceRef":[{"start":[0,0],"name":"<generated>","end":[0,0]},{"Ident":"eqDrawing"}]}],"efImports":[{"eiModule":["Prim"],"eiImportType":{"Implicit":[]},"eiImportedAs":null},{"eiModule":["Prim"],"eiImportType":{"Implicit":[]},"eiImportedAs":["Prim"]},{"eiModule":["Prelude"],"eiImportType":{"Explicit":[{"TypeClassRef":[{"start":[16,17],"name":"/home/dhruv/Final/bower_components/purescript-drawing/src/Graphics/Drawing.purs","end":[16,25]},"Eq"]},{"TypeClassRef":[{"start":[16,27],"name":"/home/dhruv/Final/bower_components/purescript-drawing/src/Graphics/Drawing.purs","end":[16,42]},"Semigroup"]},{"TypeRef":[{"start":[16,44],"name":"/home/dhruv/Final/bower_components/purescript-drawing/src/Graphics/Drawing.purs","end":[16,48]},"Unit",[]]},{"ValueRef":[{"start":[16,50],"name":"/home/dhruv/Final/bower_components/purescript-drawing/src/Graphics/Drawing.purs","end":[16,54]},{"Ident":"void"}]},{"ValueRef":[{"start":[16,56],"name":"/home/dhruv/Final/bower_components/purescript-drawing/src/Graphics/Drawing.purs","end":[16,60]},{"Ident":"when"}]},{"ValueRef":[{"start":[16,62],"name":"/home/dhruv/Final/bower_components/purescript-drawing/src/Graphics/Drawing.purs","end":[16,66]},{"Ident":"bind"}]},{"ValueRef":[{"start":[16,68],"name":"/home/dhruv/Final/bower_components/purescript-drawing/src/Graphics/Drawing.purs","end":[16,72]},{"Ident":"unit"}]},{"ValueRef":[{"start":[16,74],"name":"/home/dhruv/Final/bower_components/purescript-drawing/src/Graphics/Drawing.purs","end":[16,78]},{"Ident":"pure"}]},{"ValueRef":[{"start":[17,17],"name":"/home/dhruv/Final/bower_components/purescript-drawing/src/Graphics/Drawing.purs","end":[17,24]},{"Ident":"discard"}]},{"ValueRef":[{"start":[17,26],"name":"/home/dhruv/Final/bower_components/purescript-drawing/src/Graphics/Drawing.purs","end":[17,29]},{"Ident":"map"}]},{"ValueRef":[{"start":[17,31],"name":"/home/dhruv/Final/bower_components/purescript-drawing/src/Graphics/Drawing.purs","end":[17,35]},{"Ident":"flip"}]},{"ValueOpRef":[{"start":[17,37],"name":"/home/dhruv/Final/bower_components/purescript-drawing/src/Graphics/Drawing.purs","end":[17,40]},"*"]},{"ValueOpRef":[{"start":[17,42],"name":"/home/dhruv/Final/bower_components/purescript-drawing/src/Graphics/Drawing.purs","end":[17,45]},"$"]},{"ValueOpRef":[{"start":[17,47],"name":"/home/dhruv/Final/bower_components/purescript-drawing/src/Graphics/Drawing.purs","end":[17,51]},"=="]},{"ValueOpRef":[{"start":[17,53],"name":"/home/dhruv/Final/bower_components/purescript-drawing/src/Graphics/Drawing.purs","end":[17,57]},"&&"]},{"ValueOpRef":[{"start":[17,59],"name":"/home/dhruv/Final/bower_components/purescript-drawing/src/Graphics/Drawing.purs","end":[17,63]},"<>"]},{"ValueOpRef":[{"start":[17,65],"name":"/home/dhruv/Final/bower_components/purescript-drawing/src/Graphics/Drawing.purs","end":[17,70]},"<<<"]}]},"eiImportedAs":null},{"eiModule":["Color"],"eiImportType":{"Implicit":[]},"eiImportedAs":null},{"eiModule":["Control","Alt"],"eiImportType":{"Explicit":[{"ValueOpRef":[{"start":[20,21],"name":"/home/dhruv/Final/bower_components/purescript-drawing/src/Graphics/Drawing.purs","end":[20,26]},"<|>"]}]},"eiImportedAs":null},{"eiModule":["Control","Monad","Eff"],"eiImportType":{"Explicit":[{"TypeRef":[{"start":[21,27],"name":"/home/dhruv/Final/bower_components/purescript-drawing/src/Graphics/Drawing.purs","end":[21,30]},"Eff",[]]}]},"eiImportedAs":null},{"eiModule":["Data","Foldable"],"eiImportType":{"Explicit":[{"TypeClassRef":[{"start":[22,23],"name":"/home/dhruv/Final/bower_components/purescript-drawing/src/Graphics/Drawing.purs","end":[22,37]},"Foldable"]},{"ValueRef":[{"start":[22,39],"name":"/home/dhruv/Final/bower_components/purescript-drawing/src/Graphics/Drawing.purs","end":[22,43]},{"Ident":"for_"}]}]},"eiImportedAs":null},{"eiModule":["Data","List"],"eiImportType":{"Explicit":[{"TypeRef":[{"start":[23,19],"name":"/home/dhruv/Final/bower_components/purescript-drawing/src/Graphics/Drawing.purs","end":[23,27]},"List",null]},{"ValueRef":[{"start":[23,29],"name":"/home/dhruv/Final/bower_components/purescript-drawing/src/Graphics/Drawing.purs","end":[23,38]},{"Ident":"singleton"}]},{"ValueOpRef":[{"start":[23,40],"name":"/home/dhruv/Final/bower_components/purescript-drawing/src/Graphics/Drawing.purs","end":[23,43]},":"]},{"ValueRef":[{"start":[23,45],"name":"/home/dhruv/Final/bower_components/purescript-drawing/src/Graphics/Drawing.purs","end":[23,57]},{"Ident":"fromFoldable"}]}]},"eiImportedAs":null},{"eiModule":["Data","Maybe"],"eiImportType":{"Explicit":[{"TypeRef":[{"start":[24,20],"name":"/home/dhruv/Final/bower_components/purescript-drawing/src/Graphics/Drawing.purs","end":[24,29]},"Maybe",null]},{"ValueRef":[{"start":[24,31],"name":"/home/dhruv/Final/bower_components/purescript-drawing/src/Graphics/Drawing.purs","end":[24,36]},{"Ident":"maybe"}]},{"ValueRef":[{"start":[24,38],"name":"/home/dhruv/Final/bower_components/purescript-drawing/src/Graphics/Drawing.purs","end":[24,47]},{"Ident":"isNothing"}]}]},"eiImportedAs":null},{"eiModule":["Data","Monoid"],"eiImportType":{"Explicit":[{"TypeClassRef":[{"start":[25,21],"name":"/home/dhruv/Final/bower_components/purescript-drawing/src/Graphics/Drawing.purs","end":[25,33]},"Monoid"]},{"ValueRef":[{"start":[25,35],"name":"/home/dhruv/Final/bower_components/purescript-drawing/src/Graphics/Drawing.purs","end":[25,41]},{"Ident":"mempty"}]}]},"eiImportedAs":null},{"eiModule":["Graphics","Canvas"],"eiImportType":{"Implicit":[]},"eiImportedAs":["Canvas"]},{"eiModule":["Graphics","Drawing","Font"],"eiImportType":{"Explicit":[{"TypeRef":[{"start":[27,31],"name":"/home/dhruv/Final/bower_components/purescript-drawing/src/Graphics/Drawing.purs","end":[27,37]},"Font",[]]},{"ValueRef":[{"start":[27,39],"name":"/home/dhruv/Final/bower_components/purescript-drawing/src/Graphics/Drawing.purs","end":[27,49]},{"Ident":"fontString"}]}]},"eiImportedAs":null},{"eiModule":["Math"],"eiImportType":{"Explicit":[{"ValueRef":[{"start":[28,14],"name":"/home/dhruv/Final/bower_components/purescript-drawing/src/Graphics/Drawing.purs","end":[28,16]},{"Ident":"pi"}]}]},"eiImportedAs":null}],"efFixities":[],"efTypeFixities":[],"efDeclarations":[{"EDType":{"edTypeName":"Drawing","edTypeKind":{"tag":"NamedKind","contents":[["Prim"],"Type"]},"edTypeDeclarationKind":{"DataType":{"args":[],"ctors":[["Fill",[{"tag":"TypeConstructor","contents":[["Graphics","Drawing"],"Shape"]},{"tag":"TypeConstructor","contents":[["Graphics","Drawing"],"FillStyle"]}]],["Outline",[{"tag":"TypeConstructor","contents":[["Graphics","Drawing"],"Shape"]},{"tag":"TypeConstructor","contents":[["Graphics","Drawing"],"OutlineStyle"]}]],["Text",[{"tag":"TypeConstructor","contents":[["Graphics","Drawing","Font"],"Font"]},{"tag":"TypeConstructor","contents":[["Prim"],"Number"]},{"tag":"TypeConstructor","contents":[["Prim"],"Number"]},{"tag":"TypeConstructor","contents":[["Graphics","Drawing"],"FillStyle"]},{"tag":"TypeConstructor","contents":[["Prim"],"String"]}]],["Many",[{"tag":"TypeApp","contents":[{"tag":"TypeConstructor","contents":[["Data","List","Types"],"List"]},{"tag":"TypeConstructor","contents":[["Graphics","Drawing"],"Drawing"]}]}]],["Scale",[{"tag":"TypeApp","contents":[{"tag":"TypeConstructor","contents":[["Prim"],"Record"]},{"tag":"RCons","contents":["scaleX",{"tag":"TypeConstructor","contents":[["Prim"],"Number"]},{"tag":"RCons","contents":["scaleY",{"tag":"TypeConstructor","contents":[["Prim"],"Number"]},{"tag":"REmpty"}]}]}]},{"tag":"TypeConstructor","contents":[["Graphics","Drawing"],"Drawing"]}]],["Translate",[{"tag":"TypeApp","contents":[{"tag":"TypeConstructor","contents":[["Prim"],"Record"]},{"tag":"RCons","contents":["translateX",{"tag":"TypeConstructor","contents":[["Prim"],"Number"]},{"tag":"RCons","contents":["translateY",{"tag":"TypeConstructor","contents":[["Prim"],"Number"]},{"tag":"REmpty"}]}]}]},{"tag":"TypeConstructor","contents":[["Graphics","Drawing"],"Drawing"]}]],["Rotate",[{"tag":"TypeConstructor","contents":[["Prim"],"Number"]},{"tag":"TypeConstructor","contents":[["Graphics","Drawing"],"Drawing"]}]],["Clipped",[{"tag":"TypeConstructor","contents":[["Graphics","Drawing"],"Shape"]},{"tag":"TypeConstructor","contents":[["Graphics","Drawing"],"Drawing"]}]],["WithShadow",[{"tag":"TypeConstructor","contents":[["Graphics","Drawing"],"Shadow"]},{"tag":"TypeConstructor","contents":[["Graphics","Drawing"],"Drawing"]}]]]}}}},{"EDType":{"edTypeName":"FillStyle","edTypeKind":{"tag":"NamedKind","contents":[["Prim"],"Type"]},"edTypeDeclarationKind":{"DataType":{"args":[],"ctors":[["FillStyle",[{"tag":"TypeApp","contents":[{"tag":"TypeConstructor","contents":[["Prim"],"Record"]},{"tag":"RCons","contents":["color",{"tag":"TypeApp","contents":[{"tag":"TypeConstructor","contents":[["Data","Maybe"],"Maybe"]},{"tag":"TypeConstructor","contents":[["Color"],"Color"]}]},{"tag":"REmpty"}]}]}]]]}}}},{"EDType":{"edTypeName":"OutlineStyle","edTypeKind":{"tag":"NamedKind","contents":[["Prim"],"Type"]},"edTypeDeclarationKind":{"DataType":{"args":[],"ctors":[["OutlineStyle",[{"tag":"TypeApp","contents":[{"tag":"TypeConstructor","contents":[["Prim"],"Record"]},{"tag":"RCons","contents":["color",{"tag":"TypeApp","contents":[{"tag":"TypeConstructor","contents":[["Data","Maybe"],"Maybe"]},{"tag":"TypeConstructor","contents":[["Color"],"Color"]}]},{"tag":"RCons","contents":["lineWidth",{"tag":"TypeApp","contents":[{"tag":"TypeConstructor","contents":[["Data","Maybe"],"Maybe"]},{"tag":"TypeConstructor","contents":[["Prim"],"Number"]}]},{"tag":"REmpty"}]}]}]}]]]}}}},{"EDType":{"edTypeName":"Point","edTypeKind":{"tag":"NamedKind","contents":[["Prim"],"Type"]},"edTypeDeclarationKind":"TypeSynonym"}},{"EDTypeSynonym":{"edTypeSynonymName":"Point","edTypeSynonymArguments":[],"edTypeSynonymType":{"tag":"TypeApp","contents":[{"tag":"TypeConstructor","contents":[["Prim"],"Record"]},{"tag":"RCons","contents":["x",{"tag":"TypeConstructor","contents":[["Prim"],"Number"]},{"tag":"RCons","contents":["y",{"tag":"TypeConstructor","contents":[["Prim"],"Number"]},{"tag":"REmpty"}]}]}]}}},{"EDType":{"edTypeName":"Shadow","edTypeKind":{"tag":"NamedKind","contents":[["Prim"],"Type"]},"edTypeDeclarationKind":{"DataType":{"args":[],"ctors":[["Shadow",[{"tag":"TypeApp","contents":[{"tag":"TypeConstructor","contents":[["Prim"],"Record"]},{"tag":"RCons","contents":["color",{"tag":"TypeApp","contents":[{"tag":"TypeConstructor","contents":[["Data","Maybe"],"Maybe"]},{"tag":"TypeConstructor","contents":[["Color"],"Color"]}]},{"tag":"RCons","contents":["blur",{"tag":"TypeApp","contents":[{"tag":"TypeConstructor","contents":[["Data","Maybe"],"Maybe"]},{"tag":"TypeConstructor","contents":[["Prim"],"Number"]}]},{"tag":"RCons","contents":["offset",{"tag":"TypeApp","contents":[{"tag":"TypeConstructor","contents":[["Data","Maybe"],"Maybe"]},{"tag":"TypeApp","contents":[{"tag":"TypeConstructor","contents":[["Prim"],"Record"]},{"tag":"RCons","contents":["x",{"tag":"TypeConstructor","contents":[["Prim"],"Number"]},{"tag":"RCons","contents":["y",{"tag":"TypeConstructor","contents":[["Prim"],"Number"]},{"tag":"REmpty"}]}]}]}]},{"tag":"REmpty"}]}]}]}]}]]]}}}},{"EDType":{"edTypeName":"Shape","edTypeKind":{"tag":"NamedKind","contents":[["Prim"],"Type"]},"edTypeDeclarationKind":{"DataType":{"args":[],"ctors":[["Path",[{"tag":"TypeConstructor","contents":[["Prim"],"Boolean"]},{"tag":"TypeApp","contents":[{"tag":"TypeConstructor","contents":[["Data","List","Types"],"List"]},{"tag":"TypeConstructor","contents":[["Graphics","Drawing"],"Point"]}]}]],["Rectangle",[{"tag":"TypeApp","contents":[{"tag":"TypeConstructor","contents":[["Prim"],"Record"]},{"tag":"RCons","contents":["x",{"tag":"TypeConstructor","contents":[["Prim"],"Number"]},{"tag":"RCons","contents":["y",{"tag":"TypeConstructor","contents":[["Prim"],"Number"]},{"tag":"RCons","contents":["w",{"tag":"TypeConstructor","contents":[["Prim"],"Number"]},{"tag":"RCons","contents":["h",{"tag":"TypeConstructor","contents":[["Prim"],"Number"]},{"tag":"REmpty"}]}]}]}]}]}]],["Arc",[{"tag":"TypeApp","contents":[{"tag":"TypeConstructor","contents":[["Prim"],"Record"]},{"tag":"RCons","contents":["x",{"tag":"TypeConstructor","contents":[["Prim"],"Number"]},{"tag":"RCons","contents":["y",{"tag":"TypeConstructor","contents":[["Prim"],"Number"]},{"tag":"RCons","contents":["start",{"tag":"TypeConstructor","contents":[["Prim"],"Number"]},{"tag":"RCons","contents":["end",{"tag":"TypeConstructor","contents":[["Prim"],"Number"]},{"tag":"RCons","contents":["r",{"tag":"TypeConstructor","contents":[["Prim"],"Number"]},{"tag":"REmpty"}]}]}]}]}]}]}]],["Composite",[{"tag":"TypeApp","contents":[{"tag":"TypeConstructor","contents":[["Data","List","Types"],"List"]},{"tag":"TypeConstructor","contents":[["Graphics","Drawing"],"Shape"]}]}]]]}}}},{"EDValue":{"edValueName":{"Ident":"arc"},"edValueType":{"tag":"TypeApp","contents":[{"tag":"TypeApp","contents":[{"tag":"TypeConstructor","contents":[["Prim"],"Function"]},{"tag":"TypeConstructor","contents":[["Prim"],"Number"]}]},{"tag":"TypeApp","contents":[{"tag":"TypeApp","contents":[{"tag":"TypeConstructor","contents":[["Prim"],"Function"]},{"tag":"TypeConstructor","contents":[["Prim"],"Number"]}]},{"tag":"TypeApp","contents":[{"tag":"TypeApp","contents":[{"tag":"TypeConstructor","contents":[["Prim"],"Function"]},{"tag":"TypeConstructor","contents":[["Prim"],"Number"]}]},{"tag":"TypeApp","contents":[{"tag":"TypeApp","contents":[{"tag":"TypeConstructor","contents":[["Prim"],"Function"]},{"tag":"TypeConstructor","contents":[["Prim"],"Number"]}]},{"tag":"TypeApp","contents":[{"tag":"TypeApp","contents":[{"tag":"TypeConstructor","contents":[["Prim"],"Function"]},{"tag":"TypeConstructor","contents":[["Prim"],"Number"]}]},{"tag":"TypeConstructor","contents":[["Graphics","Drawing"],"Shape"]}]}]}]}]}]}}},{"EDValue":{"edValueName":{"Ident":"circle"},"edValueType":{"tag":"TypeApp","contents":[{"tag":"TypeApp","contents":[{"tag":"TypeConstructor","contents":[["Prim"],"Function"]},{"tag":"TypeConstructor","contents":[["Prim"],"Number"]}]},{"tag":"TypeApp","contents":[{"tag":"TypeApp","contents":[{"tag":"TypeConstructor","contents":[["Prim"],"Function"]},{"tag":"TypeConstructor","contents":[["Prim"],"Number"]}]},{"tag":"TypeApp","contents":[{"tag":"TypeApp","contents":[{"tag":"TypeConstructor","contents":[["Prim"],"Function"]},{"tag":"TypeConstructor","contents":[["Prim"],"Number"]}]},{"tag":"TypeConstructor","contents":[["Graphics","Drawing"],"Shape"]}]}]}]}}},{"EDValue":{"edValueName":{"Ident":"clipped"},"edValueType":{"tag":"TypeApp","contents":[{"tag":"TypeApp","contents":[{"tag":"TypeConstructor","contents":[["Prim"],"Function"]},{"tag":"TypeConstructor","contents":[["Graphics","Drawing"],"Shape"]}]},{"tag":"TypeApp","contents":[{"tag":"TypeApp","contents":[{"tag":"TypeConstructor","contents":[["Prim"],"Function"]},{"tag":"TypeConstructor","contents":[["Graphics","Drawing"],"Drawing"]}]},{"tag":"TypeConstructor","contents":[["Graphics","Drawing"],"Drawing"]}]}]}}},{"EDValue":{"edValueName":{"Ident":"closed"},"edValueType":{"tag":"ForAll","contents":["f",{"tag":"ConstrainedType","contents":[{"constraintClass":[["Data","Foldable"],"Foldable"],"constraintArgs":[{"tag":"TypeVar","contents":"f"}],"constraintData":null},{"tag":"TypeApp","contents":[{"tag":"TypeApp","contents":[{"tag":"TypeConstructor","contents":[["Prim"],"Function"]},{"tag":"TypeApp","contents":[{"tag":"TypeVar","contents":"f"},{"tag":"TypeApp","contents":[{"tag":"TypeConstructor","contents":[["Prim"],"Record"]},{"tag":"RCons","contents":["x",{"tag":"TypeConstructor","contents":[["Prim"],"Number"]},{"tag":"RCons","contents":["y",{"tag":"TypeConstructor","contents":[["Prim"],"Number"]},{"tag":"REmpty"}]}]}]}]}]},{"tag":"TypeConstructor","contents":[["Graphics","Drawing"],"Shape"]}]}]},38]}}},{"EDValue":{"edValueName":{"Ident":"everywhere"},"edValueType":{"tag":"TypeApp","contents":[{"tag":"TypeApp","contents":[{"tag":"TypeConstructor","contents":[["Prim"],"Function"]},{"tag":"TypeApp","contents":[{"tag":"TypeApp","contents":[{"tag":"TypeConstructor","contents":[["Prim"],"Function"]},{"tag":"TypeConstructor","contents":[["Graphics","Drawing"],"Drawing"]}]},{"tag":"TypeConstructor","contents":[["Graphics","Drawing"],"Drawing"]}]}]},{"tag":"TypeApp","contents":[{"tag":"TypeApp","contents":[{"tag":"TypeConstructor","contents":[["Prim"],"Function"]},{"tag":"TypeConstructor","contents":[["Graphics","Drawing"],"Drawing"]}]},{"tag":"TypeConstructor","contents":[["Graphics","Drawing"],"Drawing"]}]}]}}},{"EDValue":{"edValueName":{"Ident":"fillColor"},"edValueType":{"tag":"TypeApp","contents":[{"tag":"TypeApp","contents":[{"tag":"TypeConstructor","contents":[["Prim"],"Function"]},{"tag":"TypeConstructor","contents":[["Color"],"Color"]}]},{"tag":"TypeConstructor","contents":[["Graphics","Drawing"],"FillStyle"]}]}}},{"EDValue":{"edValueName":{"Ident":"filled"},"edValueType":{"tag":"TypeApp","contents":[{"tag":"TypeApp","contents":[{"tag":"TypeConstructor","contents":[["Prim"],"Function"]},{"tag":"TypeConstructor","contents":[["Graphics","Drawing"],"FillStyle"]}]},{"tag":"TypeApp","contents":[{"tag":"TypeApp","contents":[{"tag":"TypeConstructor","contents":[["Prim"],"Function"]},{"tag":"TypeConstructor","contents":[["Graphics","Drawing"],"Shape"]}]},{"tag":"TypeConstructor","contents":[["Graphics","Drawing"],"Drawing"]}]}]}}},{"EDValue":{"edValueName":{"Ident":"lineWidth"},"edValueType":{"tag":"TypeApp","contents":[{"tag":"TypeApp","contents":[{"tag":"TypeConstructor","contents":[["Prim"],"Function"]},{"tag":"TypeConstructor","contents":[["Prim"],"Number"]}]},{"tag":"TypeConstructor","contents":[["Graphics","Drawing"],"OutlineStyle"]}]}}},{"EDValue":{"edValueName":{"Ident":"outlineColor"},"edValueType":{"tag":"TypeApp","contents":[{"tag":"TypeApp","contents":[{"tag":"TypeConstructor","contents":[["Prim"],"Function"]},{"tag":"TypeConstructor","contents":[["Color"],"Color"]}]},{"tag":"TypeConstructor","contents":[["Graphics","Drawing"],"OutlineStyle"]}]}}},{"EDValue":{"edValueName":{"Ident":"outlined"},"edValueType":{"tag":"TypeApp","contents":[{"tag":"TypeApp","contents":[{"tag":"TypeConstructor","contents":[["Prim"],"Function"]},{"tag":"TypeConstructor","contents":[["Graphics","Drawing"],"OutlineStyle"]}]},{"tag":"TypeApp","contents":[{"tag":"TypeApp","contents":[{"tag":"TypeConstructor","contents":[["Prim"],"Function"]},{"tag":"TypeConstructor","contents":[["Graphics","Drawing"],"Shape"]}]},{"tag":"TypeConstructor","contents":[["Graphics","Drawing"],"Drawing"]}]}]}}},{"EDValue":{"edValueName":{"Ident":"path"},"edValueType":{"tag":"ForAll","contents":["f",{"tag":"ConstrainedType","contents":[{"constraintClass":[["Data","Foldable"],"Foldable"],"constraintArgs":[{"tag":"TypeVar","contents":"f"}],"constraintData":null},{"tag":"TypeApp","contents":[{"tag":"TypeApp","contents":[{"tag":"TypeConstructor","contents":[["Prim"],"Function"]},{"tag":"TypeApp","contents":[{"tag":"TypeVar","contents":"f"},{"tag":"TypeApp","contents":[{"tag":"TypeConstructor","contents":[["Prim"],"Record"]},{"tag":"RCons","contents":["x",{"tag":"TypeConstructor","contents":[["Prim"],"Number"]},{"tag":"RCons","contents":["y",{"tag":"TypeConstructor","contents":[["Prim"],"Number"]},{"tag":"REmpty"}]}]}]}]}]},{"tag":"TypeConstructor","contents":[["Graphics","Drawing"],"Shape"]}]}]},28]}}},{"EDValue":{"edValueName":{"Ident":"rectangle"},"edValueType":{"tag":"TypeApp","contents":[{"tag":"TypeApp","contents":[{"tag":"TypeConstructor","contents":[["Prim"],"Function"]},{"tag":"TypeConstructor","contents":[["Prim"],"Number"]}]},{"tag":"TypeApp","contents":[{"tag":"TypeApp","contents":[{"tag":"TypeConstructor","contents":[["Prim"],"Function"]},{"tag":"TypeConstructor","contents":[["Prim"],"Number"]}]},{"tag":"TypeApp","contents":[{"tag":"TypeApp","contents":[{"tag":"TypeConstructor","contents":[["Prim"],"Function"]},{"tag":"TypeConstructor","contents":[["Prim"],"Number"]}]},{"tag":"TypeApp","contents":[{"tag":"TypeApp","contents":[{"tag":"TypeConstructor","contents":[["Prim"],"Function"]},{"tag":"TypeConstructor","contents":[["Prim"],"Number"]}]},{"tag":"TypeConstructor","contents":[["Graphics","Drawing"],"Shape"]}]}]}]}]}}},{"EDValue":{"edValueName":{"Ident":"render"},"edValueType":{"tag":"ForAll","contents":["eff",{"tag":"TypeApp","contents":[{"tag":"TypeApp","contents":[{"tag":"TypeConstructor","contents":[["Prim"],"Function"]},{"tag":"TypeConstructor","contents":[["Graphics","Canvas"],"Context2D"]}]},{"tag":"TypeApp","contents":[{"tag":"TypeApp","contents":[{"tag":"TypeConstructor","contents":[["Prim"],"Function"]},{"tag":"TypeConstructor","contents":[["Graphics","Drawing"],"Drawing"]}]},{"tag":"TypeApp","contents":[{"tag":"TypeApp","contents":[{"tag":"TypeConstructor","contents":[["Control","Monad","Eff"],"Eff"]},{"tag":"RCons","contents":["canvas",{"tag":"TypeConstructor","contents":[["Graphics","Canvas"],"CANVAS"]},{"tag":"TypeVar","contents":"eff"}]}]},{"tag":"TypeConstructor","contents":[["Data","Unit"],"Unit"]}]}]}]},8]}}},{"EDValue":{"edValueName":{"Ident":"rotate"},"edValueType":{"tag":"TypeApp","contents":[{"tag":"TypeApp","contents":[{"tag":"TypeConstructor","contents":[["Prim"],"Function"]},{"tag":"TypeConstructor","contents":[["Prim"],"Number"]}]},{"tag":"TypeApp","contents":[{"tag":"TypeApp","contents":[{"tag":"TypeConstructor","contents":[["Prim"],"Function"]},{"tag":"TypeConstructor","contents":[["Graphics","Drawing"],"Drawing"]}]},{"tag":"TypeConstructor","contents":[["Graphics","Drawing"],"Drawing"]}]}]}}},{"EDValue":{"edValueName":{"Ident":"scale"},"edValueType":{"tag":"TypeApp","contents":[{"tag":"TypeApp","contents":[{"tag":"TypeConstructor","contents":[["Prim"],"Function"]},{"tag":"TypeConstructor","contents":[["Prim"],"Number"]}]},{"tag":"TypeApp","contents":[{"tag":"TypeApp","contents":[{"tag":"TypeConstructor","contents":[["Prim"],"Function"]},{"tag":"TypeConstructor","contents":[["Prim"],"Number"]}]},{"tag":"TypeApp","contents":[{"tag":"TypeApp","contents":[{"tag":"TypeConstructor","contents":[["Prim"],"Function"]},{"tag":"TypeConstructor","contents":[["Graphics","Drawing"],"Drawing"]}]},{"tag":"TypeConstructor","contents":[["Graphics","Drawing"],"Drawing"]}]}]}]}}},{"EDValue":{"edValueName":{"Ident":"shadow"},"edValueType":{"tag":"TypeApp","contents":[{"tag":"TypeApp","contents":[{"tag":"TypeConstructor","contents":[["Prim"],"Function"]},{"tag":"TypeConstructor","contents":[["Graphics","Drawing"],"Shadow"]}]},{"tag":"TypeApp","contents":[{"tag":"TypeApp","contents":[{"tag":"TypeConstructor","contents":[["Prim"],"Function"]},{"tag":"TypeConstructor","contents":[["Graphics","Drawing"],"Drawing"]}]},{"tag":"TypeConstructor","contents":[["Graphics","Drawing"],"Drawing"]}]}]}}},{"EDValue":{"edValueName":{"Ident":"shadowBlur"},"edValueType":{"tag":"TypeApp","contents":[{"tag":"TypeApp","contents":[{"tag":"TypeConstructor","contents":[["Prim"],"Function"]},{"tag":"TypeConstructor","contents":[["Prim"],"Number"]}]},{"tag":"TypeConstructor","contents":[["Graphics","Drawing"],"Shadow"]}]}}},{"EDValue":{"edValueName":{"Ident":"shadowColor"},"edValueType":{"tag":"TypeApp","contents":[{"tag":"TypeApp","contents":[{"tag":"TypeConstructor","contents":[["Prim"],"Function"]},{"tag":"TypeConstructor","contents":[["Color"],"Color"]}]},{"tag":"TypeConstructor","contents":[["Graphics","Drawing"],"Shadow"]}]}}},{"EDValue":{"edValueName":{"Ident":"shadowOffset"},"edValueType":{"tag":"TypeApp","contents":[{"tag":"TypeApp","contents":[{"tag":"TypeConstructor","contents":[["Prim"],"Function"]},{"tag":"TypeConstructor","contents":[["Prim"],"Number"]}]},{"tag":"TypeApp","contents":[{"tag":"TypeApp","contents":[{"tag":"TypeConstructor","contents":[["Prim"],"Function"]},{"tag":"TypeConstructor","contents":[["Prim"],"Number"]}]},{"tag":"TypeConstructor","contents":[["Graphics","Drawing"],"Shadow"]}]}]}}},{"EDValue":{"edValueName":{"Ident":"text"},"edValueType":{"tag":"TypeApp","contents":[{"tag":"TypeApp","contents":[{"tag":"TypeConstructor","contents":[["Prim"],"Function"]},{"tag":"TypeConstructor","contents":[["Graphics","Drawing","Font"],"Font"]}]},{"tag":"TypeApp","contents":[{"tag":"TypeApp","contents":[{"tag":"TypeConstructor","contents":[["Prim"],"Function"]},{"tag":"TypeConstructor","contents":[["Prim"],"Number"]}]},{"tag":"TypeApp","contents":[{"tag":"TypeApp","contents":[{"tag":"TypeConstructor","contents":[["Prim"],"Function"]},{"tag":"TypeConstructor","contents":[["Prim"],"Number"]}]},{"tag":"TypeApp","contents":[{"tag":"TypeApp","contents":[{"tag":"TypeConstructor","contents":[["Prim"],"Function"]},{"tag":"TypeConstructor","contents":[["Graphics","Drawing"],"FillStyle"]}]},{"tag":"TypeApp","contents":[{"tag":"TypeApp","contents":[{"tag":"TypeConstructor","contents":[["Prim"],"Function"]},{"tag":"TypeConstructor","contents":[["Prim"],"String"]}]},{"tag":"TypeConstructor","contents":[["Graphics","Drawing"],"Drawing"]}]}]}]}]}]}}},{"EDValue":{"edValueName":{"Ident":"translate"},"edValueType":{"tag":"TypeApp","contents":[{"tag":"TypeApp","contents":[{"tag":"TypeConstructor","contents":[["Prim"],"Function"]},{"tag":"TypeConstructor","contents":[["Prim"],"Number"]}]},{"tag":"TypeApp","contents":[{"tag":"TypeApp","contents":[{"tag":"TypeConstructor","contents":[["Prim"],"Function"]},{"tag":"TypeConstructor","contents":[["Prim"],"Number"]}]},{"tag":"TypeApp","contents":[{"tag":"TypeApp","contents":[{"tag":"TypeConstructor","contents":[["Prim"],"Function"]},{"tag":"TypeConstructor","contents":[["Graphics","Drawing"],"Drawing"]}]},{"tag":"TypeConstructor","contents":[["Graphics","Drawing"],"Drawing"]}]}]}]}}},{"EDInstance":{"edInstanceClassName":[["Data","Semigroup"],"Semigroup"],"edInstanceName":{"Ident":"semigroupShape"},"edInstanceTypes":[{"tag":"TypeConstructor","contents":[["Graphics","Drawing"],"Shape"]}],"edInstanceConstraints":[]}},{"EDInstance":{"edInstanceClassName":[["Data","Monoid"],"Monoid"],"edInstanceName":{"Ident":"monoidShape"},"edInstanceTypes":[{"tag":"TypeConstructor","contents":[["Graphics","Drawing"],"Shape"]}],"edInstanceConstraints":[]}},{"EDInstance":{"edInstanceClassName":[["Data","Eq"],"Eq"],"edInstanceName":{"Ident":"eqShape"},"edInstanceTypes":[{"tag":"TypeConstructor","contents":[["Graphics","Drawing"],"Shape"]}],"edInstanceConstraints":[]}},{"EDInstance":{"edInstanceClassName":[["Data","Semigroup"],"Semigroup"],"edInstanceName":{"Ident":"semigroupFillStyle"},"edInstanceTypes":[{"tag":"TypeConstructor","contents":[["Graphics","Drawing"],"FillStyle"]}],"edInstanceConstraints":[]}},{"EDInstance":{"edInstanceClassName":[["Data","Monoid"],"Monoid"],"edInstanceName":{"Ident":"monoidFillStyle"},"edInstanceTypes":[{"tag":"TypeConstructor","contents":[["Graphics","Drawing"],"FillStyle"]}],"edInstanceConstraints":[]}},{"EDInstance":{"edInstanceClassName":[["Data","Eq"],"Eq"],"edInstanceName":{"Ident":"eqFillStyle"},"edInstanceTypes":[{"tag":"TypeConstructor","contents":[["Graphics","Drawing"],"FillStyle"]}],"edInstanceConstraints":[]}},{"EDInstance":{"edInstanceClassName":[["Data","Semigroup"],"Semigroup"],"edInstanceName":{"Ident":"semigroupOutlineStyle"},"edInstanceTypes":[{"tag":"TypeConstructor","contents":[["Graphics","Drawing"],"OutlineStyle"]}],"edInstanceConstraints":[]}},{"EDInstance":{"edInstanceClassName":[["Data","Monoid"],"Monoid"],"edInstanceName":{"Ident":"monoidOutlineStyle"},"edInstanceTypes":[{"tag":"TypeConstructor","contents":[["Graphics","Drawing"],"OutlineStyle"]}],"edInstanceConstraints":[]}},{"EDInstance":{"edInstanceClassName":[["Data","Eq"],"Eq"],"edInstanceName":{"Ident":"eqOutlineStyle"},"edInstanceTypes":[{"tag":"TypeConstructor","contents":[["Graphics","Drawing"],"OutlineStyle"]}],"edInstanceConstraints":[]}},{"EDInstance":{"edInstanceClassName":[["Data","Eq"],"Eq"],"edInstanceName":{"Ident":"eqShadow"},"edInstanceTypes":[{"tag":"TypeConstructor","contents":[["Graphics","Drawing"],"Shadow"]}],"edInstanceConstraints":[]}},{"EDInstance":{"edInstanceClassName":[["Data","Semigroup"],"Semigroup"],"edInstanceName":{"Ident":"semigroupShadow"},"edInstanceTypes":[{"tag":"TypeConstructor","contents":[["Graphics","Drawing"],"Shadow"]}],"edInstanceConstraints":[]}},{"EDInstance":{"edInstanceClassName":[["Data","Monoid"],"Monoid"],"edInstanceName":{"Ident":"monoidShadow"},"edInstanceTypes":[{"tag":"TypeConstructor","contents":[["Graphics","Drawing"],"Shadow"]}],"edInstanceConstraints":[]}},{"EDInstance":{"edInstanceClassName":[["Data","Semigroup"],"Semigroup"],"edInstanceName":{"Ident":"semigroupDrawing"},"edInstanceTypes":[{"tag":"TypeConstructor","contents":[["Graphics","Drawing"],"Drawing"]}],"edInstanceConstraints":[]}},{"EDInstance":{"edInstanceClassName":[["Data","Monoid"],"Monoid"],"edInstanceName":{"Ident":"monoidDrawing"},"edInstanceTypes":[{"tag":"TypeConstructor","contents":[["Graphics","Drawing"],"Drawing"]}],"edInstanceConstraints":[]}},{"EDInstance":{"edInstanceClassName":[["Data","Eq"],"Eq"],"edInstanceName":{"Ident":"eqDrawing"},"edInstanceTypes":[{"tag":"TypeConstructor","contents":[["Graphics","Drawing"],"Drawing"]}],"edInstanceConstraints":[]}}],"efSourceSpan":{"start":[1,1],"name":"/home/dhruv/Final/bower_components/purescript-drawing/src/Graphics/Drawing.purs","end":[297,40]}}