{"efVersion":"0.11.6","efModuleName":["Signal","Channel"],"efExports":[{"TypeRef":[{"start":[1,1],"name":"/home/dhruv/Final/bower_components/purescript-signal/src/Signal/Channel.purs","end":[30,59]},"CHANNEL",[]]},{"TypeRef":[{"start":[1,1],"name":"/home/dhruv/Final/bower_components/purescript-signal/src/Signal/Channel.purs","end":[30,59]},"Channel",[]]},{"ValueRef":[{"start":[1,1],"name":"/home/dhruv/Final/bower_components/purescript-signal/src/Signal/Channel.purs","end":[30,59]},{"Ident":"channel"}]},{"ValueRef":[{"start":[1,1],"name":"/home/dhruv/Final/bower_components/purescript-signal/src/Signal/Channel.purs","end":[30,59]},{"Ident":"send"}]},{"ValueRef":[{"start":[1,1],"name":"/home/dhruv/Final/bower_components/purescript-signal/src/Signal/Channel.purs","end":[30,59]},{"Ident":"subscribe"}]}],"efImports":[{"eiModule":["Prim"],"eiImportType":{"Implicit":[]},"eiImportedAs":null},{"eiModule":["Prim"],"eiImportType":{"Implicit":[]},"eiImportedAs":["Prim"]},{"eiModule":["Control","Monad","Eff"],"eiImportType":{"Explicit":[{"TypeRef":[{"start":[9,27],"name":"/home/dhruv/Final/bower_components/purescript-signal/src/Signal/Channel.purs","end":[9,30]},"Eff",[]]},{"KindRef":[{"start":[9,32],"name":"/home/dhruv/Final/bower_components/purescript-signal/src/Signal/Channel.purs","end":[9,43]},"Effect"]}]},"eiImportedAs":null},{"eiModule":["Prelude"],"eiImportType":{"Explicit":[{"TypeRef":[{"start":[10,17],"name":"/home/dhruv/Final/bower_components/purescript-signal/src/Signal/Channel.purs","end":[10,21]},"Unit",[]]}]},"eiImportedAs":null},{"eiModule":["Signal"],"eiImportType":{"Explicit":[{"ValueRef":[{"start":[12,16],"name":"/home/dhruv/Final/bower_components/purescript-signal/src/Signal/Channel.purs","end":[12,24]},{"Ident":"constant"}]},{"TypeRef":[{"start":[12,26],"name":"/home/dhruv/Final/bower_components/purescript-signal/src/Signal/Channel.purs","end":[12,32]},"Signal",[]]}]},"eiImportedAs":null}],"efFixities":[],"efTypeFixities":[],"efDeclarations":[{"EDType":{"edTypeName":"CHANNEL","edTypeKind":{"tag":"NamedKind","contents":[["Control","Monad","Eff"],"Effect"]},"edTypeDeclarationKind":"ExternData"}},{"EDType":{"edTypeName":"Channel","edTypeKind":{"tag":"FunKind","contents":[{"tag":"NamedKind","contents":[["Prim"],"Type"]},{"tag":"NamedKind","contents":[["Prim"],"Type"]}]},"edTypeDeclarationKind":"ExternData"}},{"EDValue":{"edValueName":{"Ident":"channel"},"edValueType":{"tag":"ForAll","contents":["e",{"tag":"ForAll","contents":["a",{"tag":"TypeApp","contents":[{"tag":"TypeApp","contents":[{"tag":"TypeConstructor","contents":[["Prim"],"Function"]},{"tag":"TypeVar","contents":"a"}]},{"tag":"TypeApp","contents":[{"tag":"TypeApp","contents":[{"tag":"TypeConstructor","contents":[["Control","Monad","Eff"],"Eff"]},{"tag":"RCons","contents":["channel",{"tag":"TypeConstructor","contents":[["Signal","Channel"],"CHANNEL"]},{"tag":"TypeVar","contents":"e"}]}]},{"tag":"TypeApp","contents":[{"tag":"TypeConstructor","contents":[["Signal","Channel"],"Channel"]},{"tag":"TypeVar","contents":"a"}]}]}]},6]},7]}}},{"EDValue":{"edValueName":{"Ident":"send"},"edValueType":{"tag":"ForAll","contents":["e",{"tag":"ForAll","contents":["a",{"tag":"TypeApp","contents":[{"tag":"TypeApp","contents":[{"tag":"TypeConstructor","contents":[["Prim"],"Function"]},{"tag":"TypeApp","contents":[{"tag":"TypeConstructor","contents":[["Signal","Channel"],"Channel"]},{"tag":"TypeVar","contents":"a"}]}]},{"tag":"TypeApp","contents":[{"tag":"TypeApp","contents":[{"tag":"TypeConstructor","contents":[["Prim"],"Function"]},{"tag":"TypeVar","contents":"a"}]},{"tag":"TypeApp","contents":[{"tag":"TypeApp","contents":[{"tag":"TypeConstructor","contents":[["Control","Monad","Eff"],"Eff"]},{"tag":"RCons","contents":["channel",{"tag":"TypeConstructor","contents":[["Signal","Channel"],"CHANNEL"]},{"tag":"TypeVar","contents":"e"}]}]},{"tag":"TypeConstructor","contents":[["Data","Unit"],"Unit"]}]}]}]},0]},1]}}},{"EDValue":{"edValueName":{"Ident":"subscribe"},"edValueType":{"tag":"ForAll","contents":["a",{"tag":"TypeApp","contents":[{"tag":"TypeApp","contents":[{"tag":"TypeConstructor","contents":[["Prim"],"Function"]},{"tag":"TypeApp","contents":[{"tag":"TypeConstructor","contents":[["Signal","Channel"],"Channel"]},{"tag":"TypeVar","contents":"a"}]}]},{"tag":"TypeApp","contents":[{"tag":"TypeConstructor","contents":[["Signal"],"Signal"]},{"tag":"TypeVar","contents":"a"}]}]},null]}}}],"efSourceSpan":{"start":[1,1],"name":"/home/dhruv/Final/bower_components/purescript-signal/src/Signal/Channel.purs","end":[30,59]}}