{"efVersion":"0.11.6","efModuleName":["Data","Unit"],"efExports":[{"TypeRef":[{"start":[1,1],"name":"/home/dhruv/Final/bower_components/purescript-prelude/src/Data/Unit.purs","end":[17,12]},"Unit",[]]},{"ValueRef":[{"start":[1,1],"name":"/home/dhruv/Final/bower_components/purescript-prelude/src/Data/Unit.purs","end":[17,12]},{"Ident":"unit"}]},{"TypeInstanceRef":[{"start":[0,0],"name":"<generated>","end":[0,0]},{"Ident":"showUnit"}]}],"efImports":[{"eiModule":["Prim"],"eiImportType":{"Implicit":[]},"eiImportedAs":null},{"eiModule":["Prim"],"eiImportType":{"Implicit":[]},"eiImportedAs":["Prim"]},{"eiModule":["Data","Show"],"eiImportType":{"Explicit":[{"TypeClassRef":[{"start":[3,19],"name":"/home/dhruv/Final/bower_components/purescript-prelude/src/Data/Unit.purs","end":[3,29]},"Show"]}]},"eiImportedAs":null}],"efFixities":[],"efTypeFixities":[],"efDeclarations":[{"EDType":{"edTypeName":"Unit","edTypeKind":{"tag":"NamedKind","contents":[["Prim"],"Type"]},"edTypeDeclarationKind":"ExternData"}},{"EDValue":{"edValueName":{"Ident":"unit"},"edValueType":{"tag":"TypeConstructor","contents":[["Data","Unit"],"Unit"]}}},{"EDInstance":{"edInstanceClassName":[["Data","Show"],"Show"],"edInstanceName":{"Ident":"showUnit"},"edInstanceTypes":[{"tag":"TypeConstructor","contents":[["Data","Unit"],"Unit"]}],"edInstanceConstraints":[]}}],"efSourceSpan":{"start":[1,1],"name":"/home/dhruv/Final/bower_components/purescript-prelude/src/Data/Unit.purs","end":[17,12]}}