{"efVersion":"0.11.6","efModuleName":["DOM","Websocket","Event","EventTypes"],"efExports":[{"ValueRef":[{"start":[1,1],"name":"/home/dhruv/Final/bower_components/purescript-dom/src/DOM/Websocket/Event/EventTypes.purs","end":[15,21]},{"Ident":"onClose"}]},{"ValueRef":[{"start":[1,1],"name":"/home/dhruv/Final/bower_components/purescript-dom/src/DOM/Websocket/Event/EventTypes.purs","end":[15,21]},{"Ident":"onError"}]},{"ValueRef":[{"start":[1,1],"name":"/home/dhruv/Final/bower_components/purescript-dom/src/DOM/Websocket/Event/EventTypes.purs","end":[15,21]},{"Ident":"onMessage"}]},{"ValueRef":[{"start":[1,1],"name":"/home/dhruv/Final/bower_components/purescript-dom/src/DOM/Websocket/Event/EventTypes.purs","end":[15,21]},{"Ident":"onOpen"}]}],"efImports":[{"eiModule":["Prim"],"eiImportType":{"Implicit":[]},"eiImportedAs":null},{"eiModule":["Prim"],"eiImportType":{"Implicit":[]},"eiImportedAs":["Prim"]},{"eiModule":["DOM","Event","Types"],"eiImportType":{"Explicit":[{"TypeRef":[{"start":[3,25],"name":"/home/dhruv/Final/bower_components/purescript-dom/src/DOM/Websocket/Event/EventTypes.purs","end":[3,38]},"EventType",null]}]},"eiImportedAs":null}],"efFixities":[],"efTypeFixities":[],"efDeclarations":[{"EDValue":{"edValueName":{"Ident":"onClose"},"edValueType":{"tag":"TypeConstructor","contents":[["DOM","Event","Types"],"EventType"]}}},{"EDValue":{"edValueName":{"Ident":"onError"},"edValueType":{"tag":"TypeConstructor","contents":[["DOM","Event","Types"],"EventType"]}}},{"EDValue":{"edValueName":{"Ident":"onMessage"},"edValueType":{"tag":"TypeConstructor","contents":[["DOM","Event","Types"],"EventType"]}}},{"EDValue":{"edValueName":{"Ident":"onOpen"},"edValueType":{"tag":"TypeConstructor","contents":[["DOM","Event","Types"],"EventType"]}}}],"efSourceSpan":{"start":[1,1],"name":"/home/dhruv/Final/bower_components/purescript-dom/src/DOM/Websocket/Event/EventTypes.purs","end":[15,21]}}