{"efVersion":"0.11.6","efModuleName":["Data","String","Regex","Flags"],"efExports":[{"TypeRef":[{"start":[1,1],"name":"/home/dhruv/Final/bower_components/purescript-strings/src/Data/String/Regex/Flags.purs","end":[114,48]},"RegexFlags",["RegexFlags"]]},{"TypeRef":[{"start":[1,1],"name":"/home/dhruv/Final/bower_components/purescript-strings/src/Data/String/Regex/Flags.purs","end":[114,48]},"RegexFlagsRec",[]]},{"ValueRef":[{"start":[1,1],"name":"/home/dhruv/Final/bower_components/purescript-strings/src/Data/String/Regex/Flags.purs","end":[114,48]},{"Ident":"global"}]},{"ValueRef":[{"start":[1,1],"name":"/home/dhruv/Final/bower_components/purescript-strings/src/Data/String/Regex/Flags.purs","end":[114,48]},{"Ident":"ignoreCase"}]},{"ValueRef":[{"start":[1,1],"name":"/home/dhruv/Final/bower_components/purescript-strings/src/Data/String/Regex/Flags.purs","end":[114,48]},{"Ident":"multiline"}]},{"ValueRef":[{"start":[1,1],"name":"/home/dhruv/Final/bower_components/purescript-strings/src/Data/String/Regex/Flags.purs","end":[114,48]},{"Ident":"noFlags"}]},{"ValueRef":[{"start":[1,1],"name":"/home/dhruv/Final/bower_components/purescript-strings/src/Data/String/Regex/Flags.purs","end":[114,48]},{"Ident":"sticky"}]},{"ValueRef":[{"start":[1,1],"name":"/home/dhruv/Final/bower_components/purescript-strings/src/Data/String/Regex/Flags.purs","end":[114,48]},{"Ident":"unicode"}]},{"TypeInstanceRef":[{"start":[0,0],"name":"<generated>","end":[0,0]},{"Ident":"semigroupRegexFlags"}]},{"TypeInstanceRef":[{"start":[0,0],"name":"<generated>","end":[0,0]},{"Ident":"monoidRegexFlags"}]},{"TypeInstanceRef":[{"start":[0,0],"name":"<generated>","end":[0,0]},{"Ident":"eqRegexFlags"}]},{"TypeInstanceRef":[{"start":[0,0],"name":"<generated>","end":[0,0]},{"Ident":"showRegexFlags"}]}],"efImports":[{"eiModule":["Prim"],"eiImportType":{"Implicit":[]},"eiImportedAs":null},{"eiModule":["Prim"],"eiImportType":{"Implicit":[]},"eiImportedAs":["Prim"]},{"eiModule":["Prelude"],"eiImportType":{"Implicit":[]},"eiImportedAs":null},{"eiModule":["Control","MonadPlus"],"eiImportType":{"Explicit":[{"ValueRef":[{"start":[5,27],"name":"/home/dhruv/Final/bower_components/purescript-strings/src/Data/String/Regex/Flags.purs","end":[5,32]},{"Ident":"guard"}]}]},"eiImportedAs":null},{"eiModule":["Data","Monoid"],"eiImportType":{"Explicit":[{"TypeClassRef":[{"start":[7,21],"name":"/home/dhruv/Final/bower_components/purescript-strings/src/Data/String/Regex/Flags.purs","end":[7,33]},"Monoid"]}]},"eiImportedAs":null},{"eiModule":["Data","String"],"eiImportType":{"Explicit":[{"ValueRef":[{"start":[8,21],"name":"/home/dhruv/Final/bower_components/purescript-strings/src/Data/String/Regex/Flags.purs","end":[8,29]},{"Ident":"joinWith"}]}]},"eiImportedAs":null}],"efFixities":[],"efTypeFixities":[],"efDeclarations":[{"EDType":{"edTypeName":"RegexFlags","edTypeKind":{"tag":"NamedKind","contents":[["Prim"],"Type"]},"edTypeDeclarationKind":{"DataType":{"args":[],"ctors":[["RegexFlags",[{"tag":"TypeConstructor","contents":[["Data","String","Regex","Flags"],"RegexFlagsRec"]}]]]}}}},{"EDDataConstructor":{"edDataCtorName":"RegexFlags","edDataCtorOrigin":"data","edDataCtorTypeCtor":"RegexFlags","edDataCtorType":{"tag":"TypeApp","contents":[{"tag":"TypeApp","contents":[{"tag":"TypeConstructor","contents":[["Prim"],"Function"]},{"tag":"TypeConstructor","contents":[["Data","String","Regex","Flags"],"RegexFlagsRec"]}]},{"tag":"TypeConstructor","contents":[["Data","String","Regex","Flags"],"RegexFlags"]}]},"edDataCtorFields":[{"Ident":"value0"}]}},{"EDType":{"edTypeName":"RegexFlagsRec","edTypeKind":{"tag":"NamedKind","contents":[["Prim"],"Type"]},"edTypeDeclarationKind":"TypeSynonym"}},{"EDTypeSynonym":{"edTypeSynonymName":"RegexFlagsRec","edTypeSynonymArguments":[],"edTypeSynonymType":{"tag":"TypeApp","contents":[{"tag":"TypeConstructor","contents":[["Prim"],"Record"]},{"tag":"RCons","contents":["global",{"tag":"TypeConstructor","contents":[["Prim"],"Boolean"]},{"tag":"RCons","contents":["ignoreCase",{"tag":"TypeConstructor","contents":[["Prim"],"Boolean"]},{"tag":"RCons","contents":["multiline",{"tag":"TypeConstructor","contents":[["Prim"],"Boolean"]},{"tag":"RCons","contents":["sticky",{"tag":"TypeConstructor","contents":[["Prim"],"Boolean"]},{"tag":"RCons","contents":["unicode",{"tag":"TypeConstructor","contents":[["Prim"],"Boolean"]},{"tag":"REmpty"}]}]}]}]}]}]}}},{"EDValue":{"edValueName":{"Ident":"global"},"edValueType":{"tag":"TypeConstructor","contents":[["Data","String","Regex","Flags"],"RegexFlags"]}}},{"EDValue":{"edValueName":{"Ident":"ignoreCase"},"edValueType":{"tag":"TypeConstructor","contents":[["Data","String","Regex","Flags"],"RegexFlags"]}}},{"EDValue":{"edValueName":{"Ident":"multiline"},"edValueType":{"tag":"TypeConstructor","contents":[["Data","String","Regex","Flags"],"RegexFlags"]}}},{"EDValue":{"edValueName":{"Ident":"noFlags"},"edValueType":{"tag":"TypeConstructor","contents":[["Data","String","Regex","Flags"],"RegexFlags"]}}},{"EDValue":{"edValueName":{"Ident":"sticky"},"edValueType":{"tag":"TypeConstructor","contents":[["Data","String","Regex","Flags"],"RegexFlags"]}}},{"EDValue":{"edValueName":{"Ident":"unicode"},"edValueType":{"tag":"TypeConstructor","contents":[["Data","String","Regex","Flags"],"RegexFlags"]}}},{"EDInstance":{"edInstanceClassName":[["Data","Semigroup"],"Semigroup"],"edInstanceName":{"Ident":"semigroupRegexFlags"},"edInstanceTypes":[{"tag":"TypeConstructor","contents":[["Data","String","Regex","Flags"],"RegexFlags"]}],"edInstanceConstraints":[]}},{"EDInstance":{"edInstanceClassName":[["Data","Monoid"],"Monoid"],"edInstanceName":{"Ident":"monoidRegexFlags"},"edInstanceTypes":[{"tag":"TypeConstructor","contents":[["Data","String","Regex","Flags"],"RegexFlags"]}],"edInstanceConstraints":[]}},{"EDInstance":{"edInstanceClassName":[["Data","Eq"],"Eq"],"edInstanceName":{"Ident":"eqRegexFlags"},"edInstanceTypes":[{"tag":"TypeConstructor","contents":[["Data","String","Regex","Flags"],"RegexFlags"]}],"edInstanceConstraints":[]}},{"EDInstance":{"edInstanceClassName":[["Data","Show"],"Show"],"edInstanceName":{"Ident":"showRegexFlags"},"edInstanceTypes":[{"tag":"TypeConstructor","contents":[["Data","String","Regex","Flags"],"RegexFlags"]}],"edInstanceConstraints":[]}}],"efSourceSpan":{"start":[1,1],"name":"/home/dhruv/Final/bower_components/purescript-strings/src/Data/String/Regex/Flags.purs","end":[114,48]}}