{"efVersion":"0.11.6","efModuleName":["Color","Scale"],"efExports":[{"TypeRef":[{"start":[1,1],"name":"/home/dhruv/Final/bower_components/purescript-colors/src/Color/Scale.purs","end":[199,44]},"ColorScale",[]]},{"TypeRef":[{"start":[1,1],"name":"/home/dhruv/Final/bower_components/purescript-colors/src/Color/Scale.purs","end":[199,44]},"ColorStop",[]]},{"ValueRef":[{"start":[1,1],"name":"/home/dhruv/Final/bower_components/purescript-colors/src/Color/Scale.purs","end":[199,44]},{"Ident":"addStop"}]},{"ValueRef":[{"start":[1,1],"name":"/home/dhruv/Final/bower_components/purescript-colors/src/Color/Scale.purs","end":[199,44]},{"Ident":"blueToRed"}]},{"ValueRef":[{"start":[1,1],"name":"/home/dhruv/Final/bower_components/purescript-colors/src/Color/Scale.purs","end":[199,44]},{"Ident":"colorScale"}]},{"ValueRef":[{"start":[1,1],"name":"/home/dhruv/Final/bower_components/purescript-colors/src/Color/Scale.purs","end":[199,44]},{"Ident":"colorStop"}]},{"ValueRef":[{"start":[1,1],"name":"/home/dhruv/Final/bower_components/purescript-colors/src/Color/Scale.purs","end":[199,44]},{"Ident":"colors"}]},{"ValueRef":[{"start":[1,1],"name":"/home/dhruv/Final/bower_components/purescript-colors/src/Color/Scale.purs","end":[199,44]},{"Ident":"cool"}]},{"ValueRef":[{"start":[1,1],"name":"/home/dhruv/Final/bower_components/purescript-colors/src/Color/Scale.purs","end":[199,44]},{"Ident":"cssColorStops"}]},{"ValueRef":[{"start":[1,1],"name":"/home/dhruv/Final/bower_components/purescript-colors/src/Color/Scale.purs","end":[199,44]},{"Ident":"grayscale"}]},{"ValueRef":[{"start":[1,1],"name":"/home/dhruv/Final/bower_components/purescript-colors/src/Color/Scale.purs","end":[199,44]},{"Ident":"hot"}]},{"ValueRef":[{"start":[1,1],"name":"/home/dhruv/Final/bower_components/purescript-colors/src/Color/Scale.purs","end":[199,44]},{"Ident":"modify"}]},{"ValueRef":[{"start":[1,1],"name":"/home/dhruv/Final/bower_components/purescript-colors/src/Color/Scale.purs","end":[199,44]},{"Ident":"sample"}]},{"ValueRef":[{"start":[1,1],"name":"/home/dhruv/Final/bower_components/purescript-colors/src/Color/Scale.purs","end":[199,44]},{"Ident":"spectrum"}]},{"ValueRef":[{"start":[1,1],"name":"/home/dhruv/Final/bower_components/purescript-colors/src/Color/Scale.purs","end":[199,44]},{"Ident":"spectrumLCh"}]},{"ValueRef":[{"start":[1,1],"name":"/home/dhruv/Final/bower_components/purescript-colors/src/Color/Scale.purs","end":[199,44]},{"Ident":"uniformScale"}]},{"ValueRef":[{"start":[1,1],"name":"/home/dhruv/Final/bower_components/purescript-colors/src/Color/Scale.purs","end":[199,44]},{"Ident":"yellowToRed"}]}],"efImports":[{"eiModule":["Prim"],"eiImportType":{"Implicit":[]},"eiImportedAs":null},{"eiModule":["Prim"],"eiImportType":{"Implicit":[]},"eiImportedAs":["Prim"]},{"eiModule":["Prelude"],"eiImportType":{"Implicit":[]},"eiImportedAs":null},{"eiModule":["Data","Foldable"],"eiImportType":{"Explicit":[{"TypeClassRef":[{"start":[28,23],"name":"/home/dhruv/Final/bower_components/purescript-colors/src/Color/Scale.purs","end":[28,37]},"Foldable"]},{"ValueRef":[{"start":[28,39],"name":"/home/dhruv/Final/bower_components/purescript-colors/src/Color/Scale.purs","end":[28,50]},{"Ident":"intercalate"}]},{"ValueRef":[{"start":[28,52],"name":"/home/dhruv/Final/bower_components/purescript-colors/src/Color/Scale.purs","end":[28,57]},{"Ident":"foldl"}]}]},"eiImportedAs":null},{"eiModule":["Data","Int"],"eiImportType":{"Explicit":[{"ValueRef":[{"start":[29,18],"name":"/home/dhruv/Final/bower_components/purescript-colors/src/Color/Scale.purs","end":[29,26]},{"Ident":"toNumber"}]}]},"eiImportedAs":null},{"eiModule":["Data","List"],"eiImportType":{"Explicit":[{"TypeRef":[{"start":[30,19],"name":"/home/dhruv/Final/bower_components/purescript-colors/src/Color/Scale.purs","end":[30,27]},"List",null]},{"ValueRef":[{"start":[30,29],"name":"/home/dhruv/Final/bower_components/purescript-colors/src/Color/Scale.purs","end":[30,37]},{"Ident":"insertBy"}]},{"ValueRef":[{"start":[30,39],"name":"/home/dhruv/Final/bower_components/purescript-colors/src/Color/Scale.purs","end":[30,43]},{"Ident":"snoc"}]},{"ValueOpRef":[{"start":[30,45],"name":"/home/dhruv/Final/bower_components/purescript-colors/src/Color/Scale.purs","end":[30,49]},".."]},{"ValueRef":[{"start":[30,51],"name":"/home/dhruv/Final/bower_components/purescript-colors/src/Color/Scale.purs","end":[30,63]},{"Ident":"fromFoldable"}]},{"ValueRef":[{"start":[30,65],"name":"/home/dhruv/Final/bower_components/purescript-colors/src/Color/Scale.purs","end":[30,71]},{"Ident":"length"}]},{"ValueRef":[{"start":[31,19],"name":"/home/dhruv/Final/bower_components/purescript-colors/src/Color/Scale.purs","end":[31,26]},{"Ident":"zipWith"}]},{"ValueRef":[{"start":[31,28],"name":"/home/dhruv/Final/bower_components/purescript-colors/src/Color/Scale.purs","end":[31,37]},{"Ident":"singleton"}]},{"ValueOpRef":[{"start":[31,39],"name":"/home/dhruv/Final/bower_components/purescript-colors/src/Color/Scale.purs","end":[31,42]},":"]}]},"eiImportedAs":null},{"eiModule":["Color"],"eiImportType":{"Explicit":[{"TypeRef":[{"start":[33,15],"name":"/home/dhruv/Final/bower_components/purescript-colors/src/Color/Scale.purs","end":[33,20]},"Color",[]]},{"TypeRef":[{"start":[33,22],"name":"/home/dhruv/Final/bower_components/purescript-colors/src/Color/Scale.purs","end":[33,36]},"ColorSpace",null]},{"ValueRef":[{"start":[33,38],"name":"/home/dhruv/Final/bower_components/purescript-colors/src/Color/Scale.purs","end":[33,41]},{"Ident":"mix"}]},{"ValueRef":[{"start":[33,43],"name":"/home/dhruv/Final/bower_components/purescript-colors/src/Color/Scale.purs","end":[33,56]},{"Ident":"cssStringHSLA"}]},{"ValueRef":[{"start":[33,58],"name":"/home/dhruv/Final/bower_components/purescript-colors/src/Color/Scale.purs","end":[33,63]},{"Ident":"black"}]},{"ValueRef":[{"start":[33,65],"name":"/home/dhruv/Final/bower_components/purescript-colors/src/Color/Scale.purs","end":[33,70]},{"Ident":"white"}]},{"ValueRef":[{"start":[33,72],"name":"/home/dhruv/Final/bower_components/purescript-colors/src/Color/Scale.purs","end":[33,75]},{"Ident":"hsl"}]},{"ValueRef":[{"start":[34,15],"name":"/home/dhruv/Final/bower_components/purescript-colors/src/Color/Scale.purs","end":[34,18]},{"Ident":"lch"}]},{"ValueRef":[{"start":[34,20],"name":"/home/dhruv/Final/bower_components/purescript-colors/src/Color/Scale.purs","end":[34,27]},{"Ident":"fromInt"}]}]},"eiImportedAs":null},{"eiModule":["Color","Scheme","X11"],"eiImportType":{"Explicit":[{"ValueRef":[{"start":[35,26],"name":"/home/dhruv/Final/bower_components/purescript-colors/src/Color/Scale.purs","end":[35,29]},{"Ident":"red"}]},{"ValueRef":[{"start":[35,31],"name":"/home/dhruv/Final/bower_components/purescript-colors/src/Color/Scale.purs","end":[35,37]},{"Ident":"yellow"}]}]},"eiImportedAs":null}],"efFixities":[],"efTypeFixities":[],"efDeclarations":[{"EDType":{"edTypeName":"ColorScale","edTypeKind":{"tag":"NamedKind","contents":[["Prim"],"Type"]},"edTypeDeclarationKind":{"DataType":{"args":[],"ctors":[["ColorScale",[{"tag":"TypeConstructor","contents":[["Color"],"ColorSpace"]},{"tag":"TypeConstructor","contents":[["Color"],"Color"]},{"tag":"TypeApp","contents":[{"tag":"TypeConstructor","contents":[["Data","List","Types"],"List"]},{"tag":"TypeConstructor","contents":[["Color","Scale"],"ColorStop"]}]},{"tag":"TypeConstructor","contents":[["Color"],"Color"]}]]]}}}},{"EDType":{"edTypeName":"ColorStop","edTypeKind":{"tag":"NamedKind","contents":[["Prim"],"Type"]},"edTypeDeclarationKind":{"DataType":{"args":[],"ctors":[["ColorStop",[{"tag":"TypeConstructor","contents":[["Color"],"Color"]},{"tag":"TypeConstructor","contents":[["Prim"],"Number"]}]]]}}}},{"EDValue":{"edValueName":{"Ident":"addStop"},"edValueType":{"tag":"TypeApp","contents":[{"tag":"TypeApp","contents":[{"tag":"TypeConstructor","contents":[["Prim"],"Function"]},{"tag":"TypeConstructor","contents":[["Color","Scale"],"ColorScale"]}]},{"tag":"TypeApp","contents":[{"tag":"TypeApp","contents":[{"tag":"TypeConstructor","contents":[["Prim"],"Function"]},{"tag":"TypeConstructor","contents":[["Color"],"Color"]}]},{"tag":"TypeApp","contents":[{"tag":"TypeApp","contents":[{"tag":"TypeConstructor","contents":[["Prim"],"Function"]},{"tag":"TypeConstructor","contents":[["Prim"],"Number"]}]},{"tag":"TypeConstructor","contents":[["Color","Scale"],"ColorScale"]}]}]}]}}},{"EDValue":{"edValueName":{"Ident":"blueToRed"},"edValueType":{"tag":"TypeConstructor","contents":[["Color","Scale"],"ColorScale"]}}},{"EDValue":{"edValueName":{"Ident":"colorScale"},"edValueType":{"tag":"TypeApp","contents":[{"tag":"TypeApp","contents":[{"tag":"TypeConstructor","contents":[["Prim"],"Function"]},{"tag":"TypeConstructor","contents":[["Color"],"ColorSpace"]}]},{"tag":"TypeApp","contents":[{"tag":"TypeApp","contents":[{"tag":"TypeConstructor","contents":[["Prim"],"Function"]},{"tag":"TypeConstructor","contents":[["Color"],"Color"]}]},{"tag":"TypeApp","contents":[{"tag":"TypeApp","contents":[{"tag":"TypeConstructor","contents":[["Prim"],"Function"]},{"tag":"TypeApp","contents":[{"tag":"TypeConstructor","contents":[["Data","List","Types"],"List"]},{"tag":"TypeConstructor","contents":[["Color","Scale"],"ColorStop"]}]}]},{"tag":"TypeApp","contents":[{"tag":"TypeApp","contents":[{"tag":"TypeConstructor","contents":[["Prim"],"Function"]},{"tag":"TypeConstructor","contents":[["Color"],"Color"]}]},{"tag":"TypeConstructor","contents":[["Color","Scale"],"ColorScale"]}]}]}]}]}}},{"EDValue":{"edValueName":{"Ident":"colorStop"},"edValueType":{"tag":"TypeApp","contents":[{"tag":"TypeApp","contents":[{"tag":"TypeConstructor","contents":[["Prim"],"Function"]},{"tag":"TypeConstructor","contents":[["Color"],"Color"]}]},{"tag":"TypeApp","contents":[{"tag":"TypeApp","contents":[{"tag":"TypeConstructor","contents":[["Prim"],"Function"]},{"tag":"TypeConstructor","contents":[["Prim"],"Number"]}]},{"tag":"TypeConstructor","contents":[["Color","Scale"],"ColorStop"]}]}]}}},{"EDValue":{"edValueName":{"Ident":"colors"},"edValueType":{"tag":"TypeApp","contents":[{"tag":"TypeApp","contents":[{"tag":"TypeConstructor","contents":[["Prim"],"Function"]},{"tag":"TypeConstructor","contents":[["Color","Scale"],"ColorScale"]}]},{"tag":"TypeApp","contents":[{"tag":"TypeApp","contents":[{"tag":"TypeConstructor","contents":[["Prim"],"Function"]},{"tag":"TypeConstructor","contents":[["Prim"],"Int"]}]},{"tag":"TypeApp","contents":[{"tag":"TypeConstructor","contents":[["Data","List","Types"],"List"]},{"tag":"TypeConstructor","contents":[["Color"],"Color"]}]}]}]}}},{"EDValue":{"edValueName":{"Ident":"cool"},"edValueType":{"tag":"TypeConstructor","contents":[["Color","Scale"],"ColorScale"]}}},{"EDValue":{"edValueName":{"Ident":"cssColorStops"},"edValueType":{"tag":"TypeApp","contents":[{"tag":"TypeApp","contents":[{"tag":"TypeConstructor","contents":[["Prim"],"Function"]},{"tag":"TypeConstructor","contents":[["Color","Scale"],"ColorScale"]}]},{"tag":"TypeConstructor","contents":[["Prim"],"String"]}]}}},{"EDValue":{"edValueName":{"Ident":"grayscale"},"edValueType":{"tag":"TypeConstructor","contents":[["Color","Scale"],"ColorScale"]}}},{"EDValue":{"edValueName":{"Ident":"hot"},"edValueType":{"tag":"TypeConstructor","contents":[["Color","Scale"],"ColorScale"]}}},{"EDValue":{"edValueName":{"Ident":"modify"},"edValueType":{"tag":"TypeApp","contents":[{"tag":"TypeApp","contents":[{"tag":"TypeConstructor","contents":[["Prim"],"Function"]},{"tag":"TypeApp","contents":[{"tag":"TypeApp","contents":[{"tag":"TypeConstructor","contents":[["Prim"],"Function"]},{"tag":"TypeConstructor","contents":[["Prim"],"Number"]}]},{"tag":"TypeApp","contents":[{"tag":"TypeApp","contents":[{"tag":"TypeConstructor","contents":[["Prim"],"Function"]},{"tag":"TypeConstructor","contents":[["Color"],"Color"]}]},{"tag":"TypeConstructor","contents":[["Color"],"Color"]}]}]}]},{"tag":"TypeApp","contents":[{"tag":"TypeApp","contents":[{"tag":"TypeConstructor","contents":[["Prim"],"Function"]},{"tag":"TypeConstructor","contents":[["Color","Scale"],"ColorScale"]}]},{"tag":"TypeConstructor","contents":[["Color","Scale"],"ColorScale"]}]}]}}},{"EDValue":{"edValueName":{"Ident":"sample"},"edValueType":{"tag":"TypeApp","contents":[{"tag":"TypeApp","contents":[{"tag":"TypeConstructor","contents":[["Prim"],"Function"]},{"tag":"TypeConstructor","contents":[["Color","Scale"],"ColorScale"]}]},{"tag":"TypeApp","contents":[{"tag":"TypeApp","contents":[{"tag":"TypeConstructor","contents":[["Prim"],"Function"]},{"tag":"TypeConstructor","contents":[["Prim"],"Number"]}]},{"tag":"TypeConstructor","contents":[["Color"],"Color"]}]}]}}},{"EDValue":{"edValueName":{"Ident":"spectrum"},"edValueType":{"tag":"TypeConstructor","contents":[["Color","Scale"],"ColorScale"]}}},{"EDValue":{"edValueName":{"Ident":"spectrumLCh"},"edValueType":{"tag":"TypeConstructor","contents":[["Color","Scale"],"ColorScale"]}}},{"EDValue":{"edValueName":{"Ident":"uniformScale"},"edValueType":{"tag":"ForAll","contents":["f",{"tag":"ConstrainedType","contents":[{"constraintClass":[["Data","Foldable"],"Foldable"],"constraintArgs":[{"tag":"TypeVar","contents":"f"}],"constraintData":null},{"tag":"TypeApp","contents":[{"tag":"TypeApp","contents":[{"tag":"TypeConstructor","contents":[["Prim"],"Function"]},{"tag":"TypeConstructor","contents":[["Color"],"ColorSpace"]}]},{"tag":"TypeApp","contents":[{"tag":"TypeApp","contents":[{"tag":"TypeConstructor","contents":[["Prim"],"Function"]},{"tag":"TypeConstructor","contents":[["Color"],"Color"]}]},{"tag":"TypeApp","contents":[{"tag":"TypeApp","contents":[{"tag":"TypeConstructor","contents":[["Prim"],"Function"]},{"tag":"TypeApp","contents":[{"tag":"TypeVar","contents":"f"},{"tag":"TypeConstructor","contents":[["Color"],"Color"]}]}]},{"tag":"TypeApp","contents":[{"tag":"TypeApp","contents":[{"tag":"TypeConstructor","contents":[["Prim"],"Function"]},{"tag":"TypeConstructor","contents":[["Color"],"Color"]}]},{"tag":"TypeConstructor","contents":[["Color","Scale"],"ColorScale"]}]}]}]}]}]},4]}}},{"EDValue":{"edValueName":{"Ident":"yellowToRed"},"edValueType":{"tag":"TypeConstructor","contents":[["Color","Scale"],"ColorScale"]}}}],"efSourceSpan":{"start":[1,1],"name":"/home/dhruv/Final/bower_components/purescript-colors/src/Color/Scale.purs","end":[199,44]}}