{"efVersion":"0.11.6","efModuleName":["Data","Time","Gen"],"efExports":[{"ReExportRef":[{"start":[1,1],"name":"/home/dhruv/Final/bower_components/purescript-datetime/src/Data/Time/Gen.purs","end":[13,60]},["Data","Time","Component","Gen"],{"ValueRef":[{"start":[1,1],"name":"/home/dhruv/Final/bower_components/purescript-datetime/src/Data/Time/Gen.purs","end":[13,60]},{"Ident":"genHour"}]}]},{"ReExportRef":[{"start":[1,1],"name":"/home/dhruv/Final/bower_components/purescript-datetime/src/Data/Time/Gen.purs","end":[13,60]},["Data","Time","Component","Gen"],{"ValueRef":[{"start":[1,1],"name":"/home/dhruv/Final/bower_components/purescript-datetime/src/Data/Time/Gen.purs","end":[13,60]},{"Ident":"genMillisecond"}]}]},{"ReExportRef":[{"start":[1,1],"name":"/home/dhruv/Final/bower_components/purescript-datetime/src/Data/Time/Gen.purs","end":[13,60]},["Data","Time","Component","Gen"],{"ValueRef":[{"start":[1,1],"name":"/home/dhruv/Final/bower_components/purescript-datetime/src/Data/Time/Gen.purs","end":[13,60]},{"Ident":"genMinute"}]}]},{"ReExportRef":[{"start":[1,1],"name":"/home/dhruv/Final/bower_components/purescript-datetime/src/Data/Time/Gen.purs","end":[13,60]},["Data","Time","Component","Gen"],{"ValueRef":[{"start":[1,1],"name":"/home/dhruv/Final/bower_components/purescript-datetime/src/Data/Time/Gen.purs","end":[13,60]},{"Ident":"genSecond"}]}]},{"ValueRef":[{"start":[1,1],"name":"/home/dhruv/Final/bower_components/purescript-datetime/src/Data/Time/Gen.purs","end":[13,60]},{"Ident":"genTime"}]},{"ModuleRef":[{"start":[3,5],"name":"/home/dhruv/Final/bower_components/purescript-datetime/src/Data/Time/Gen.purs","end":[3,35]},["Data","Time","Component","Gen"]]}],"efImports":[{"eiModule":["Prim"],"eiImportType":{"Implicit":[]},"eiImportedAs":null},{"eiModule":["Prim"],"eiImportType":{"Implicit":[]},"eiImportedAs":["Prim"]},{"eiModule":["Prelude"],"eiImportType":{"Implicit":[]},"eiImportedAs":null},{"eiModule":["Control","Monad","Gen"],"eiImportType":{"Explicit":[{"TypeClassRef":[{"start":[7,27],"name":"/home/dhruv/Final/bower_components/purescript-datetime/src/Data/Time/Gen.purs","end":[7,41]},"MonadGen"]}]},"eiImportedAs":null},{"eiModule":["Data","Time"],"eiImportType":{"Explicit":[{"TypeRef":[{"start":[8,19],"name":"/home/dhruv/Final/bower_components/purescript-datetime/src/Data/Time/Gen.purs","end":[8,27]},"Time",null]}]},"eiImportedAs":null},{"eiModule":["Data","Time","Component","Gen"],"eiImportType":{"Explicit":[{"ValueRef":[{"start":[9,33],"name":"/home/dhruv/Final/bower_components/purescript-datetime/src/Data/Time/Gen.purs","end":[9,40]},{"Ident":"genHour"}]},{"ValueRef":[{"start":[9,42],"name":"/home/dhruv/Final/bower_components/purescript-datetime/src/Data/Time/Gen.purs","end":[9,56]},{"Ident":"genMillisecond"}]},{"ValueRef":[{"start":[9,58],"name":"/home/dhruv/Final/bower_components/purescript-datetime/src/Data/Time/Gen.purs","end":[9,67]},{"Ident":"genMinute"}]},{"ValueRef":[{"start":[9,69],"name":"/home/dhruv/Final/bower_components/purescript-datetime/src/Data/Time/Gen.purs","end":[9,78]},{"Ident":"genSecond"}]}]},"eiImportedAs":null}],"efFixities":[],"efTypeFixities":[],"efDeclarations":[{"EDValue":{"edValueName":{"Ident":"genTime"},"edValueType":{"tag":"ForAll","contents":["m",{"tag":"ConstrainedType","contents":[{"constraintClass":[["Control","Monad","Gen","Class"],"MonadGen"],"constraintArgs":[{"tag":"TypeVar","contents":"m"}],"constraintData":null},{"tag":"TypeApp","contents":[{"tag":"TypeVar","contents":"m"},{"tag":"TypeConstructor","contents":[["Data","Time"],"Time"]}]}]},0]}}}],"efSourceSpan":{"start":[1,1],"name":"/home/dhruv/Final/bower_components/purescript-datetime/src/Data/Time/Gen.purs","end":[13,60]}}