{"efVersion":"0.11.6","efModuleName":["Data","Ring"],"efExports":[{"TypeClassRef":[{"start":[1,1],"name":"/home/dhruv/Final/bower_components/purescript-prelude/src/Data/Ring.purs","end":[38,46]},"Ring"]},{"ReExportRef":[{"start":[1,1],"name":"/home/dhruv/Final/bower_components/purescript-prelude/src/Data/Ring.purs","end":[38,46]},["Data","Semiring"],{"TypeClassRef":[{"start":[1,1],"name":"/home/dhruv/Final/bower_components/purescript-prelude/src/Data/Ring.purs","end":[38,46]},"Semiring"]}]},{"ReExportRef":[{"start":[1,1],"name":"/home/dhruv/Final/bower_components/purescript-prelude/src/Data/Ring.purs","end":[38,46]},["Data","Semiring"],{"ValueRef":[{"start":[1,1],"name":"/home/dhruv/Final/bower_components/purescript-prelude/src/Data/Ring.purs","end":[38,46]},{"Ident":"add"}]}]},{"ReExportRef":[{"start":[1,1],"name":"/home/dhruv/Final/bower_components/purescript-prelude/src/Data/Ring.purs","end":[38,46]},["Data","Semiring"],{"ValueRef":[{"start":[1,1],"name":"/home/dhruv/Final/bower_components/purescript-prelude/src/Data/Ring.purs","end":[38,46]},{"Ident":"mul"}]}]},{"ValueRef":[{"start":[1,1],"name":"/home/dhruv/Final/bower_components/purescript-prelude/src/Data/Ring.purs","end":[38,46]},{"Ident":"negate"}]},{"ReExportRef":[{"start":[1,1],"name":"/home/dhruv/Final/bower_components/purescript-prelude/src/Data/Ring.purs","end":[38,46]},["Data","Semiring"],{"ValueRef":[{"start":[1,1],"name":"/home/dhruv/Final/bower_components/purescript-prelude/src/Data/Ring.purs","end":[38,46]},{"Ident":"one"}]}]},{"ValueRef":[{"start":[1,1],"name":"/home/dhruv/Final/bower_components/purescript-prelude/src/Data/Ring.purs","end":[38,46]},{"Ident":"sub"}]},{"ReExportRef":[{"start":[1,1],"name":"/home/dhruv/Final/bower_components/purescript-prelude/src/Data/Ring.purs","end":[38,46]},["Data","Semiring"],{"ValueRef":[{"start":[1,1],"name":"/home/dhruv/Final/bower_components/purescript-prelude/src/Data/Ring.purs","end":[38,46]},{"Ident":"zero"}]}]},{"ReExportRef":[{"start":[1,1],"name":"/home/dhruv/Final/bower_components/purescript-prelude/src/Data/Ring.purs","end":[38,46]},["Data","Semiring"],{"ValueOpRef":[{"start":[1,1],"name":"/home/dhruv/Final/bower_components/purescript-prelude/src/Data/Ring.purs","end":[38,46]},"*"]}]},{"ReExportRef":[{"start":[1,1],"name":"/home/dhruv/Final/bower_components/purescript-prelude/src/Data/Ring.purs","end":[38,46]},["Data","Semiring"],{"ValueOpRef":[{"start":[1,1],"name":"/home/dhruv/Final/bower_components/purescript-prelude/src/Data/Ring.purs","end":[38,46]},"+"]}]},{"ValueOpRef":[{"start":[1,1],"name":"/home/dhruv/Final/bower_components/purescript-prelude/src/Data/Ring.purs","end":[38,46]},"-"]},{"ModuleRef":[{"start":[3,5],"name":"/home/dhruv/Final/bower_components/purescript-prelude/src/Data/Ring.purs","end":[3,25]},["Data","Semiring"]]},{"TypeInstanceRef":[{"start":[0,0],"name":"<generated>","end":[0,0]},{"Ident":"ringInt"}]},{"TypeInstanceRef":[{"start":[0,0],"name":"<generated>","end":[0,0]},{"Ident":"ringNumber"}]},{"TypeInstanceRef":[{"start":[0,0],"name":"<generated>","end":[0,0]},{"Ident":"ringUnit"}]},{"TypeInstanceRef":[{"start":[0,0],"name":"<generated>","end":[0,0]},{"Ident":"ringFn"}]}],"efImports":[{"eiModule":["Prim"],"eiImportType":{"Implicit":[]},"eiImportedAs":null},{"eiModule":["Prim"],"eiImportType":{"Implicit":[]},"eiImportedAs":["Prim"]},{"eiModule":["Data","Semiring"],"eiImportType":{"Explicit":[{"TypeClassRef":[{"start":[6,23],"name":"/home/dhruv/Final/bower_components/purescript-prelude/src/Data/Ring.purs","end":[6,37]},"Semiring"]},{"ValueRef":[{"start":[6,39],"name":"/home/dhruv/Final/bower_components/purescript-prelude/src/Data/Ring.purs","end":[6,42]},{"Ident":"add"}]},{"ValueRef":[{"start":[6,44],"name":"/home/dhruv/Final/bower_components/purescript-prelude/src/Data/Ring.purs","end":[6,47]},{"Ident":"mul"}]},{"ValueRef":[{"start":[6,49],"name":"/home/dhruv/Final/bower_components/purescript-prelude/src/Data/Ring.purs","end":[6,52]},{"Ident":"one"}]},{"ValueRef":[{"start":[6,54],"name":"/home/dhruv/Final/bower_components/purescript-prelude/src/Data/Ring.purs","end":[6,58]},{"Ident":"zero"}]},{"ValueOpRef":[{"start":[6,60],"name":"/home/dhruv/Final/bower_components/purescript-prelude/src/Data/Ring.purs","end":[6,63]},"*"]},{"ValueOpRef":[{"start":[6,65],"name":"/home/dhruv/Final/bower_components/purescript-prelude/src/Data/Ring.purs","end":[6,68]},"+"]}]},"eiImportedAs":null},{"eiModule":["Data","Unit"],"eiImportType":{"Explicit":[{"TypeRef":[{"start":[7,19],"name":"/home/dhruv/Final/bower_components/purescript-prelude/src/Data/Ring.purs","end":[7,23]},"Unit",[]]},{"ValueRef":[{"start":[7,25],"name":"/home/dhruv/Final/bower_components/purescript-prelude/src/Data/Ring.purs","end":[7,29]},{"Ident":"unit"}]}]},"eiImportedAs":null}],"efFixities":[{"efAssociativity":"infixl","efPrecedence":6,"efOperator":"-","efAlias":[["Data","Ring"],{"Left":{"Ident":"sub"}}]}],"efTypeFixities":[],"efDeclarations":[{"EDType":{"edTypeName":"Ring","edTypeKind":{"tag":"FunKind","contents":[{"tag":"NamedKind","contents":[["Prim"],"Type"]},{"tag":"NamedKind","contents":[["Prim"],"Type"]}]},"edTypeDeclarationKind":"TypeSynonym"}},{"EDTypeSynonym":{"edTypeSynonymName":"Ring","edTypeSynonymArguments":[["a",null]],"edTypeSynonymType":{"tag":"TypeApp","contents":[{"tag":"TypeConstructor","contents":[["Prim"],"Record"]},{"tag":"RCons","contents":["sub",{"tag":"TypeApp","contents":[{"tag":"TypeApp","contents":[{"tag":"TypeConstructor","contents":[["Prim"],"Function"]},{"tag":"TypeVar","contents":"a"}]},{"tag":"TypeApp","contents":[{"tag":"TypeApp","contents":[{"tag":"TypeConstructor","contents":[["Prim"],"Function"]},{"tag":"TypeVar","contents":"a"}]},{"tag":"TypeVar","contents":"a"}]}]},{"tag":"RCons","contents":["Semiring0",{"tag":"TypeApp","contents":[{"tag":"TypeApp","contents":[{"tag":"TypeConstructor","contents":[["Prim"],"Function"]},{"tag":"TypeApp","contents":[{"tag":"TypeConstructor","contents":[["Prim"],"Record"]},{"tag":"REmpty"}]}]},{"tag":"TypeApp","contents":[{"tag":"TypeConstructor","contents":[["Data","Semiring"],"Semiring"]},{"tag":"TypeVar","contents":"a"}]}]},{"tag":"REmpty"}]}]}]}}},{"EDClass":{"edClassName":"Ring","edClassTypeArguments":[["a",null]],"edClassMembers":[[{"Ident":"sub"},{"tag":"TypeApp","contents":[{"tag":"TypeApp","contents":[{"tag":"TypeConstructor","contents":[["Prim"],"Function"]},{"tag":"TypeVar","contents":"a"}]},{"tag":"TypeApp","contents":[{"tag":"TypeApp","contents":[{"tag":"TypeConstructor","contents":[["Prim"],"Function"]},{"tag":"TypeVar","contents":"a"}]},{"tag":"TypeVar","contents":"a"}]}]}]],"edClassConstraints":[{"constraintClass":[["Data","Semiring"],"Semiring"],"constraintArgs":[{"tag":"TypeVar","contents":"a"}],"constraintData":null}],"edFunctionalDependencies":[]}},{"EDValue":{"edValueName":{"Ident":"negate"},"edValueType":{"tag":"ForAll","contents":["a",{"tag":"ConstrainedType","contents":[{"constraintClass":[["Data","Ring"],"Ring"],"constraintArgs":[{"tag":"TypeVar","contents":"a"}],"constraintData":null},{"tag":"TypeApp","contents":[{"tag":"TypeApp","contents":[{"tag":"TypeConstructor","contents":[["Prim"],"Function"]},{"tag":"TypeVar","contents":"a"}]},{"tag":"TypeVar","contents":"a"}]}]},5]}}},{"EDValue":{"edValueName":{"Ident":"sub"},"edValueType":{"tag":"ForAll","contents":["a",{"tag":"ConstrainedType","contents":[{"constraintClass":[["Data","Ring"],"Ring"],"constraintArgs":[{"tag":"TypeVar","contents":"a"}],"constraintData":null},{"tag":"TypeApp","contents":[{"tag":"TypeApp","contents":[{"tag":"TypeConstructor","contents":[["Prim"],"Function"]},{"tag":"TypeVar","contents":"a"}]},{"tag":"TypeApp","contents":[{"tag":"TypeApp","contents":[{"tag":"TypeConstructor","contents":[["Prim"],"Function"]},{"tag":"TypeVar","contents":"a"}]},{"tag":"TypeVar","contents":"a"}]}]}]},0]}}},{"EDInstance":{"edInstanceClassName":[["Data","Ring"],"Ring"],"edInstanceName":{"Ident":"ringInt"},"edInstanceTypes":[{"tag":"TypeConstructor","contents":[["Prim"],"Int"]}],"edInstanceConstraints":[]}},{"EDInstance":{"edInstanceClassName":[["Data","Ring"],"Ring"],"edInstanceName":{"Ident":"ringNumber"},"edInstanceTypes":[{"tag":"TypeConstructor","contents":[["Prim"],"Number"]}],"edInstanceConstraints":[]}},{"EDInstance":{"edInstanceClassName":[["Data","Ring"],"Ring"],"edInstanceName":{"Ident":"ringUnit"},"edInstanceTypes":[{"tag":"TypeConstructor","contents":[["Data","Unit"],"Unit"]}],"edInstanceConstraints":[]}},{"EDInstance":{"edInstanceClassName":[["Data","Ring"],"Ring"],"edInstanceName":{"Ident":"ringFn"},"edInstanceTypes":[{"tag":"TypeApp","contents":[{"tag":"TypeApp","contents":[{"tag":"TypeConstructor","contents":[["Prim"],"Function"]},{"tag":"TypeVar","contents":"a"}]},{"tag":"TypeVar","contents":"b"}]}],"edInstanceConstraints":[{"constraintClass":[["Data","Ring"],"Ring"],"constraintArgs":[{"tag":"TypeVar","contents":"b"}],"constraintData":null}]}}],"efSourceSpan":{"start":[1,1],"name":"/home/dhruv/Final/bower_components/purescript-prelude/src/Data/Ring.purs","end":[38,46]}}