{"efVersion":"0.11.6","efModuleName":["Data","StrMap","ST","Unsafe"],"efExports":[{"ValueRef":[{"start":[1,1],"name":"/home/dhruv/Final/bower_components/purescript-maps/src/Data/StrMap/ST/Unsafe.purs","end":[11,92]},{"Ident":"unsafeFreeze"}]}],"efImports":[{"eiModule":["Prim"],"eiImportType":{"Implicit":[]},"eiImportedAs":null},{"eiModule":["Prim"],"eiImportType":{"Implicit":[]},"eiImportedAs":["Prim"]},{"eiModule":["Control","Monad","Eff"],"eiImportType":{"Explicit":[{"TypeRef":[{"start":[3,27],"name":"/home/dhruv/Final/bower_components/purescript-maps/src/Data/StrMap/ST/Unsafe.purs","end":[3,30]},"Eff",[]]}]},"eiImportedAs":null},{"eiModule":["Control","Monad","ST"],"eiImportType":{"Explicit":[{"TypeRef":[{"start":[4,26],"name":"/home/dhruv/Final/bower_components/purescript-maps/src/Data/StrMap/ST/Unsafe.purs","end":[4,28]},"ST",[]]}]},"eiImportedAs":null},{"eiModule":["Data","StrMap"],"eiImportType":{"Explicit":[{"TypeRef":[{"start":[5,21],"name":"/home/dhruv/Final/bower_components/purescript-maps/src/Data/StrMap/ST/Unsafe.purs","end":[5,27]},"StrMap",[]]}]},"eiImportedAs":null},{"eiModule":["Data","StrMap","ST"],"eiImportType":{"Explicit":[{"TypeRef":[{"start":[6,24],"name":"/home/dhruv/Final/bower_components/purescript-maps/src/Data/StrMap/ST/Unsafe.purs","end":[6,32]},"STStrMap",[]]}]},"eiImportedAs":null}],"efFixities":[],"efTypeFixities":[],"efDeclarations":[{"EDValue":{"edValueName":{"Ident":"unsafeFreeze"},"edValueType":{"tag":"ForAll","contents":["r",{"tag":"ForAll","contents":["h",{"tag":"ForAll","contents":["a",{"tag":"TypeApp","contents":[{"tag":"TypeApp","contents":[{"tag":"TypeConstructor","contents":[["Prim"],"Function"]},{"tag":"TypeApp","contents":[{"tag":"TypeApp","contents":[{"tag":"TypeConstructor","contents":[["Data","StrMap","ST"],"STStrMap"]},{"tag":"TypeVar","contents":"h"}]},{"tag":"TypeVar","contents":"a"}]}]},{"tag":"TypeApp","contents":[{"tag":"TypeApp","contents":[{"tag":"TypeConstructor","contents":[["Control","Monad","Eff"],"Eff"]},{"tag":"RCons","contents":["st",{"tag":"TypeApp","contents":[{"tag":"TypeConstructor","contents":[["Control","Monad","ST"],"ST"]},{"tag":"TypeVar","contents":"h"}]},{"tag":"TypeVar","contents":"r"}]}]},{"tag":"TypeApp","contents":[{"tag":"TypeConstructor","contents":[["Data","StrMap"],"StrMap"]},{"tag":"TypeVar","contents":"a"}]}]}]},null]},null]},null]}}}],"efSourceSpan":{"start":[1,1],"name":"/home/dhruv/Final/bower_components/purescript-maps/src/Data/StrMap/ST/Unsafe.purs","end":[11,92]}}