{"efVersion":"0.11.6","efModuleName":["Color","Scheme","MaterialDesign"],"efExports":[{"ValueRef":[{"start":[1,1],"name":"/home/dhruv/Final/bower_components/purescript-colors/src/Color/Scheme/MaterialDesign.purs","end":[62,23]},{"Ident":"amber"}]},{"ValueRef":[{"start":[1,1],"name":"/home/dhruv/Final/bower_components/purescript-colors/src/Color/Scheme/MaterialDesign.purs","end":[62,23]},{"Ident":"blue"}]},{"ValueRef":[{"start":[1,1],"name":"/home/dhruv/Final/bower_components/purescript-colors/src/Color/Scheme/MaterialDesign.purs","end":[62,23]},{"Ident":"blueGrey"}]},{"ValueRef":[{"start":[1,1],"name":"/home/dhruv/Final/bower_components/purescript-colors/src/Color/Scheme/MaterialDesign.purs","end":[62,23]},{"Ident":"brown"}]},{"ValueRef":[{"start":[1,1],"name":"/home/dhruv/Final/bower_components/purescript-colors/src/Color/Scheme/MaterialDesign.purs","end":[62,23]},{"Ident":"cyan"}]},{"ValueRef":[{"start":[1,1],"name":"/home/dhruv/Final/bower_components/purescript-colors/src/Color/Scheme/MaterialDesign.purs","end":[62,23]},{"Ident":"deepOrange"}]},{"ValueRef":[{"start":[1,1],"name":"/home/dhruv/Final/bower_components/purescript-colors/src/Color/Scheme/MaterialDesign.purs","end":[62,23]},{"Ident":"deepPurple"}]},{"ValueRef":[{"start":[1,1],"name":"/home/dhruv/Final/bower_components/purescript-colors/src/Color/Scheme/MaterialDesign.purs","end":[62,23]},{"Ident":"green"}]},{"ValueRef":[{"start":[1,1],"name":"/home/dhruv/Final/bower_components/purescript-colors/src/Color/Scheme/MaterialDesign.purs","end":[62,23]},{"Ident":"grey"}]},{"ValueRef":[{"start":[1,1],"name":"/home/dhruv/Final/bower_components/purescript-colors/src/Color/Scheme/MaterialDesign.purs","end":[62,23]},{"Ident":"indigo"}]},{"ValueRef":[{"start":[1,1],"name":"/home/dhruv/Final/bower_components/purescript-colors/src/Color/Scheme/MaterialDesign.purs","end":[62,23]},{"Ident":"lightBlue"}]},{"ValueRef":[{"start":[1,1],"name":"/home/dhruv/Final/bower_components/purescript-colors/src/Color/Scheme/MaterialDesign.purs","end":[62,23]},{"Ident":"lightGreen"}]},{"ValueRef":[{"start":[1,1],"name":"/home/dhruv/Final/bower_components/purescript-colors/src/Color/Scheme/MaterialDesign.purs","end":[62,23]},{"Ident":"lime"}]},{"ValueRef":[{"start":[1,1],"name":"/home/dhruv/Final/bower_components/purescript-colors/src/Color/Scheme/MaterialDesign.purs","end":[62,23]},{"Ident":"orange"}]},{"ValueRef":[{"start":[1,1],"name":"/home/dhruv/Final/bower_components/purescript-colors/src/Color/Scheme/MaterialDesign.purs","end":[62,23]},{"Ident":"pink"}]},{"ValueRef":[{"start":[1,1],"name":"/home/dhruv/Final/bower_components/purescript-colors/src/Color/Scheme/MaterialDesign.purs","end":[62,23]},{"Ident":"purple"}]},{"ValueRef":[{"start":[1,1],"name":"/home/dhruv/Final/bower_components/purescript-colors/src/Color/Scheme/MaterialDesign.purs","end":[62,23]},{"Ident":"red"}]},{"ValueRef":[{"start":[1,1],"name":"/home/dhruv/Final/bower_components/purescript-colors/src/Color/Scheme/MaterialDesign.purs","end":[62,23]},{"Ident":"teal"}]},{"ValueRef":[{"start":[1,1],"name":"/home/dhruv/Final/bower_components/purescript-colors/src/Color/Scheme/MaterialDesign.purs","end":[62,23]},{"Ident":"yellow"}]}],"efImports":[{"eiModule":["Prim"],"eiImportType":{"Implicit":[]},"eiImportedAs":null},{"eiModule":["Prim"],"eiImportType":{"Implicit":[]},"eiImportedAs":["Prim"]},{"eiModule":["Color"],"eiImportType":{"Explicit":[{"TypeRef":[{"start":[5,15],"name":"/home/dhruv/Final/bower_components/purescript-colors/src/Color/Scheme/MaterialDesign.purs","end":[5,20]},"Color",[]]},{"ValueRef":[{"start":[5,22],"name":"/home/dhruv/Final/bower_components/purescript-colors/src/Color/Scheme/MaterialDesign.purs","end":[5,25]},{"Ident":"rgb"}]}]},"eiImportedAs":null}],"efFixities":[],"efTypeFixities":[],"efDeclarations":[{"EDValue":{"edValueName":{"Ident":"amber"},"edValueType":{"tag":"TypeConstructor","contents":[["Color"],"Color"]}}},{"EDValue":{"edValueName":{"Ident":"blue"},"edValueType":{"tag":"TypeConstructor","contents":[["Color"],"Color"]}}},{"EDValue":{"edValueName":{"Ident":"blueGrey"},"edValueType":{"tag":"TypeConstructor","contents":[["Color"],"Color"]}}},{"EDValue":{"edValueName":{"Ident":"brown"},"edValueType":{"tag":"TypeConstructor","contents":[["Color"],"Color"]}}},{"EDValue":{"edValueName":{"Ident":"cyan"},"edValueType":{"tag":"TypeConstructor","contents":[["Color"],"Color"]}}},{"EDValue":{"edValueName":{"Ident":"deepOrange"},"edValueType":{"tag":"TypeConstructor","contents":[["Color"],"Color"]}}},{"EDValue":{"edValueName":{"Ident":"deepPurple"},"edValueType":{"tag":"TypeConstructor","contents":[["Color"],"Color"]}}},{"EDValue":{"edValueName":{"Ident":"green"},"edValueType":{"tag":"TypeConstructor","contents":[["Color"],"Color"]}}},{"EDValue":{"edValueName":{"Ident":"grey"},"edValueType":{"tag":"TypeConstructor","contents":[["Color"],"Color"]}}},{"EDValue":{"edValueName":{"Ident":"indigo"},"edValueType":{"tag":"TypeConstructor","contents":[["Color"],"Color"]}}},{"EDValue":{"edValueName":{"Ident":"lightBlue"},"edValueType":{"tag":"TypeConstructor","contents":[["Color"],"Color"]}}},{"EDValue":{"edValueName":{"Ident":"lightGreen"},"edValueType":{"tag":"TypeConstructor","contents":[["Color"],"Color"]}}},{"EDValue":{"edValueName":{"Ident":"lime"},"edValueType":{"tag":"TypeConstructor","contents":[["Color"],"Color"]}}},{"EDValue":{"edValueName":{"Ident":"orange"},"edValueType":{"tag":"TypeConstructor","contents":[["Color"],"Color"]}}},{"EDValue":{"edValueName":{"Ident":"pink"},"edValueType":{"tag":"TypeConstructor","contents":[["Color"],"Color"]}}},{"EDValue":{"edValueName":{"Ident":"purple"},"edValueType":{"tag":"TypeConstructor","contents":[["Color"],"Color"]}}},{"EDValue":{"edValueName":{"Ident":"red"},"edValueType":{"tag":"TypeConstructor","contents":[["Color"],"Color"]}}},{"EDValue":{"edValueName":{"Ident":"teal"},"edValueType":{"tag":"TypeConstructor","contents":[["Color"],"Color"]}}},{"EDValue":{"edValueName":{"Ident":"yellow"},"edValueType":{"tag":"TypeConstructor","contents":[["Color"],"Color"]}}}],"efSourceSpan":{"start":[1,1],"name":"/home/dhruv/Final/bower_components/purescript-colors/src/Color/Scheme/MaterialDesign.purs","end":[62,23]}}