{"efVersion":"0.11.6","efModuleName":["DOM","WebStorage","Event","Types"],"efExports":[{"TypeRef":[{"start":[1,1],"name":"/home/dhruv/Final/bower_components/purescript-dom/src/DOM/WebStorage/Event/Types.purs","end":[15,25]},"StorageEvent",[]]},{"ValueRef":[{"start":[1,1],"name":"/home/dhruv/Final/bower_components/purescript-dom/src/DOM/WebStorage/Event/Types.purs","end":[15,25]},{"Ident":"readStorageEvent"}]},{"ValueRef":[{"start":[1,1],"name":"/home/dhruv/Final/bower_components/purescript-dom/src/DOM/WebStorage/Event/Types.purs","end":[15,25]},{"Ident":"storageEventToEvent"}]}],"efImports":[{"eiModule":["Prim"],"eiImportType":{"Implicit":[]},"eiImportedAs":null},{"eiModule":["Prim"],"eiImportType":{"Implicit":[]},"eiImportedAs":["Prim"]},{"eiModule":["Data","Foreign"],"eiImportType":{"Explicit":[{"TypeRef":[{"start":[3,22],"name":"/home/dhruv/Final/bower_components/purescript-dom/src/DOM/WebStorage/Event/Types.purs","end":[3,29]},"Foreign",[]]},{"TypeRef":[{"start":[3,31],"name":"/home/dhruv/Final/bower_components/purescript-dom/src/DOM/WebStorage/Event/Types.purs","end":[3,32]},"F",[]]},{"ValueRef":[{"start":[3,34],"name":"/home/dhruv/Final/bower_components/purescript-dom/src/DOM/WebStorage/Event/Types.purs","end":[3,50]},{"Ident":"unsafeReadTagged"}]}]},"eiImportedAs":null},{"eiModule":["DOM","Event","Types"],"eiImportType":{"Explicit":[{"TypeRef":[{"start":[5,25],"name":"/home/dhruv/Final/bower_components/purescript-dom/src/DOM/WebStorage/Event/Types.purs","end":[5,30]},"Event",[]]}]},"eiImportedAs":null},{"eiModule":["Unsafe","Coerce"],"eiImportType":{"Implicit":[]},"eiImportedAs":["U"]}],"efFixities":[],"efTypeFixities":[],"efDeclarations":[{"EDType":{"edTypeName":"StorageEvent","edTypeKind":{"tag":"NamedKind","contents":[["Prim"],"Type"]},"edTypeDeclarationKind":"ExternData"}},{"EDValue":{"edValueName":{"Ident":"readStorageEvent"},"edValueType":{"tag":"TypeApp","contents":[{"tag":"TypeApp","contents":[{"tag":"TypeConstructor","contents":[["Prim"],"Function"]},{"tag":"TypeConstructor","contents":[["Data","Foreign"],"Foreign"]}]},{"tag":"TypeApp","contents":[{"tag":"TypeApp","contents":[{"tag":"TypeApp","contents":[{"tag":"TypeConstructor","contents":[["Control","Monad","Except","Trans"],"ExceptT"]},{"tag":"TypeApp","contents":[{"tag":"TypeConstructor","contents":[["Data","List","Types"],"NonEmptyList"]},{"tag":"TypeConstructor","contents":[["Data","Foreign"],"ForeignError"]}]}]},{"tag":"TypeConstructor","contents":[["Data","Identity"],"Identity"]}]},{"tag":"TypeConstructor","contents":[["DOM","WebStorage","Event","Types"],"StorageEvent"]}]}]}}},{"EDValue":{"edValueName":{"Ident":"storageEventToEvent"},"edValueType":{"tag":"TypeApp","contents":[{"tag":"TypeApp","contents":[{"tag":"TypeConstructor","contents":[["Prim"],"Function"]},{"tag":"TypeConstructor","contents":[["DOM","WebStorage","Event","Types"],"StorageEvent"]}]},{"tag":"TypeConstructor","contents":[["DOM","Event","Types"],"Event"]}]}}}],"efSourceSpan":{"start":[1,1],"name":"/home/dhruv/Final/bower_components/purescript-dom/src/DOM/WebStorage/Event/Types.purs","end":[15,25]}}