{"efVersion":"0.11.6","efModuleName":["DOM","File","FileReader"],"efExports":[{"ValueRef":[{"start":[1,1],"name":"/home/dhruv/Final/bower_components/purescript-dom/src/DOM/File/FileReader.purs","end":[39,90]},{"Ident":"abort"}]},{"ValueRef":[{"start":[1,1],"name":"/home/dhruv/Final/bower_components/purescript-dom/src/DOM/File/FileReader.purs","end":[39,90]},{"Ident":"fileReader"}]},{"ValueRef":[{"start":[1,1],"name":"/home/dhruv/Final/bower_components/purescript-dom/src/DOM/File/FileReader.purs","end":[39,90]},{"Ident":"readAsArrayBuffer"}]},{"ValueRef":[{"start":[1,1],"name":"/home/dhruv/Final/bower_components/purescript-dom/src/DOM/File/FileReader.purs","end":[39,90]},{"Ident":"readAsDataURL"}]},{"ValueRef":[{"start":[1,1],"name":"/home/dhruv/Final/bower_components/purescript-dom/src/DOM/File/FileReader.purs","end":[39,90]},{"Ident":"readAsText"}]},{"ValueRef":[{"start":[1,1],"name":"/home/dhruv/Final/bower_components/purescript-dom/src/DOM/File/FileReader.purs","end":[39,90]},{"Ident":"readyState"}]},{"ValueRef":[{"start":[1,1],"name":"/home/dhruv/Final/bower_components/purescript-dom/src/DOM/File/FileReader.purs","end":[39,90]},{"Ident":"result"}]}],"efImports":[{"eiModule":["Prim"],"eiImportType":{"Implicit":[]},"eiImportedAs":null},{"eiModule":["Prim"],"eiImportType":{"Implicit":[]},"eiImportedAs":["Prim"]},{"eiModule":["Prelude"],"eiImportType":{"Implicit":[]},"eiImportedAs":null},{"eiModule":["Control","Monad","Eff"],"eiImportType":{"Explicit":[{"TypeRef":[{"start":[12,27],"name":"/home/dhruv/Final/bower_components/purescript-dom/src/DOM/File/FileReader.purs","end":[12,30]},"Eff",[]]}]},"eiImportedAs":null},{"eiModule":["DOM"],"eiImportType":{"Explicit":[{"TypeRef":[{"start":[13,13],"name":"/home/dhruv/Final/bower_components/purescript-dom/src/DOM/File/FileReader.purs","end":[13,16]},"DOM",[]]}]},"eiImportedAs":null},{"eiModule":["DOM","File","FileReader","ReadyState"],"eiImportType":{"Explicit":[{"ValueRef":[{"start":[14,40],"name":"/home/dhruv/Final/bower_components/purescript-dom/src/DOM/File/FileReader.purs","end":[14,56]},{"Ident":"toEnumReadyState"}]},{"TypeRef":[{"start":[14,58],"name":"/home/dhruv/Final/bower_components/purescript-dom/src/DOM/File/FileReader.purs","end":[14,68]},"ReadyState",[]]}]},"eiImportedAs":null},{"eiModule":["DOM","File","Types"],"eiImportType":{"Explicit":[{"TypeRef":[{"start":[15,24],"name":"/home/dhruv/Final/bower_components/purescript-dom/src/DOM/File/FileReader.purs","end":[15,28]},"Blob",[]]},{"TypeRef":[{"start":[15,30],"name":"/home/dhruv/Final/bower_components/purescript-dom/src/DOM/File/FileReader.purs","end":[15,40]},"FileReader",[]]}]},"eiImportedAs":null},{"eiModule":["Data","Foreign"],"eiImportType":{"Explicit":[{"TypeRef":[{"start":[16,22],"name":"/home/dhruv/Final/bower_components/purescript-dom/src/DOM/File/FileReader.purs","end":[16,29]},"Foreign",[]]}]},"eiImportedAs":null},{"eiModule":["Data","Maybe"],"eiImportType":{"Explicit":[{"ValueRef":[{"start":[17,20],"name":"/home/dhruv/Final/bower_components/purescript-dom/src/DOM/File/FileReader.purs","end":[17,28]},{"Ident":"fromJust"}]}]},"eiImportedAs":null},{"eiModule":["Partial","Unsafe"],"eiImportType":{"Explicit":[{"ValueRef":[{"start":[18,24],"name":"/home/dhruv/Final/bower_components/purescript-dom/src/DOM/File/FileReader.purs","end":[18,37]},{"Ident":"unsafePartial"}]}]},"eiImportedAs":null}],"efFixities":[],"efTypeFixities":[],"efDeclarations":[{"EDValue":{"edValueName":{"Ident":"abort"},"edValueType":{"tag":"TypeApp","contents":[{"tag":"TypeApp","contents":[{"tag":"TypeConstructor","contents":[["Prim"],"Function"]},{"tag":"TypeConstructor","contents":[["DOM","File","Types"],"FileReader"]}]},{"tag":"ForAll","contents":["eff",{"tag":"TypeApp","contents":[{"tag":"TypeApp","contents":[{"tag":"TypeConstructor","contents":[["Control","Monad","Eff"],"Eff"]},{"tag":"RCons","contents":["dom",{"tag":"TypeConstructor","contents":[["DOM"],"DOM"]},{"tag":"TypeVar","contents":"eff"}]}]},{"tag":"TypeConstructor","contents":[["Data","Unit"],"Unit"]}]},null]}]}}},{"EDValue":{"edValueName":{"Ident":"fileReader"},"edValueType":{"tag":"ForAll","contents":["eff",{"tag":"TypeApp","contents":[{"tag":"TypeApp","contents":[{"tag":"TypeConstructor","contents":[["Control","Monad","Eff"],"Eff"]},{"tag":"RCons","contents":["dom",{"tag":"TypeConstructor","contents":[["DOM"],"DOM"]},{"tag":"TypeVar","contents":"eff"}]}]},{"tag":"TypeConstructor","contents":[["DOM","File","Types"],"FileReader"]}]},null]}}},{"EDValue":{"edValueName":{"Ident":"readAsArrayBuffer"},"edValueType":{"tag":"TypeApp","contents":[{"tag":"TypeApp","contents":[{"tag":"TypeConstructor","contents":[["Prim"],"Function"]},{"tag":"TypeConstructor","contents":[["DOM","File","Types"],"Blob"]}]},{"tag":"TypeApp","contents":[{"tag":"TypeApp","contents":[{"tag":"TypeConstructor","contents":[["Prim"],"Function"]},{"tag":"TypeConstructor","contents":[["DOM","File","Types"],"FileReader"]}]},{"tag":"ForAll","contents":["eff",{"tag":"TypeApp","contents":[{"tag":"TypeApp","contents":[{"tag":"TypeConstructor","contents":[["Control","Monad","Eff"],"Eff"]},{"tag":"RCons","contents":["dom",{"tag":"TypeConstructor","contents":[["DOM"],"DOM"]},{"tag":"TypeVar","contents":"eff"}]}]},{"tag":"TypeConstructor","contents":[["Data","Unit"],"Unit"]}]},null]}]}]}}},{"EDValue":{"edValueName":{"Ident":"readAsDataURL"},"edValueType":{"tag":"TypeApp","contents":[{"tag":"TypeApp","contents":[{"tag":"TypeConstructor","contents":[["Prim"],"Function"]},{"tag":"TypeConstructor","contents":[["DOM","File","Types"],"Blob"]}]},{"tag":"TypeApp","contents":[{"tag":"TypeApp","contents":[{"tag":"TypeConstructor","contents":[["Prim"],"Function"]},{"tag":"TypeConstructor","contents":[["DOM","File","Types"],"FileReader"]}]},{"tag":"ForAll","contents":["eff",{"tag":"TypeApp","contents":[{"tag":"TypeApp","contents":[{"tag":"TypeConstructor","contents":[["Control","Monad","Eff"],"Eff"]},{"tag":"RCons","contents":["dom",{"tag":"TypeConstructor","contents":[["DOM"],"DOM"]},{"tag":"TypeVar","contents":"eff"}]}]},{"tag":"TypeConstructor","contents":[["Data","Unit"],"Unit"]}]},null]}]}]}}},{"EDValue":{"edValueName":{"Ident":"readAsText"},"edValueType":{"tag":"TypeApp","contents":[{"tag":"TypeApp","contents":[{"tag":"TypeConstructor","contents":[["Prim"],"Function"]},{"tag":"TypeConstructor","contents":[["DOM","File","Types"],"Blob"]}]},{"tag":"TypeApp","contents":[{"tag":"TypeApp","contents":[{"tag":"TypeConstructor","contents":[["Prim"],"Function"]},{"tag":"TypeConstructor","contents":[["DOM","File","Types"],"FileReader"]}]},{"tag":"ForAll","contents":["eff",{"tag":"TypeApp","contents":[{"tag":"TypeApp","contents":[{"tag":"TypeConstructor","contents":[["Control","Monad","Eff"],"Eff"]},{"tag":"RCons","contents":["dom",{"tag":"TypeConstructor","contents":[["DOM"],"DOM"]},{"tag":"TypeVar","contents":"eff"}]}]},{"tag":"TypeConstructor","contents":[["Data","Unit"],"Unit"]}]},null]}]}]}}},{"EDValue":{"edValueName":{"Ident":"readyState"},"edValueType":{"tag":"ForAll","contents":["eff",{"tag":"TypeApp","contents":[{"tag":"TypeApp","contents":[{"tag":"TypeConstructor","contents":[["Prim"],"Function"]},{"tag":"TypeConstructor","contents":[["DOM","File","Types"],"FileReader"]}]},{"tag":"TypeApp","contents":[{"tag":"TypeApp","contents":[{"tag":"TypeConstructor","contents":[["Control","Monad","Eff"],"Eff"]},{"tag":"RCons","contents":["dom",{"tag":"TypeConstructor","contents":[["DOM"],"DOM"]},{"tag":"TypeVar","contents":"eff"}]}]},{"tag":"TypeConstructor","contents":[["DOM","File","FileReader","ReadyState"],"ReadyState"]}]}]},0]}}},{"EDValue":{"edValueName":{"Ident":"result"},"edValueType":{"tag":"ForAll","contents":["eff",{"tag":"TypeApp","contents":[{"tag":"TypeApp","contents":[{"tag":"TypeConstructor","contents":[["Prim"],"Function"]},{"tag":"TypeConstructor","contents":[["DOM","File","Types"],"FileReader"]}]},{"tag":"TypeApp","contents":[{"tag":"TypeApp","contents":[{"tag":"TypeConstructor","contents":[["Control","Monad","Eff"],"Eff"]},{"tag":"RCons","contents":["dom",{"tag":"TypeConstructor","contents":[["DOM"],"DOM"]},{"tag":"TypeVar","contents":"eff"}]}]},{"tag":"TypeConstructor","contents":[["Data","Foreign"],"Foreign"]}]}]},null]}}}],"efSourceSpan":{"start":[1,1],"name":"/home/dhruv/Final/bower_components/purescript-dom/src/DOM/File/FileReader.purs","end":[39,90]}}