{"efVersion":"0.11.6","efModuleName":["DOM","XHR","FormData"],"efExports":[{"TypeRef":[{"start":[1,1],"name":"/home/dhruv/Final/bower_components/purescript-dom/src/DOM/XHR/FormData.purs","end":[30,82]},"FormDataValue",["FormDataString","FormDataFile","FormDataBlob"]]},{"ValueRef":[{"start":[1,1],"name":"/home/dhruv/Final/bower_components/purescript-dom/src/DOM/XHR/FormData.purs","end":[30,82]},{"Ident":"toFormData"}]}],"efImports":[{"eiModule":["Prim"],"eiImportType":{"Implicit":[]},"eiImportedAs":null},{"eiModule":["Prim"],"eiImportType":{"Implicit":[]},"eiImportedAs":["Prim"]},{"eiModule":["Prelude"],"eiImportType":{"Implicit":[]},"eiImportedAs":null},{"eiModule":["Data","Foldable"],"eiImportType":{"Explicit":[{"TypeClassRef":[{"start":[4,23],"name":"/home/dhruv/Final/bower_components/purescript-dom/src/DOM/XHR/FormData.purs","end":[4,37]},"Foldable"]},{"ValueRef":[{"start":[4,39],"name":"/home/dhruv/Final/bower_components/purescript-dom/src/DOM/XHR/FormData.purs","end":[4,46]},{"Ident":"foldMap"}]}]},"eiImportedAs":null},{"eiModule":["Data","Tuple"],"eiImportType":{"Explicit":[{"TypeRef":[{"start":[5,20],"name":"/home/dhruv/Final/bower_components/purescript-dom/src/DOM/XHR/FormData.purs","end":[5,29]},"Tuple",null]}]},"eiImportedAs":null},{"eiModule":["DOM","File","Types"],"eiImportType":{"Explicit":[{"TypeRef":[{"start":[6,24],"name":"/home/dhruv/Final/bower_components/purescript-dom/src/DOM/XHR/FormData.purs","end":[6,28]},"Blob",[]]},{"TypeRef":[{"start":[6,30],"name":"/home/dhruv/Final/bower_components/purescript-dom/src/DOM/XHR/FormData.purs","end":[6,34]},"File",[]]}]},"eiImportedAs":null},{"eiModule":["DOM","XHR","Types"],"eiImportType":{"Explicit":[{"TypeRef":[{"start":[7,23],"name":"/home/dhruv/Final/bower_components/purescript-dom/src/DOM/XHR/FormData.purs","end":[7,31]},"FormData",[]]}]},"eiImportedAs":null}],"efFixities":[],"efTypeFixities":[],"efDeclarations":[{"EDType":{"edTypeName":"FormDataValue","edTypeKind":{"tag":"NamedKind","contents":[["Prim"],"Type"]},"edTypeDeclarationKind":{"DataType":{"args":[],"ctors":[["FormDataString",[{"tag":"TypeConstructor","contents":[["Prim"],"String"]}]],["FormDataFile",[{"tag":"TypeConstructor","contents":[["Prim"],"String"]},{"tag":"TypeConstructor","contents":[["DOM","File","Types"],"File"]}]],["FormDataBlob",[{"tag":"TypeConstructor","contents":[["Prim"],"String"]},{"tag":"TypeConstructor","contents":[["DOM","File","Types"],"Blob"]}]]]}}}},{"EDDataConstructor":{"edDataCtorName":"FormDataString","edDataCtorOrigin":"data","edDataCtorTypeCtor":"FormDataValue","edDataCtorType":{"tag":"TypeApp","contents":[{"tag":"TypeApp","contents":[{"tag":"TypeConstructor","contents":[["Prim"],"Function"]},{"tag":"TypeConstructor","contents":[["Prim"],"String"]}]},{"tag":"TypeConstructor","contents":[["DOM","XHR","FormData"],"FormDataValue"]}]},"edDataCtorFields":[{"Ident":"value0"}]}},{"EDDataConstructor":{"edDataCtorName":"FormDataFile","edDataCtorOrigin":"data","edDataCtorTypeCtor":"FormDataValue","edDataCtorType":{"tag":"TypeApp","contents":[{"tag":"TypeApp","contents":[{"tag":"TypeConstructor","contents":[["Prim"],"Function"]},{"tag":"TypeConstructor","contents":[["Prim"],"String"]}]},{"tag":"TypeApp","contents":[{"tag":"TypeApp","contents":[{"tag":"TypeConstructor","contents":[["Prim"],"Function"]},{"tag":"TypeConstructor","contents":[["DOM","File","Types"],"File"]}]},{"tag":"TypeConstructor","contents":[["DOM","XHR","FormData"],"FormDataValue"]}]}]},"edDataCtorFields":[{"Ident":"value0"},{"Ident":"value1"}]}},{"EDDataConstructor":{"edDataCtorName":"FormDataBlob","edDataCtorOrigin":"data","edDataCtorTypeCtor":"FormDataValue","edDataCtorType":{"tag":"TypeApp","contents":[{"tag":"TypeApp","contents":[{"tag":"TypeConstructor","contents":[["Prim"],"Function"]},{"tag":"TypeConstructor","contents":[["Prim"],"String"]}]},{"tag":"TypeApp","contents":[{"tag":"TypeApp","contents":[{"tag":"TypeConstructor","contents":[["Prim"],"Function"]},{"tag":"TypeConstructor","contents":[["DOM","File","Types"],"Blob"]}]},{"tag":"TypeConstructor","contents":[["DOM","XHR","FormData"],"FormDataValue"]}]}]},"edDataCtorFields":[{"Ident":"value0"},{"Ident":"value1"}]}},{"EDValue":{"edValueName":{"Ident":"toFormData"},"edValueType":{"tag":"ForAll","contents":["f",{"tag":"ConstrainedType","contents":[{"constraintClass":[["Data","Foldable"],"Foldable"],"constraintArgs":[{"tag":"TypeVar","contents":"f"}],"constraintData":null},{"tag":"TypeApp","contents":[{"tag":"TypeApp","contents":[{"tag":"TypeConstructor","contents":[["Prim"],"Function"]},{"tag":"TypeApp","contents":[{"tag":"TypeVar","contents":"f"},{"tag":"TypeApp","contents":[{"tag":"TypeApp","contents":[{"tag":"TypeConstructor","contents":[["Data","Tuple"],"Tuple"]},{"tag":"TypeConstructor","contents":[["Prim"],"String"]}]},{"tag":"TypeConstructor","contents":[["DOM","XHR","FormData"],"FormDataValue"]}]}]}]},{"tag":"TypeConstructor","contents":[["DOM","XHR","Types"],"FormData"]}]}]},0]}}}],"efSourceSpan":{"start":[1,1],"name":"/home/dhruv/Final/bower_components/purescript-dom/src/DOM/XHR/FormData.purs","end":[30,82]}}