{"efVersion":"0.11.6","efModuleName":["Data","DateTime","Instant"],"efExports":[{"TypeRef":[{"start":[1,1],"name":"/home/dhruv/Final/bower_components/purescript-datetime/src/Data/DateTime/Instant.purs","end":[78,124]},"Instant",[]]},{"ValueRef":[{"start":[1,1],"name":"/home/dhruv/Final/bower_components/purescript-datetime/src/Data/DateTime/Instant.purs","end":[78,124]},{"Ident":"fromDate"}]},{"ValueRef":[{"start":[1,1],"name":"/home/dhruv/Final/bower_components/purescript-datetime/src/Data/DateTime/Instant.purs","end":[78,124]},{"Ident":"fromDateTime"}]},{"ValueRef":[{"start":[1,1],"name":"/home/dhruv/Final/bower_components/purescript-datetime/src/Data/DateTime/Instant.purs","end":[78,124]},{"Ident":"instant"}]},{"ValueRef":[{"start":[1,1],"name":"/home/dhruv/Final/bower_components/purescript-datetime/src/Data/DateTime/Instant.purs","end":[78,124]},{"Ident":"toDateTime"}]},{"ValueRef":[{"start":[1,1],"name":"/home/dhruv/Final/bower_components/purescript-datetime/src/Data/DateTime/Instant.purs","end":[78,124]},{"Ident":"unInstant"}]},{"TypeInstanceRef":[{"start":[0,0],"name":"<generated>","end":[0,0]},{"Ident":"eqDateTime"}]},{"TypeInstanceRef":[{"start":[0,0],"name":"<generated>","end":[0,0]},{"Ident":"ordDateTime"}]},{"TypeInstanceRef":[{"start":[0,0],"name":"<generated>","end":[0,0]},{"Ident":"genericDateTime"}]},{"TypeInstanceRef":[{"start":[0,0],"name":"<generated>","end":[0,0]},{"Ident":"boundedInstant"}]},{"TypeInstanceRef":[{"start":[0,0],"name":"<generated>","end":[0,0]},{"Ident":"showInstant"}]}],"efImports":[{"eiModule":["Prim"],"eiImportType":{"Implicit":[]},"eiImportedAs":null},{"eiModule":["Prim"],"eiImportType":{"Implicit":[]},"eiImportedAs":["Prim"]},{"eiModule":["Prelude"],"eiImportType":{"Implicit":[]},"eiImportedAs":null},{"eiModule":["Data","DateTime"],"eiImportType":{"Explicit":[{"TypeRef":[{"start":[12,23],"name":"/home/dhruv/Final/bower_components/purescript-datetime/src/Data/DateTime/Instant.purs","end":[12,34]},"Millisecond",[]]},{"TypeRef":[{"start":[12,36],"name":"/home/dhruv/Final/bower_components/purescript-datetime/src/Data/DateTime/Instant.purs","end":[12,42]},"Second",[]]},{"TypeRef":[{"start":[12,44],"name":"/home/dhruv/Final/bower_components/purescript-datetime/src/Data/DateTime/Instant.purs","end":[12,50]},"Minute",[]]},{"TypeRef":[{"start":[12,52],"name":"/home/dhruv/Final/bower_components/purescript-datetime/src/Data/DateTime/Instant.purs","end":[12,56]},"Hour",[]]},{"TypeRef":[{"start":[12,58],"name":"/home/dhruv/Final/bower_components/purescript-datetime/src/Data/DateTime/Instant.purs","end":[12,61]},"Day",[]]},{"TypeRef":[{"start":[12,63],"name":"/home/dhruv/Final/bower_components/purescript-datetime/src/Data/DateTime/Instant.purs","end":[12,67]},"Year",[]]},{"TypeRef":[{"start":[12,69],"name":"/home/dhruv/Final/bower_components/purescript-datetime/src/Data/DateTime/Instant.purs","end":[12,81]},"DateTime",null]},{"TypeRef":[{"start":[12,83],"name":"/home/dhruv/Final/bower_components/purescript-datetime/src/Data/DateTime/Instant.purs","end":[12,87]},"Date",[]]},{"TypeRef":[{"start":[12,89],"name":"/home/dhruv/Final/bower_components/purescript-datetime/src/Data/DateTime/Instant.purs","end":[12,97]},"Time",null]},{"ValueRef":[{"start":[12,99],"name":"/home/dhruv/Final/bower_components/purescript-datetime/src/Data/DateTime/Instant.purs","end":[12,112]},{"Ident":"canonicalDate"}]},{"ValueRef":[{"start":[12,114],"name":"/home/dhruv/Final/bower_components/purescript-datetime/src/Data/DateTime/Instant.purs","end":[12,125]},{"Ident":"millisecond"}]},{"ValueRef":[{"start":[12,127],"name":"/home/dhruv/Final/bower_components/purescript-datetime/src/Data/DateTime/Instant.purs","end":[12,133]},{"Ident":"second"}]},{"ValueRef":[{"start":[12,135],"name":"/home/dhruv/Final/bower_components/purescript-datetime/src/Data/DateTime/Instant.purs","end":[12,141]},{"Ident":"minute"}]},{"ValueRef":[{"start":[12,143],"name":"/home/dhruv/Final/bower_components/purescript-datetime/src/Data/DateTime/Instant.purs","end":[12,147]},{"Ident":"hour"}]},{"ValueRef":[{"start":[12,149],"name":"/home/dhruv/Final/bower_components/purescript-datetime/src/Data/DateTime/Instant.purs","end":[12,152]},{"Ident":"day"}]},{"ValueRef":[{"start":[12,154],"name":"/home/dhruv/Final/bower_components/purescript-datetime/src/Data/DateTime/Instant.purs","end":[12,159]},{"Ident":"month"}]},{"ValueRef":[{"start":[12,161],"name":"/home/dhruv/Final/bower_components/purescript-datetime/src/Data/DateTime/Instant.purs","end":[12,165]},{"Ident":"year"}]}]},"eiImportedAs":null},{"eiModule":["Data","Enum"],"eiImportType":{"Explicit":[{"ValueRef":[{"start":[13,19],"name":"/home/dhruv/Final/bower_components/purescript-datetime/src/Data/DateTime/Instant.purs","end":[13,27]},{"Ident":"fromEnum"}]},{"ValueRef":[{"start":[13,29],"name":"/home/dhruv/Final/bower_components/purescript-datetime/src/Data/DateTime/Instant.purs","end":[13,35]},{"Ident":"toEnum"}]}]},"eiImportedAs":null},{"eiModule":["Data","Function","Uncurried"],"eiImportType":{"Explicit":[{"TypeRef":[{"start":[14,33],"name":"/home/dhruv/Final/bower_components/purescript-datetime/src/Data/DateTime/Instant.purs","end":[14,36]},"Fn7",[]]},{"ValueRef":[{"start":[14,38],"name":"/home/dhruv/Final/bower_components/purescript-datetime/src/Data/DateTime/Instant.purs","end":[14,44]},{"Ident":"runFn7"}]}]},"eiImportedAs":null},{"eiModule":["Data","Generic"],"eiImportType":{"Explicit":[{"TypeClassRef":[{"start":[15,22],"name":"/home/dhruv/Final/bower_components/purescript-datetime/src/Data/DateTime/Instant.purs","end":[15,35]},"Generic"]}]},"eiImportedAs":null},{"eiModule":["Data","Maybe"],"eiImportType":{"Explicit":[{"TypeRef":[{"start":[16,20],"name":"/home/dhruv/Final/bower_components/purescript-datetime/src/Data/DateTime/Instant.purs","end":[16,29]},"Maybe",null]},{"ValueRef":[{"start":[16,31],"name":"/home/dhruv/Final/bower_components/purescript-datetime/src/Data/DateTime/Instant.purs","end":[16,39]},{"Ident":"fromJust"}]}]},"eiImportedAs":null},{"eiModule":["Data","Time","Duration"],"eiImportType":{"Explicit":[{"TypeRef":[{"start":[17,28],"name":"/home/dhruv/Final/bower_components/purescript-datetime/src/Data/DateTime/Instant.purs","end":[17,44]},"Milliseconds",null]}]},"eiImportedAs":null},{"eiModule":["Partial","Unsafe"],"eiImportType":{"Explicit":[{"ValueRef":[{"start":[19,24],"name":"/home/dhruv/Final/bower_components/purescript-datetime/src/Data/DateTime/Instant.purs","end":[19,37]},{"Ident":"unsafePartial"}]}]},"eiImportedAs":null}],"efFixities":[],"efTypeFixities":[],"efDeclarations":[{"EDType":{"edTypeName":"Instant","edTypeKind":{"tag":"NamedKind","contents":[["Prim"],"Type"]},"edTypeDeclarationKind":{"DataType":{"args":[],"ctors":[["Instant",[{"tag":"TypeConstructor","contents":[["Data","Time","Duration"],"Milliseconds"]}]]]}}}},{"EDValue":{"edValueName":{"Ident":"fromDate"},"edValueType":{"tag":"TypeApp","contents":[{"tag":"TypeApp","contents":[{"tag":"TypeConstructor","contents":[["Prim"],"Function"]},{"tag":"TypeConstructor","contents":[["Data","Date"],"Date"]}]},{"tag":"TypeConstructor","contents":[["Data","DateTime","Instant"],"Instant"]}]}}},{"EDValue":{"edValueName":{"Ident":"fromDateTime"},"edValueType":{"tag":"TypeApp","contents":[{"tag":"TypeApp","contents":[{"tag":"TypeConstructor","contents":[["Prim"],"Function"]},{"tag":"TypeConstructor","contents":[["Data","DateTime"],"DateTime"]}]},{"tag":"TypeConstructor","contents":[["Data","DateTime","Instant"],"Instant"]}]}}},{"EDValue":{"edValueName":{"Ident":"instant"},"edValueType":{"tag":"TypeApp","contents":[{"tag":"TypeApp","contents":[{"tag":"TypeConstructor","contents":[["Prim"],"Function"]},{"tag":"TypeConstructor","contents":[["Data","Time","Duration"],"Milliseconds"]}]},{"tag":"TypeApp","contents":[{"tag":"TypeConstructor","contents":[["Data","Maybe"],"Maybe"]},{"tag":"TypeConstructor","contents":[["Data","DateTime","Instant"],"Instant"]}]}]}}},{"EDValue":{"edValueName":{"Ident":"toDateTime"},"edValueType":{"tag":"TypeApp","contents":[{"tag":"TypeApp","contents":[{"tag":"TypeConstructor","contents":[["Prim"],"Function"]},{"tag":"TypeConstructor","contents":[["Data","DateTime","Instant"],"Instant"]}]},{"tag":"TypeConstructor","contents":[["Data","DateTime"],"DateTime"]}]}}},{"EDValue":{"edValueName":{"Ident":"unInstant"},"edValueType":{"tag":"TypeApp","contents":[{"tag":"TypeApp","contents":[{"tag":"TypeConstructor","contents":[["Prim"],"Function"]},{"tag":"TypeConstructor","contents":[["Data","DateTime","Instant"],"Instant"]}]},{"tag":"TypeConstructor","contents":[["Data","Time","Duration"],"Milliseconds"]}]}}},{"EDInstance":{"edInstanceClassName":[["Data","Eq"],"Eq"],"edInstanceName":{"Ident":"eqDateTime"},"edInstanceTypes":[{"tag":"TypeConstructor","contents":[["Data","DateTime","Instant"],"Instant"]}],"edInstanceConstraints":[]}},{"EDInstance":{"edInstanceClassName":[["Data","Ord"],"Ord"],"edInstanceName":{"Ident":"ordDateTime"},"edInstanceTypes":[{"tag":"TypeConstructor","contents":[["Data","DateTime","Instant"],"Instant"]}],"edInstanceConstraints":[]}},{"EDInstance":{"edInstanceClassName":[["Data","Generic"],"Generic"],"edInstanceName":{"Ident":"genericDateTime"},"edInstanceTypes":[{"tag":"TypeConstructor","contents":[["Data","DateTime","Instant"],"Instant"]}],"edInstanceConstraints":[]}},{"EDInstance":{"edInstanceClassName":[["Data","Bounded"],"Bounded"],"edInstanceName":{"Ident":"boundedInstant"},"edInstanceTypes":[{"tag":"TypeConstructor","contents":[["Data","DateTime","Instant"],"Instant"]}],"edInstanceConstraints":[]}},{"EDInstance":{"edInstanceClassName":[["Data","Show"],"Show"],"edInstanceName":{"Ident":"showInstant"},"edInstanceTypes":[{"tag":"TypeConstructor","contents":[["Data","DateTime","Instant"],"Instant"]}],"edInstanceConstraints":[]}}],"efSourceSpan":{"start":[1,1],"name":"/home/dhruv/Final/bower_components/purescript-datetime/src/Data/DateTime/Instant.purs","end":[78,124]}}